sweep,param,x,x2,seed,scheme,utility,utility_per_user,regret,switch_rate,bits,utility_per_bit,loss,cvar,violation_rate,fb_share
critical_share,importance.crit_share,0.0,,1000,Exact,2.097371616337308,0.2621714520421635,0.014288592910379452,0.2326315789473684,94.46736842105263,0.022202075186312654,0.6324545652636863,1.7008196966236193,,0.2326315789473684
critical_share,importance.crit_share,0.0,,1000,Optimised,1.5210179186582875,0.19012723983228594,0.3189849261426822,0.145,256.0,0.0059414762447589356,1.208808262942707,2.7249200665191564,,0.35118421052631577
critical_share,importance.crit_share,0.0,,1000,Proposed,1.7620269789729424,0.2202533723716178,0.22751076925715646,0.16671052631578948,256.0,0.006882917886613056,0.9677992026280521,2.3412705561954517,,0.38026315789473686
critical_share,importance.crit_share,0.0,,1000,Baseline,1.9382601848691305,0.24228252310864132,0.12008567123572814,0.22513157894736843,256.0,0.007571328847145041,0.7915659967318642,2.067284295670015,,0.5
critical_share,importance.crit_share,0.0,,1000,prediction_only,0.6947356264177061,0.08684195330221327,0.7206056522589006,0.0,0.0,,2.035090555183288,3.7250749380457,,0.0
critical_share,importance.crit_share,0.0,,1000,importance_only,1.8625111247786503,0.2328138905973313,0.2209095778542708,0.10789473684210527,256.0,0.007275434081166603,0.8673150568223442,2.1674487337095214,,0.25
critical_share,importance.crit_share,0.0,,1000,snr_threshold,1.49474765682802,0.1868434571035025,0.3164120842292631,0.20111842105263159,256.0,0.005838858034484453,1.2350785247729743,2.79088368554414,,0.5
critical_share,importance.crit_share,0.0,,1000,full_feedback,2.0673645993494865,0.2584205749186858,0.03993362063267675,0.33631578947368423,1024.0,0.002018910741552233,0.6624615822515083,1.7797170746514535,,1.0
critical_share,importance.crit_share,0.0,,1000,Proposed_no_confidence,1.4493991666835513,0.1811748958354439,0.34880201975111014,0.1611842105263158,256.0,0.005661715494857622,1.280427014917443,2.7445189954089977,,0.38894736842105265
critical_share,importance.crit_share,0.0,,1000,Proposed_no_importance,1.5327959684506929,0.1915994960563366,0.3026780059722015,0.1599342105263158,256.0,0.005987484251760519,1.1970302131503017,2.726840608350754,,0.36598684210526317
critical_share,importance.crit_share,0.0,,1001,Exact,2.0465397537401757,0.25581746921752196,0.016742018154850654,0.25203947368421054,101.84421052631579,0.02009480699161947,0.6930480312880195,1.8349277430295772,,0.25203947368421054
critical_share,importance.crit_share,0.0,,1001,Optimised,1.3675288222571034,0.17094110278213792,0.36766053647072955,0.16769736842105262,256.0,0.00534190946194181,1.3720589627710917,2.921943420680665,,0.36296052631578946
critical_share,importance.crit_share,0.0,,1001,Proposed,1.443859391000014,0.18048242387500174,0.3382457587665055,0.17618421052631578,256.0,0.005640075746093804,1.2957283940281812,2.7541217616285256,,0.3728947368421053
critical_share,importance.crit_share,0.0,,1001,Baseline,1.8654725478977654,0.23318406848722067,0.13216296570468095,0.24743421052631578,256.0,0.007287002140225646,0.8741152371304297,2.1967739904346013,,0.5
critical_share,importance.crit_share,0.0,,1001,prediction_only,0.4244138306376027,0.053051728829700336,0.7492178474273327,0.0,0.0,,2.3151739543905925,4.183127875777653,,0.0
critical_share,importance.crit_share,0.0,,1001,importance_only,1.7698073811458401,0.22122592264323002,0.25034637202437143,0.11526315789473685,256.0,0.006913310082600938,0.9697804038823551,2.344348196341687,,0.25
critical_share,importance.crit_share,0.0,,1001,snr_threshold,1.4178664478014062,0.17723330597517578,0.3522023054994815,0.21585526315789474,256.0,0.005538540811724243,1.3217213372267889,2.866964979348749,,0.5
critical_share,importance.crit_share,0.0,,1001,full_feedback,2.0100076634928725,0.25125095793660907,0.04700331991275771,0.36427631578947367,1024.0,0.0019628981088797583,0.7295801215353224,1.902174237207475,,1.0
critical_share,importance.crit_share,0.0,,1001,Proposed_no_confidence,1.1769808607270646,0.14712260759088308,0.4247546218963898,0.18,256.0,0.004597581487215096,1.562606924301131,3.1972382635121837,,0.40480263157894736
critical_share,importance.crit_share,0.0,,1001,Proposed_no_importance,1.360192507570354,0.17002406344629425,0.35073136858068826,0.1655921052631579,256.0,0.0053132519826966955,1.379395277457841,2.942421565595931,,0.36967105263157896
critical_share,importance.crit_share,0.0,,1002,Exact,1.999605735688452,0.2499507169610565,0.017521443146431528,0.24953947368421053,102.01263157894736,0.019601550364289556,0.7126166594102177,1.8027238260305603,,0.24953947368421053
critical_share,importance.crit_share,0.0,,1002,Optimised,1.5922379725258993,0.1990297465657374,0.2857671850697363,0.18348684210526317,256.0,0.006219679580179294,1.1199844225727704,2.5658314579558303,,0.3843421052631579
critical_share,importance.crit_share,0.0,,1002,Proposed,1.5549759930357547,0.19437199912946934,0.2837436475696161,0.19144736842105264,256.0,0.006074124972795917,1.1572464020629147,2.681663965415628,,0.3946710526315789
critical_share,importance.crit_share,0.0,,1002,Baseline,1.8162694172453666,0.22703367715567083,0.13817176905045334,0.24769736842105264,256.0,0.007094802411114713,0.8959529778533029,2.1878302610108267,,0.5
critical_share,importance.crit_share,0.0,,1002,prediction_only,0.466904360219291,0.058363045027411374,0.7455971710641429,0.0,0.0,,2.245318034879378,4.0772012905600485,,0.0
critical_share,importance.crit_share,0.0,,1002,importance_only,1.7388229639605524,0.21735287049506904,0.24812781939305703,0.11796052631578947,256.0,0.006792277202970908,0.9733994311381174,2.3166131906584746,,0.25
critical_share,importance.crit_share,0.0,,1002,snr_threshold,1.26696047889583,0.15837005986197875,0.38764821837489677,0.21947368421052632,256.0,0.004949064370686836,1.4452619162028395,2.8923255034282556,,0.5
critical_share,importance.crit_share,0.0,,1002,full_feedback,1.966217958147624,0.245777244768453,0.04517818146306644,0.3624342105263158,1024.0,0.001920134724753539,0.7460044369510456,1.8929244217678098,,1.0
critical_share,importance.crit_share,0.0,,1002,Proposed_no_confidence,1.0891950135611173,0.13614937669513966,0.4566747242774739,0.18105263157894738,256.0,0.004254668021723114,1.6230273815375522,3.203660959500749,,0.4031578947368421
critical_share,importance.crit_share,0.0,,1002,Proposed_no_importance,1.2838719080544763,0.16048398850680953,0.392881246573264,0.16125,256.0,0.005015124640837798,1.4283504870441937,3.1552884405267565,,0.3536184210526316
critical_share,importance.crit_share,0.0,,1003,Exact,2.063713367839353,0.25796417097991914,0.014032461051295938,0.21986842105263157,89.38105263157895,0.023088935597411264,0.6742847038917368,1.813356048867061,,0.21986842105263157
critical_share,importance.crit_share,0.0,,1003,Optimised,1.6987237687002363,0.21234047108752954,0.24414167743686288,0.15914473684210526,256.0,0.006635639721485298,1.039274303030854,2.4358232602185006,,0.3667763157894737
critical_share,importance.crit_share,0.0,,1003,Proposed,1.675205886531117,0.20940073581638963,0.2507761586008503,0.1605921052631579,256.0,0.006543772994262176,1.062792185199973,2.5057380910330527,,0.3767105263157895
critical_share,importance.crit_share,0.0,,1003,Baseline,1.9109975483992014,0.23887469354990018,0.11829664335683336,0.21572368421052632,256.0,0.007464834173434381,0.8270005233318884,2.160745961070933,,0.5
critical_share,importance.crit_share,0.0,,1003,prediction_only,0.9014416831730289,0.11268021039662861,0.5573427580772633,0.0,0.0,,1.8365563885580611,3.5472573848607913,,0.0
critical_share,importance.crit_share,0.0,,1003,importance_only,1.844746305931453,0.23059328824143163,0.21262843648561758,0.10236842105263158,256.0,0.0072060402575447385,0.8932517657996373,2.23096961404072,,0.25
critical_share,importance.crit_share,0.0,,1003,snr_threshold,1.5970603571635016,0.1996325446454377,0.2493142303825993,0.20144736842105262,256.0,0.006238517020169928,1.140937714567588,2.5968208089898854,,0.5
critical_share,importance.crit_share,0.0,,1003,full_feedback,2.0345325221415598,0.25431656526769497,0.04067995813968809,0.3180921052631579,1024.0,0.001986848166153867,0.7034655495895304,1.878483093381617,,1.0
critical_share,importance.crit_share,0.0,,1003,Proposed_no_confidence,1.4964086903112146,0.18705108628890182,0.3071622201547622,0.15921052631578947,256.0,0.005845346446528182,1.2415893814198755,2.794281129981603,,0.39552631578947367
critical_share,importance.crit_share,0.0,,1003,Proposed_no_importance,1.5369940288102557,0.19212425360128196,0.2881597420949325,0.15236842105263157,256.0,0.006003882925040061,1.2010040429208344,2.6980435884611498,,0.35776315789473684
critical_share,importance.crit_share,0.0,,1004,Exact,2.0747582975409657,0.2593447871926207,0.018145639741857674,0.2536184210526316,103.27578947368421,0.020089493463224858,0.738360183189389,1.8685482422302813,,0.2536184210526316
critical_share,importance.crit_share,0.0,,1004,Optimised,1.6340892115364682,0.20426115144205853,0.2798234931968416,0.17453947368421052,256.0,0.006383160982564329,1.179029269193887,2.7187964245602996,,0.3769078947368421
critical_share,importance.crit_share,0.0,,1004,Proposed,1.6960253646465715,0.21200317058082144,0.2574119483909967,0.1874342105263158,256.0,0.00662509908065067,1.1170931160837836,2.6672465996411483,,0.38835526315789476
critical_share,importance.crit_share,0.0,,1004,Baseline,1.8940228019759782,0.23675285024699727,0.13727697660642776,0.24717105263157896,256.0,0.007398526570218665,0.919095678754377,2.2285938001871335,,0.5
critical_share,importance.crit_share,0.0,,1004,prediction_only,0.4967132115418979,0.06208915144273724,0.814252522006713,0.0,0.0,,2.3164052691884573,4.126418387245907,,0.0
critical_share,importance.crit_share,0.0,,1004,importance_only,1.8110074077922103,0.22637592597402628,0.2448370600745574,0.11546052631578947,256.0,0.007074247686688321,1.0021110729381448,2.351470423409194,,0.25
critical_share,importance.crit_share,0.0,,1004,snr_threshold,1.4129679071248973,0.17662098839061216,0.3780091093893604,0.22131578947368422,256.0,0.00551940588720663,1.400150573605458,2.972457008631745,,0.5
critical_share,importance.crit_share,0.0,,1004,full_feedback,2.0426308810586655,0.2553288601323332,0.044683813348000076,0.35986842105263156,1024.0,0.001994756719783853,0.7704875996716894,1.9298964360566218,,1.0
critical_share,importance.crit_share,0.0,,1004,Proposed_no_confidence,1.3459327604732774,0.16824159505915967,0.37373439388799495,0.18348684210526317,256.0,0.00525754984559874,1.4671857202570775,3.081128232606858,,0.41151315789473686
critical_share,importance.crit_share,0.0,,1004,Proposed_no_importance,1.1291659036519277,0.14114573795649096,0.4327235261232344,0.1561842105263158,256.0,0.004410804311140343,1.6839525770784272,3.36732643786073,,0.36046052631578945
critical_share,importance.crit_share,0.0,,1005,Exact,2.0022750691245066,0.2502843836405633,0.01807435331899928,0.2530263157894737,102.28210526315789,0.019576005636302914,0.7615855733624504,2.0017652653379487,,0.2530263157894737
critical_share,importance.crit_share,0.0,,1005,Optimised,1.524868785767614,0.19060859822095175,0.3006129502991951,0.1844078947368421,256.0,0.005956518694404742,1.2389918567193428,2.8127803697261764,,0.3813815789473684
critical_share,importance.crit_share,0.0,,1005,Proposed,1.5852779406670412,0.19815974258338015,0.2638285249752084,0.18953947368421054,256.0,0.00619249195573063,1.1785827018199158,2.6672300243254106,,0.38980263157894735
critical_share,importance.crit_share,0.0,,1005,Baseline,1.8205734914530765,0.22757168643163456,0.1343981387053042,0.24802631578947368,256.0,0.00711161520098858,0.9432871510338804,2.327056142050892,,0.5
critical_share,importance.crit_share,0.0,,1005,prediction_only,0.5758649315108147,0.07198311643885184,0.7832244373080103,0.0,0.0,,2.187995710976142,3.971606811338451,,0.0
critical_share,importance.crit_share,0.0,,1005,importance_only,1.7370251820068396,0.21712814775085496,0.24898526475919472,0.11947368421052632,256.0,0.006785254617214217,1.026835460480117,2.483846555449825,,0.25
critical_share,importance.crit_share,0.0,,1005,snr_threshold,1.2147875794030054,0.15184844742537568,0.4014156115646517,0.22723684210526315,256.0,0.00474526398204299,1.5490730630839513,3.0785735280977655,,0.5
critical_share,importance.crit_share,0.0,,1005,full_feedback,1.9663702855425882,0.24579628569282352,0.04677746386834928,0.37414473684210525,1024.0,0.0019202834819751838,0.7974903569443689,2.0717340292076565,,1.0
critical_share,importance.crit_share,0.0,,1005,Proposed_no_confidence,1.1345848488338073,0.1418231061042259,0.43089956377127225,0.19486842105263158,256.0,0.00443197206575706,1.6292757936531497,3.2683630111732507,,0.4218421052631579
critical_share,importance.crit_share,0.0,,1005,Proposed_no_importance,1.2418591110170885,0.15523238887713606,0.3735629520636904,0.1825,256.0,0.004851012152410502,1.5220015314698685,3.2120974638699282,,0.38361842105263155
critical_share,importance.crit_share,0.0,,1006,Exact,2.102516745965949,0.26281459324574363,0.014624158430547938,0.23164473684210526,93.50736842105263,0.022485038146925113,0.6437643874997456,1.6916058817790698,,0.23164473684210526
critical_share,importance.crit_share,0.0,,1006,Optimised,1.4914711752369456,0.1864338969046182,0.3378242031847057,0.16269736842105262,256.0,0.005826059278269319,1.254809958228749,2.7936208213193283,,0.3734868421052632
critical_share,importance.crit_share,0.0,,1006,Proposed,1.6320664834128067,0.20400831042660084,0.2804512542098831,0.16447368421052633,256.0,0.006375259700831276,1.1142146500528882,2.6042014846267545,,0.37835526315789475
critical_share,importance.crit_share,0.0,,1006,Baseline,1.9380552832035736,0.2422569104004467,0.12190334409554111,0.22855263157894737,256.0,0.007570528450013959,0.8082258502621211,2.018521403644135,,0.5
critical_share,importance.crit_share,0.0,,1006,prediction_only,0.9094134902515869,0.11367668628144836,0.5872918307729434,0.0,0.0,,1.8368676432141082,3.4754371307607603,,0.0
critical_share,importance.crit_share,0.0,,1006,importance_only,1.8549964665000374,0.23187455831250467,0.2310867238884543,0.10276315789473685,256.0,0.007246079947265771,0.8912846669656573,2.181350499988168,,0.25
critical_share,importance.crit_share,0.0,,1006,snr_threshold,1.4680759618710142,0.18350949523387677,0.3209889402135164,0.20460526315789473,256.0,0.005734671726058649,1.2782051715946803,2.687354597964954,,0.5
critical_share,importance.crit_share,0.0,,1006,full_feedback,2.0718884756714893,0.25898605945893616,0.040302224275746305,0.3319736842105263,1024.0,0.0020233285895229387,0.6743926577942055,1.7533411383319102,,1.0
critical_share,importance.crit_share,0.0,,1006,Proposed_no_confidence,1.4887258985992236,0.18609073732490294,0.32343354901749943,0.1568421052631579,256.0,0.005815335541403217,1.2575552348664714,2.7185774037194372,,0.40210526315789474
critical_share,importance.crit_share,0.0,,1006,Proposed_no_importance,1.463540866095209,0.18294260826190112,0.3372995056208644,0.15480263157894736,256.0,0.00571695650818441,1.2827402673704857,2.8347646399165147,,0.3655263157894737
critical_share,importance.crit_share,0.0,,1007,Exact,2.036142062151429,0.2545177577689286,0.017403500904807825,0.24730263157894736,101.5578947368421,0.020049077104517594,0.6759959292872516,1.754594332563797,,0.24730263157894736
critical_share,importance.crit_share,0.0,,1007,Optimised,1.4321471328178206,0.17901839160222757,0.3278279080014222,0.17934210526315789,256.0,0.005594324737569612,1.2799908586208595,2.8018912817860016,,0.3794736842105263
critical_share,importance.crit_share,0.0,,1007,Proposed,1.5518691850381714,0.19398364812977142,0.2922781444649867,0.18526315789473685,256.0,0.006061989004055357,1.1602688064005084,2.7067667214270164,,0.3873684210526316
critical_share,importance.crit_share,0.0,,1007,Baseline,1.8676116721864433,0.2334514590233054,0.13133604656993497,0.24947368421052632,256.0,0.007295358094478294,0.844526319252237,2.0754895489080196,,0.5
critical_share,importance.crit_share,0.0,,1007,prediction_only,0.49934095843872206,0.06241761980484026,0.7864355383917118,0.0,0.0,,2.2127970329999584,4.074777504759511,,0.0
critical_share,importance.crit_share,0.0,,1007,importance_only,1.7835419101379035,0.22294273876723794,0.24654999425587842,0.11473684210526315,256.0,0.006966960586476186,0.9285960813007766,2.2042583710575046,,0.25
critical_share,importance.crit_share,0.0,,1007,snr_threshold,1.4373839949231402,0.17967299936539252,0.34710040252734703,0.22210526315789475,256.0,0.005614781230168516,1.27475399651554,2.7884575376821683,,0.5
critical_share,importance.crit_share,0.0,,1007,full_feedback,2.000436664264954,0.2500545830331192,0.04523335043571253,0.3568421052631579,1024.0,0.001953551429946244,0.711701327173726,1.8159621608854377,,1.0
critical_share,importance.crit_share,0.0,,1007,Proposed_no_confidence,1.2702722541585592,0.1587840317698199,0.38989248777165514,0.18092105263157895,256.0,0.004962000992806872,1.4418657372801211,3.120686172352458,,0.4027631578947368
critical_share,importance.crit_share,0.0,,1007,Proposed_no_importance,1.4099336139684364,0.17624170174605455,0.3375725671885714,0.16835526315789473,256.0,0.005507553179564205,1.3022043774702439,2.8946397283722507,,0.36914473684210525
critical_share,importance.crit_share,0.0,,1008,Exact,2.044046057737259,0.25550575721715735,0.017534915692764413,0.24736842105263157,99.84,0.02047321772573376,0.723159862205603,1.7770835652609647,,0.24736842105263157
critical_share,importance.crit_share,0.0,,1008,Optimised,1.5600187093581002,0.19500233866976252,0.2944157964290849,0.17328947368421052,256.0,0.006093823083430079,1.2071872105847614,2.737595727686441,,0.37763157894736843
critical_share,importance.crit_share,0.0,,1008,Proposed,1.587078156407682,0.19838476955096024,0.284730952708129,0.17348684210526316,256.0,0.0061995240484675074,1.1801277635351801,2.5773255743083747,,0.38
critical_share,importance.crit_share,0.0,,1008,Baseline,1.875184425606691,0.23439805320083637,0.12922599285702466,0.23848684210526316,256.0,0.007324939162526137,0.8920214943361707,2.025036034896783,,0.5
critical_share,importance.crit_share,0.0,,1008,prediction_only,0.6241097199326942,0.07801371499158677,0.7507884389993759,0.0,0.0,,2.143096200010168,3.8372938046023592,,0.0
critical_share,importance.crit_share,0.0,,1008,importance_only,1.7765308158772117,0.22206635198465147,0.2563839629022485,0.11230263157894736,256.0,0.006939573499520358,0.9906751040656501,2.2790586057040194,,0.25
critical_share,importance.crit_share,0.0,,1008,snr_threshold,1.2420308879257826,0.15525386099072283,0.40199387011888216,0.21855263157894736,256.0,0.0048516831559600885,1.5251750320170794,3.041872896597382,,0.5
critical_share,importance.crit_share,0.0,,1008,full_feedback,2.011646052078937,0.2514557565098671,0.04716073871974619,0.35855263157894735,1024.0,0.001964498097733337,0.7555598678639243,1.8351702159837004,,1.0
critical_share,importance.crit_share,0.0,,1008,Proposed_no_confidence,1.4146522404195483,0.17683153005244354,0.3556156209618096,0.18296052631578946,256.0,0.0055259853141388605,1.3525536795233137,2.760408499806862,,0.4144736842105263
critical_share,importance.crit_share,0.0,,1008,Proposed_no_importance,1.1559711609066603,0.14449639511333254,0.4236835360460841,0.15394736842105264,256.0,0.004515512347291642,1.6112347590362015,3.289563498145584,,0.3561184210526316
critical_share,importance.crit_share,0.0,,1009,Exact,2.050525935851136,0.256315741981392,0.017018312666253217,0.24460526315789474,99.87368421052632,0.020531193497666307,0.6898525383481602,1.7837133401904548,,0.24460526315789474
critical_share,importance.crit_share,0.0,,1009,Optimised,1.5981313326750586,0.19976641658438232,0.27000866286406405,0.1700657894736842,256.0,0.006242700518261948,1.1422471415242375,2.6431313728600716,,0.3744736842105263
critical_share,importance.crit_share,0.0,,1009,Proposed,1.6119037631002682,0.20148797038753352,0.2706572833066771,0.1736842105263158,256.0,0.0062964990746104225,1.128474711099028,2.539711387595582,,0.3769078947368421
critical_share,importance.crit_share,0.0,,1009,Baseline,1.8858325427327738,0.23572906784159672,0.1283026566473793,0.23625,256.0,0.007366533370049898,0.8545459314665221,2.0659431474960717,,0.5
critical_share,importance.crit_share,0.0,,1009,prediction_only,0.5839777922617895,0.07299722403272368,0.7154239369257064,0.0,0.0,,2.1564006819375066,3.813907328122617,,0.0
critical_share,importance.crit_share,0.0,,1009,importance_only,1.7940820500852324,0.22426025626065405,0.24304991242086788,0.11052631578947368,256.0,0.007008133008145439,0.9462964241140635,2.2751687694016547,,0.25
critical_share,importance.crit_share,0.0,,1009,snr_threshold,1.4841373407336758,0.18551716759170947,0.32103055466657404,0.20782894736842106,256.0,0.005797411487240921,1.2562411334656203,2.624206218400388,,0.5
critical_share,importance.crit_share,0.0,,1009,full_feedback,2.021933280096976,0.252741660012122,0.04288974856607558,0.3458552631578947,1024.0,0.001974544218844703,0.7184451941023201,1.8300724878167254,,1.0
critical_share,importance.crit_share,0.0,,1009,Proposed_no_confidence,1.4394055438384548,0.17992569297980684,0.31997008428872853,0.17269736842105263,256.0,0.005622677905618964,1.3009729303608413,2.7044865577456476,,0.39901315789473685
critical_share,importance.crit_share,0.0,,1009,Proposed_no_importance,1.3682354883639127,0.1710294360454891,0.34576681078528365,0.15875,256.0,0.005344669876421534,1.372142985835383,2.9644096822309853,,0.35368421052631577
critical_share,importance.crit_share,0.1,,1000,Exact,1.9367274655103865,0.24209093318879832,0.014531292565444323,0.2325657894736842,94.28210526315789,0.020541835166966633,0.9393499987064216,2.140647232125386,0.9536842105263158,0.2325657894736842
critical_share,importance.crit_share,0.1,,1000,Optimised,1.40211376840506,0.1752642210506325,0.33492688731230547,0.15328947368421053,256.0,0.0054770069078322655,1.4739636958117481,3.0080090195483695,0.9768421052631578,0.3592105263157895
critical_share,importance.crit_share,0.1,,1000,Proposed,1.283602464152801,0.16045030801910012,0.3576847963148156,0.1530921052631579,256.0,0.005014072125596879,1.5924750000640073,3.150086498259509,0.9594736842105264,0.3570394736842105
critical_share,importance.crit_share,0.1,,1000,Baseline,1.7861210635171798,0.22326513293964748,0.12008567123572814,0.22513157894736843,256.0,0.006977035404363984,1.0899564006996283,2.4387103146118565,0.9568421052631579,0.5
critical_share,importance.crit_share,0.1,,1000,prediction_only,0.5409807946828139,0.06762259933535174,0.7206056522589006,0.0,0.0,,2.335096669533994,4.007765195528826,1.0,0.0
critical_share,importance.crit_share,0.1,,1000,importance_only,1.7117484195693837,0.21396855244617297,0.21937432028830842,0.10625,256.0,0.006686517263942905,1.1643290446474246,2.6013376721520394,0.9573684210526315,0.25
critical_share,importance.crit_share,0.1,,1000,snr_threshold,1.4237524947422757,0.17796906184278447,0.3164120842292631,0.20111842105263159,256.0,0.0055615331825870145,1.4523249694745324,2.9727695525377884,0.98,0.5
critical_share,importance.crit_share,0.1,,1000,full_feedback,1.910433475144654,0.23880418439308174,0.03993362063267675,0.33631578947368423,1024.0,0.001865657690570951,0.9656439890721541,2.1940900280265896,0.9536842105263158,1.0
critical_share,importance.crit_share,0.1,,1000,Proposed_no_confidence,1.1335507455050122,0.14169384318812653,0.4129008707347204,0.15763157894736843,256.0,0.004427932599628954,1.742526718711796,3.2952370032995537,0.968421052631579,0.39230263157894735
critical_share,importance.crit_share,0.1,,1000,Proposed_no_importance,1.3644422439061865,0.17055528048827331,0.3244517505600825,0.15230263157894736,256.0,0.005329852515258541,1.5116352203106216,3.008957252770176,0.9736842105263158,0.36078947368421055
critical_share,importance.crit_share,0.1,,1001,Exact,1.8190523887533445,0.22738154859416806,0.016599845214349075,0.25184210526315787,101.5578947368421,0.01791148185443281,1.0394339935725536,2.2794583306414835,0.9594736842105264,0.25184210526315787
critical_share,importance.crit_share,0.1,,1001,Optimised,1.1919615724665031,0.1489951965583129,0.37223216904625767,0.16973684210526316,256.0,0.004656099892447278,1.6665248098593948,3.370203463911792,0.9715789473684211,0.3670394736842105
critical_share,importance.crit_share,0.1,,1001,Proposed,1.374932963465394,0.17186662043317424,0.3123518693047242,0.1775657894736842,256.0,0.005370831888536695,1.4835534188605044,3.0542306742746756,0.9821052631578947,0.375
critical_share,importance.crit_share,0.1,,1001,Baseline,1.6538523898663766,0.20673154873329708,0.13216296570468095,0.24743421052631578,256.0,0.006460360897915534,1.2046339924595215,2.5913481017778346,0.9631578947368421,0.5
critical_share,importance.crit_share,0.1,,1001,prediction_only,0.5509434731578896,0.0688679341447362,0.7492178474273327,0.0,0.0,,2.3075429091680086,4.1560654574436295,0.9957894736842106,0.0
critical_share,importance.crit_share,0.1,,1001,importance_only,1.564632436248193,0.19557905453102412,0.253130531663832,0.11598684210526315,256.0,0.006111845454094504,1.293853946077705,2.779628298481083,0.9663157894736842,0.25
critical_share,importance.crit_share,0.1,,1001,snr_threshold,1.244004233824037,0.1555005292280046,0.3522023054994815,0.21585526315789474,256.0,0.004859391538375144,1.6144821485018608,3.2427906000706823,0.9878947368421053,0.5
critical_share,importance.crit_share,0.1,,1001,full_feedback,1.7866708907864173,0.22333386134830216,0.04700331991275771,0.36427631578947367,1024.0,0.0017447957917836106,1.071815491539481,2.3446698079366333,0.96,1.0
critical_share,importance.crit_share,0.1,,1001,Proposed_no_confidence,1.1811345858652538,0.14764182323315672,0.38409987092614817,0.17664473684210527,256.0,0.0046138069760361475,1.6773517964606441,3.296558209402879,0.9831578947368421,0.4054605263157895
critical_share,importance.crit_share,0.1,,1001,Proposed_no_importance,1.289290322998205,0.1611612903747756,0.33161638087347517,0.16203947368421054,256.0,0.005036290324211738,1.5691960593276935,3.1241121482416117,0.9805263157894737,0.3543421052631579
critical_share,importance.crit_share,0.1,,1002,Exact,1.8076442251104345,0.22595552813880432,0.017440903581701073,0.2494078947368421,102.28210526315789,0.017673122981381864,1.0677600268536391,2.371105651602934,0.9673684210526315,0.2494078947368421
critical_share,importance.crit_share,0.1,,1002,Optimised,1.388418025988939,0.17355225324861737,0.3063738179579685,0.17618421052631578,256.0,0.005423507914019293,1.4869862259751345,3.104313288031662,0.978421052631579,0.37723684210526315
critical_share,importance.crit_share,0.1,,1002,Proposed,1.4501143900401396,0.18126429875501746,0.2720415045653157,0.18296052631578946,256.0,0.0056645093360942955,1.4252898619239343,3.061208397168165,0.978421052631579,0.38625
critical_share,importance.crit_share,0.1,,1002,Baseline,1.634619804559687,0.20432747556996086,0.13817176905045334,0.24769736842105264,256.0,0.006385233611561277,1.240784447404387,2.6630028792802003,0.9689473684210527,0.5
critical_share,importance.crit_share,0.1,,1002,prediction_only,0.6275780827515695,0.07844726034394618,0.7455971710641429,0.0,0.0,,2.2478261692125043,4.116575845494498,1.0,0.0
critical_share,importance.crit_share,0.1,,1002,importance_only,1.5465750207713302,0.19332187759641628,0.2512572222637214,0.11763157894736842,256.0,0.006041308674888009,1.3288292311927432,2.8827070228315534,0.9715789473684211,0.25
critical_share,importance.crit_share,0.1,,1002,snr_threshold,1.225027267944363,0.15312840849304538,0.38764821837489677,0.21947368421052632,256.0,0.004785262765407668,1.6503769840197104,3.2358274182420343,0.9952631578947368,0.5
critical_share,importance.crit_share,0.1,,1002,full_feedback,1.775466254270048,0.221933281783756,0.04517818146306644,0.3624342105263158,1024.0,0.0017338537639355936,1.0999379976940258,2.4467683184917535,0.9673684210526315,1.0
critical_share,importance.crit_share,0.1,,1002,Proposed_no_confidence,0.9486469239461341,0.11858086549326677,0.4624514595080867,0.17875,256.0,0.0037056520466645865,1.9267573280179393,3.7113426043522852,0.9894736842105263,0.40769736842105264
critical_share,importance.crit_share,0.1,,1002,Proposed_no_importance,1.0746896596647264,0.1343362074580908,0.4131430624240994,0.1655921052631579,256.0,0.0041980064830653375,1.8007145922993473,3.5712970375291038,0.9926315789473684,0.36223684210526313
critical_share,importance.crit_share,0.1,,1003,Exact,1.9169226687394865,0.2396153335924358,0.014024498672601686,0.21914473684210525,89.09473684210526,0.02151555452862136,0.9864895239333452,2.193771688299234,0.9168421052631579,0.21914473684210525
critical_share,importance.crit_share,0.1,,1003,Optimised,1.4984669923593978,0.18730837404492473,0.2830685397807183,0.15875,256.0,0.005853386688903898,1.404945200313434,2.996813490718317,0.9563157894736842,0.3676315789473684
critical_share,importance.crit_share,0.1,,1003,Proposed,1.6494564518922976,0.2061820564865372,0.2036841901759359,0.16401315789473683,256.0,0.0064431892652042876,1.2539557407805342,2.6867553825918664,0.9284210526315789,0.37394736842105264
critical_share,importance.crit_share,0.1,,1003,Baseline,1.766481072717546,0.22081013408969324,0.11829664335683336,0.21572368421052632,256.0,0.006900316690302914,1.1369311199552856,2.489346002715502,0.9189473684210526,0.5
critical_share,importance.crit_share,0.1,,1003,prediction_only,0.9783596063641373,0.12229495079551717,0.5573427580772633,0.0,0.0,,1.9250525863086947,3.575653193562555,0.9994736842105263,0.0
critical_share,importance.crit_share,0.1,,1003,importance_only,1.6993187493245392,0.2124148436655674,0.2155179800774359,0.1019078947368421,256.0,0.006637963864548981,1.2040934433482926,2.6041278150838263,0.9226315789473685,0.25
critical_share,importance.crit_share,0.1,,1003,snr_threshold,1.4975305029758186,0.18719131287197732,0.2493142303825993,0.20144736842105262,256.0,0.005849728527249291,1.405881689697013,2.9264600838766808,0.9268421052631579,0.5
critical_share,importance.crit_share,0.1,,1003,full_feedback,1.8893206620793892,0.23616508275992365,0.04067995813968809,0.3180921052631579,1024.0,0.0018450397090619035,1.0140915305934426,2.2476986319479546,0.9178947368421052,1.0
critical_share,importance.crit_share,0.1,,1003,Proposed_no_confidence,1.3541133232974665,0.1692641654121833,0.3285602735990823,0.16144736842105264,256.0,0.005289505169130728,1.5492988693753653,3.153782320479484,0.9642105263157895,0.41
critical_share,importance.crit_share,0.1,,1003,Proposed_no_importance,1.4360512533473968,0.1795064066684246,0.31941865001968095,0.14539473684210527,256.0,0.005609575208388269,1.4673609393254345,3.0070392732334374,0.9752631578947368,0.3557236842105263
critical_share,importance.crit_share,0.1,,1004,Exact,1.8685595907397372,0.23356994884246715,0.01833194629278275,0.2530263157894737,103.27578947368421,0.018092910257692742,1.0607957132065473,2.305136863157204,0.9726315789473684,0.2530263157894737
critical_share,importance.crit_share,0.1,,1004,Optimised,1.4017504055070755,0.17521880068838444,0.31383728490695095,0.17532894736842106,256.0,0.005475587521512014,1.5276048984392085,3.0437504983969217,0.9836842105263158,0.3756578947368421
critical_share,importance.crit_share,0.1,,1004,Proposed,1.4366850469754302,0.17958563087192878,0.30324715017297843,0.18138157894736842,256.0,0.005612050964747774,1.492670256970854,2.966051303066962,0.9852631578947368,0.38092105263157894
critical_share,importance.crit_share,0.1,,1004,Baseline,1.6931363632917256,0.2116420454114657,0.13727697660642776,0.24717105263157896,256.0,0.006613813919108303,1.2362189406545583,2.628607180850192,0.9747368421052631,0.5
critical_share,importance.crit_share,0.1,,1004,prediction_only,0.26813458982641336,0.03351682372830167,0.814252522006713,0.0,0.0,,2.661220714119871,4.549266485213071,1.0,0.0
critical_share,importance.crit_share,0.1,,1004,importance_only,1.6001405659263237,0.20001757074079046,0.2498575602747877,0.11296052631578947,256.0,0.006250549085649702,1.3292147380199604,2.7830716113597243,0.9747368421052631,0.25
critical_share,importance.crit_share,0.1,,1004,snr_threshold,1.1560297868529166,0.14450372335661457,0.3780091093893604,0.22131578947368422,256.0,0.004515741354894205,1.773325517093368,3.4306418475863443,0.9826315789473684,0.5
critical_share,importance.crit_share,0.1,,1004,full_feedback,1.8351240064472125,0.22939050080590156,0.044683813348000076,0.35986842105263156,1024.0,0.001792113287546106,1.0942312974990716,2.365708238359627,0.9726315789473684,1.0
critical_share,importance.crit_share,0.1,,1004,Proposed_no_confidence,0.9548226067580021,0.11935282584475027,0.5113641695987554,0.16342105263157894,256.0,0.003729775807648446,1.9745326971882817,3.699428512848493,0.998421052631579,0.38625
critical_share,importance.crit_share,0.1,,1004,Proposed_no_importance,1.1313885905359122,0.14142357381698903,0.4030691860926148,0.15361842105263157,256.0,0.004419486681780907,1.7979667134103718,3.4470682244554287,0.9852631578947368,0.3580263157894737
critical_share,importance.crit_share,0.1,,1005,Exact,1.7969330668168693,0.22461663335210866,0.01843937233424834,0.2534868421052632,102.72,0.017493507270413447,1.0365466675509436,2.354913442928117,0.9821052631578947,0.2534868421052632
critical_share,importance.crit_share,0.1,,1005,Optimised,1.3986277243981347,0.17482846554976683,0.3362860401919875,0.17809210526315788,256.0,0.0054633895484302135,1.4348520099696782,3.049966737998384,0.998421052631579,0.37703947368421054
critical_share,importance.crit_share,0.1,,1005,Proposed,1.332522638455743,0.16656532980696787,0.34297436226697064,0.18203947368421053,256.0,0.005205166556467746,1.50095709591207,3.1076081039606316,0.9963157894736843,0.3821052631578947
critical_share,importance.crit_share,0.1,,1005,Baseline,1.6288344066183014,0.20360430082728767,0.1343981387053042,0.24802631578947368,256.0,0.00636263440085274,1.2046453277495115,2.6948701208643735,0.9826315789473684,0.5
critical_share,importance.crit_share,0.1,,1005,prediction_only,0.34972860150234475,0.043716075187793094,0.7832244373080103,0.0,0.0,,2.483751132865468,4.420958966299162,1.0,0.0
critical_share,importance.crit_share,0.1,,1005,importance_only,1.538896910110865,0.19236211376385812,0.2516563965587117,0.11875,256.0,0.006011316055120566,1.2945828242569477,2.8819250036716526,0.9842105263157894,0.25
critical_share,importance.crit_share,0.1,,1005,snr_threshold,1.0312786803020841,0.12890983503776052,0.4014156115646517,0.22723684210526315,256.0,0.004028432344930016,1.8022010540657285,3.492862337984292,0.9836842105263158,0.5
critical_share,importance.crit_share,0.1,,1005,full_feedback,1.7634022322441074,0.22042527903051343,0.04677746386834928,0.37414473684210525,1024.0,0.0017220724924258861,1.070077502123706,2.4401264998379775,0.9821052631578947,1.0
critical_share,importance.crit_share,0.1,,1005,Proposed_no_confidence,1.0295176755192437,0.12868970943990546,0.4663978922184936,0.17703947368421052,256.0,0.004021553419997046,1.8039620588485692,3.4878772772503486,0.9973684210526316,0.40809210526315787
critical_share,importance.crit_share,0.1,,1005,Proposed_no_importance,1.0737760918114794,0.13422201147643492,0.4165923103431321,0.16230263157894737,256.0,0.004194437858638591,1.7597036425563335,3.505779119895737,0.9963157894736843,0.3649342105263158
critical_share,importance.crit_share,0.1,,1006,Exact,1.8809647865251002,0.23512059831563753,0.014785364575597409,0.23078947368421052,93.05263157894737,0.020213988090484674,0.9783668325030952,2.232629597433232,0.9252631578947368,0.23078947368421052
critical_share,importance.crit_share,0.1,,1006,Optimised,1.4494109557542993,0.18117636946928742,0.31241446934659106,0.16157894736842104,256.0,0.005661761545915232,1.4099206632738959,2.989758220200776,0.9505263157894737,0.37407894736842107
critical_share,importance.crit_share,0.1,,1006,Proposed,1.4680257918791966,0.18350322398489957,0.2774491915111151,0.16756578947368422,256.0,0.005734475749528112,1.391305827148999,2.9561022716554293,0.9394736842105263,0.3817105263157895
critical_share,importance.crit_share,0.1,,1006,Baseline,1.7298501368441368,0.2162312671055171,0.12190334409554111,0.22855263157894737,256.0,0.006757227097047409,1.1294814821840589,2.5435249266987077,0.93,0.5
critical_share,importance.crit_share,0.1,,1006,prediction_only,0.7847797815398608,0.0980974726924826,0.5872918307729434,0.0,0.0,,2.0745518374883347,3.815238801252249,0.9610526315789474,0.0
critical_share,importance.crit_share,0.1,,1006,importance_only,1.6428959295593648,0.2053619911949206,0.23242643295693893,0.10236842105263158,256.0,0.006417562224841269,1.2164356894688306,2.6452682403946572,0.9284210526315789,0.25
critical_share,importance.crit_share,0.1,,1006,snr_threshold,1.2579247737456616,0.1572405967182077,0.3209889402135164,0.20460526315789473,256.0,0.0049137686474439906,1.6014068452825336,3.2319539140712137,0.9278947368421052,0.5
critical_share,importance.crit_share,0.1,,1006,full_feedback,1.8522064266354745,0.23152580332943432,0.040302224275746305,0.3319736842105263,1024.0,0.0018087953385112056,1.0071251923927207,2.276830155883147,0.9257894736842105,1.0
critical_share,importance.crit_share,0.1,,1006,Proposed_no_confidence,1.129264351921682,0.14115804399021026,0.42029969868332523,0.1782236842105263,256.0,0.0044111888746940706,1.730067267106513,3.5213449040691915,0.958421052631579,0.41592105263157897
critical_share,importance.crit_share,0.1,,1006,Proposed_no_importance,1.4315437787766032,0.1789429723470754,0.29890076106226704,0.1574342105263158,256.0,0.005591967885846106,1.427787840251592,2.9460869851968177,0.9626315789473684,0.3649342105263158
critical_share,importance.crit_share,0.1,,1007,Exact,1.8316234070423758,0.22895292588029698,0.01738103864520763,0.2475,101.57473684210527,0.018032273220550666,0.9815288896893581,2.1790046490349106,0.9447368421052632,0.2475
critical_share,importance.crit_share,0.1,,1007,Optimised,1.2686594416160397,0.15858243020200496,0.34711543423426877,0.16532894736842105,256.0,0.004955700943812655,1.5444928551156938,3.1495849993137552,0.9563157894736842,0.3742105263157895
critical_share,importance.crit_share,0.1,,1007,Proposed,1.3140224521096,0.1642528065137,0.3215972026068205,0.16736842105263158,256.0,0.005132900203553125,1.4991298446221337,3.1149992063876333,0.9705263157894737,0.37282894736842104
critical_share,importance.crit_share,0.1,,1007,Baseline,1.6700231460046062,0.20875289325057578,0.13133604656993497,0.24947368421052632,256.0,0.006523527914080493,1.1431291507271273,2.4882681871681966,0.9489473684210527,0.5
critical_share,importance.crit_share,0.1,,1007,prediction_only,0.2471841645016927,0.030898020562711587,0.7864355383917118,0.0,0.0,,2.565968132230041,4.528027843334798,0.9768421052631578,0.0
critical_share,importance.crit_share,0.1,,1007,importance_only,1.5712919660202185,0.1964114957525273,0.2473565331059738,0.11269736842105263,256.0,0.006137859242266478,1.2418603307115155,2.678814073955131,0.9521052631578948,0.25
critical_share,importance.crit_share,0.1,,1007,snr_threshold,1.1690156351759378,0.14612695439699222,0.34710040252734703,0.22210526315789475,256.0,0.004566467324906007,1.644136661555796,3.2342670633233244,0.9757894736842105,0.5
critical_share,importance.crit_share,0.1,,1007,full_feedback,1.7991754788246492,0.22489693485308115,0.04523335043571253,0.3568421052631579,1024.0,0.0017570073035396965,1.0139768179070847,2.2371846421697086,0.9452631578947368,1.0
critical_share,importance.crit_share,0.1,,1007,Proposed_no_confidence,1.074472552975468,0.1343090691219335,0.4005644462989147,0.1692763157894737,256.0,0.004197158410060422,1.7386797437562658,3.41582825200045,0.9731578947368421,0.3925
critical_share,importance.crit_share,0.1,,1007,Proposed_no_importance,1.0872137062175338,0.13590171327719172,0.44877003698170675,0.15144736842105264,256.0,0.004246928539912241,1.7259385905142002,3.412794580826318,0.9910526315789474,0.35019736842105265
critical_share,importance.crit_share,0.1,,1008,Exact,1.83277327373549,0.22909665921693625,0.017815065264691076,0.24782894736842107,99.87368421052632,0.01835091283778157,1.0527551396589927,2.2648170400471472,0.9805263157894737,0.24782894736842107
critical_share,importance.crit_share,0.1,,1008,Optimised,1.2393065885588617,0.1549133235698577,0.35484607832910914,0.165,256.0,0.004841041361558053,1.6462218248356213,3.248198746425972,0.9926315789473684,0.3693421052631579
critical_share,importance.crit_share,0.1,,1008,Proposed,1.4217546829083565,0.17771933536354456,0.29401649634383126,0.16730263157894737,256.0,0.0055537292301107676,1.4637737304861262,2.949772086231497,0.9894736842105263,0.37276315789473685
critical_share,importance.crit_share,0.1,,1008,Baseline,1.674221465049283,0.20927768313116038,0.12922599285702466,0.23848684210526316,256.0,0.006539927597848762,1.2113069483451997,2.533593826375903,0.9815789473684211,0.5
critical_share,importance.crit_share,0.1,,1008,prediction_only,0.4616914034171804,0.05771142542714755,0.7507884389993759,0.0,0.0,,2.423837009977303,4.147725257973012,1.0,0.0
critical_share,importance.crit_share,0.1,,1008,importance_only,1.568155261337861,0.19601940766723264,0.2628070669911096,0.11361842105263158,256.0,0.00612560648960102,1.3173731520566219,2.755660812655156,0.9821052631578947,0.25
critical_share,importance.crit_share,0.1,,1008,snr_threshold,1.0629225468680084,0.13286531835850104,0.40199387011888216,0.21855263157894736,256.0,0.004152041198703158,1.8226058665264746,3.4426420270424924,0.9821052631578947,0.5
critical_share,importance.crit_share,0.1,,1008,full_feedback,1.8011693245042777,0.2251461655630347,0.04716073871974619,0.35855263157894735,1024.0,0.0017589544184612087,1.084359088890205,2.3253809975121285,0.9805263157894737,1.0
critical_share,importance.crit_share,0.1,,1008,Proposed_no_confidence,1.1251874237594892,0.14064842796993615,0.3928893055265179,0.1781578947368421,256.0,0.004395263374060505,1.7603409896349933,3.406957913188664,0.9936842105263158,0.405
critical_share,importance.crit_share,0.1,,1008,Proposed_no_importance,1.1192969097783714,0.13991211372229642,0.4094749077005372,0.16125,256.0,0.004372253553821763,1.7662315036161118,3.389132570866032,0.9926315789473684,0.36177631578947367
critical_share,importance.crit_share,0.1,,1009,Exact,1.8813845675367642,0.23517307094209552,0.017162479877445843,0.24368421052631578,99.48631578947368,0.018910988437023088,1.001716305918861,2.2128082375810463,0.9021052631578947,0.24368421052631578
critical_share,importance.crit_share,0.1,,1009,Optimised,1.4508749224457371,0.18135936530571714,0.28314991079740315,0.16440789473684211,256.0,0.005667480165803661,1.432225951009888,2.896401267082923,0.9110526315789473,0.3707236842105263
critical_share,importance.crit_share,0.1,,1009,Proposed,1.4156614980193307,0.17695768725241634,0.29195224100641093,0.16703947368421052,256.0,0.005529927726638011,1.4674393754362947,2.946605907385525,0.9147368421052632,0.37546052631578947
critical_share,importance.crit_share,0.1,,1009,Baseline,1.7217099158256692,0.21521373947820865,0.1283026566473793,0.23625,256.0,0.0067254293586940204,1.161390957629956,2.4971024065633856,0.9110526315789473,0.5
critical_share,importance.crit_share,0.1,,1009,prediction_only,0.5006484684900202,0.06258105856125253,0.7154239369257064,0.0,0.0,,2.3824524049656053,4.095103077612044,0.9221052631578948,0.0
critical_share,importance.crit_share,0.1,,1009,importance_only,1.6293735447231263,0.2036716930903908,0.24013288435774952,0.10828947368421053,256.0,0.006364740409074712,1.2537273287324988,2.725346298543288,0.9094736842105263,0.25
critical_share,importance.crit_share,0.1,,1009,snr_threshold,1.279931763339136,0.159991470417392,0.32103055466657404,0.20782894736842106,256.0,0.0049997334505435,1.603169110116489,3.0987979013094225,0.9210526315789473,0.5
critical_share,importance.crit_share,0.1,,1009,full_feedback,1.8508493128496113,0.2313561641062014,0.04288974856607558,0.3458552631578947,1024.0,0.0018074700320796985,1.0322515606060143,2.2790199490798733,0.9026315789473685,1.0
critical_share,importance.crit_share,0.1,,1009,Proposed_no_confidence,1.014272726005887,0.12678409075073588,0.4885836366760699,0.16842105263157894,256.0,0.003962002835960496,1.8688281474497384,3.4001786082234626,1.0,0.39401315789473684
critical_share,importance.crit_share,0.1,,1009,Proposed_no_importance,1.3312756186455552,0.1664094523306944,0.30785172041657183,0.1643421052631579,256.0,0.0052002953853342,1.5518252548100702,3.028096675634759,0.9221052631578948,0.36157894736842106
critical_share,importance.crit_share,0.25,,1000,Exact,1.8053654422422754,0.22567068028028442,0.014349382607280881,0.23217105263157894,94.33263157894737,0.019138291935928423,1.1821696745678199,2.4708527819897004,0.9636842105263158,0.23217105263157894
critical_share,importance.crit_share,0.25,,1000,Optimised,1.4663726067492362,0.18329657584365452,0.2991802019327406,0.15578947368421053,256.0,0.005728017995114204,1.5211625100608592,2.9746664591160235,0.9810526315789474,0.3655263157894737
critical_share,importance.crit_share,0.25,,1000,Proposed,1.438556545963122,0.17981956824539025,0.2973011720184804,0.15296052631578946,256.0,0.005619361507668445,1.5489785708469732,3.034000164739782,0.9776315789473684,0.3646052631578947
critical_share,importance.crit_share,0.25,,1000,Baseline,1.6590837803028435,0.20738547253785544,0.12008567123572814,0.22513157894736843,256.0,0.0064807960168079826,1.328451336507252,2.7671905953157125,0.966842105263158,0.5
critical_share,importance.crit_share,0.25,,1000,prediction_only,0.5604923230584768,0.0700615403823096,0.7206056522589006,0.0,0.0,,2.4270427937516184,4.111369390210274,0.9981578947368421,0.0
critical_share,importance.crit_share,0.25,,1000,importance_only,1.5855509662113003,0.19819387077641254,0.2214916340838084,0.10546052631578948,256.0,0.006193558461762892,1.401984150598795,2.882312622428202,0.966842105263158,0.25
critical_share,importance.crit_share,0.25,,1000,snr_threshold,1.2851930576213395,0.16064913220266744,0.3164120842292631,0.20111842105263159,256.0,0.0050202853813333575,1.7023420591887555,3.257702189639551,0.983421052631579,0.5
critical_share,importance.crit_share,0.25,,1000,full_feedback,1.7798132677326755,0.22247665846658443,0.03993362063267675,0.33631578947368423,1024.0,0.0017380988942701909,1.2077218490774195,2.523089830328595,0.9639473684210527,1.0
critical_share,importance.crit_share,0.25,,1000,Proposed_no_confidence,1.1920536668895898,0.14900670836119873,0.3674680987403058,0.14519736842105263,256.0,0.00465645963628746,1.7954814499205052,3.429986945967094,0.9768421052631578,0.3678947368421053
critical_share,importance.crit_share,0.25,,1000,Proposed_no_importance,1.1094113645169164,0.13867642056461454,0.42393539008727155,0.1367763157894737,256.0,0.0043336381426442045,1.878123752293179,3.5132322535988534,0.9839473684210527,0.3373684210526316
critical_share,importance.crit_share,0.25,,1001,Exact,1.731231901264171,0.21640398765802138,0.016851685646996704,0.2513815789473684,101.79368421052632,0.01700726243176045,1.2571302227730667,2.620723678136309,0.9644736842105263,0.2513815789473684
critical_share,importance.crit_share,0.25,,1001,Optimised,1.0730611013396074,0.13413263766745093,0.41579465895939083,0.14598684210526316,256.0,0.0041916449271078415,1.9153010226976301,3.563312736438105,0.9844736842105263,0.34098684210526314
critical_share,importance.crit_share,0.25,,1001,Proposed,1.3426748091782386,0.16783435114727982,0.3074628833227006,0.17203947368421052,256.0,0.005244823473352494,1.645687314858999,3.270106274352275,0.9781578947368421,0.37282894736842104
critical_share,importance.crit_share,0.25,,1001,Baseline,1.5755128510544714,0.19693910638180892,0.13216296570468095,0.24743421052631578,256.0,0.006154347074431529,1.4128492729827662,2.892890276624893,0.9678947368421053,0.5
critical_share,importance.crit_share,0.25,,1001,prediction_only,0.28560402231742243,0.035700502789677804,0.7492178474273327,0.0,0.0,,2.702758101719815,4.6119984761858595,0.9928947368421053,0.0
critical_share,importance.crit_share,0.25,,1001,importance_only,1.4689538651093048,0.1836192331386631,0.25717132593960335,0.11578947368421053,256.0,0.005738101035583222,1.519408258927933,3.0666937577505213,0.9723684210526315,0.25
critical_share,importance.crit_share,0.25,,1001,snr_threshold,1.2047807583448966,0.15059759479311208,0.3522023054994815,0.21585526315789474,256.0,0.004706174837284752,1.7835813656923412,3.4171017085451347,0.9813157894736843,0.5
critical_share,importance.crit_share,0.25,,1001,full_feedback,1.7021851489786748,0.21277314362233435,0.04700331991275771,0.36427631578947367,1024.0,0.001662290184549487,1.2861769750585628,2.676673491403858,0.965,1.0
critical_share,importance.crit_share,0.25,,1001,Proposed_no_confidence,1.0500836893377243,0.13126046116721554,0.43330645531136197,0.17809210526315788,256.0,0.004101889411475486,1.9382784346995137,3.6016110750056582,0.9852631578947368,0.40651315789473685
critical_share,importance.crit_share,0.25,,1001,Proposed_no_importance,1.0188425175334892,0.12735531469168615,0.44796408905029883,0.15236842105263157,256.0,0.003979853584115192,1.9695196065037486,3.715532231024674,0.9855263157894737,0.3468421052631579
critical_share,importance.crit_share,0.25,,1002,Exact,1.7257682392179963,0.21572102990224953,0.01767883453958708,0.25026315789473685,102.73684210526316,0.01679794904976533,1.2752381479130002,2.620531050558402,0.9613157894736842,0.25026315789473685
critical_share,importance.crit_share,0.25,,1002,Optimised,1.332336680226316,0.1665420850282895,0.3330254755188773,0.16565789473684212,256.0,0.0052044401571340465,1.6686697069046803,3.332207423024716,0.9821052631578947,0.3659210526315789
critical_share,importance.crit_share,0.25,,1002,Proposed,1.349787708874194,0.16872346360927426,0.32043920866612563,0.17269736842105263,256.0,0.005272608237789821,1.6512186782568017,3.281983382075786,0.9815789473684211,0.3773684210526316
critical_share,importance.crit_share,0.25,,1002,Baseline,1.5584610205570695,0.19480762756963368,0.13817176905045334,0.24769736842105264,256.0,0.006087738361551053,1.4425453665739267,2.9219802587006867,0.9639473684210527,0.5
critical_share,importance.crit_share,0.25,,1002,prediction_only,0.3395303770377915,0.042441297129723936,0.7455971710641429,0.0,0.0,,2.6614760100932044,4.685946666565714,0.9939473684210526,0.0
critical_share,importance.crit_share,0.25,,1002,importance_only,1.4694633134966046,0.18368291418707558,0.2486869691329156,0.11710526315789474,256.0,0.005740091068346112,1.5315430736343916,3.1200846326630143,0.9681578947368421,0.25
critical_share,importance.crit_share,0.25,,1002,snr_threshold,1.0999149089682903,0.13748936362103628,0.38764821837489677,0.21947368421052632,256.0,0.004296542613157384,1.9010914781627062,3.5457871204323554,0.9863157894736843,0.5
critical_share,importance.crit_share,0.25,,1002,full_feedback,1.6956414489557743,0.21195518111947179,0.04517818146306644,0.3624342105263158,1024.0,0.0016558998524958733,1.305364938175222,2.702766797591136,0.9613157894736842,1.0
critical_share,importance.crit_share,0.25,,1002,Proposed_no_confidence,0.8907617900097787,0.11134522375122234,0.4894950035266008,0.1531578947368421,256.0,0.003479538242225698,2.110244597121217,4.059492166331276,0.9857894736842105,0.37144736842105264
critical_share,importance.crit_share,0.25,,1002,Proposed_no_importance,1.1026967294033894,0.13783709117542367,0.41317588778207437,0.15052631578947367,256.0,0.00430740909923199,1.8983096577276068,3.6776442193889123,0.9955263157894737,0.34578947368421054
critical_share,importance.crit_share,0.25,,1003,Exact,1.806907984887754,0.22586349811096926,0.014176476070255814,0.21921052631578947,89.07789473684211,0.020284583400020872,1.2531244448989742,2.5596620265526657,0.9460526315789474,0.21921052631578947
critical_share,importance.crit_share,0.25,,1003,Optimised,1.447208403216085,0.18090105040201063,0.29516955473380346,0.14703947368421053,256.0,0.005653157825062832,1.612824026570643,3.1016916542418485,0.9765789473684211,0.35519736842105265
critical_share,importance.crit_share,0.25,,1003,Proposed,1.4878305016484152,0.1859788127060519,0.2789653801883809,0.14638157894736842,256.0,0.005811837897064122,1.5722019281383133,3.0880275385699667,0.9742105263157895,0.3507236842105263
critical_share,importance.crit_share,0.25,,1003,Baseline,1.6727796479947878,0.20909745599934848,0.11829664335683336,0.21572368421052632,256.0,0.00653429549997964,1.3872527817919407,2.8285981215410687,0.9476315789473684,0.5
critical_share,importance.crit_share,0.25,,1003,prediction_only,0.8849159670533857,0.11061449588167321,0.5573427580772633,0.0,0.0,,2.1751164627333424,3.8075067696186378,0.9997368421052631,0.0
critical_share,importance.crit_share,0.25,,1003,importance_only,1.6033413267647867,0.20041766584559834,0.21829621363776566,0.10269736842105263,256.0,0.006263052057674948,1.4566911030219418,2.929505296168186,0.9502631578947368,0.25
critical_share,importance.crit_share,0.25,,1003,snr_threshold,1.4643770473390532,0.18304713091738165,0.2493142303825993,0.20144736842105262,256.0,0.005720222841168176,1.5956553824476756,3.1752689026472343,0.9563157894736842,0.5
critical_share,importance.crit_share,0.25,,1003,full_feedback,1.7811337134035174,0.22264171417543968,0.04067995813968809,0.3180921052631579,1024.0,0.0017393883919956225,1.278898716383211,2.619191438520998,0.9465789473684211,1.0
critical_share,importance.crit_share,0.25,,1003,Proposed_no_confidence,1.282701704676205,0.16033771308452563,0.3457008733979974,0.1505921052631579,256.0,0.005010553533891426,1.7773307251105235,3.335847675500552,0.9771052631578947,0.3948684210526316
critical_share,importance.crit_share,0.25,,1003,Proposed_no_importance,1.3703577074910835,0.17129471343638544,0.30677761176067175,0.1405921052631579,256.0,0.005352959794887045,1.689674722295645,3.2182074087807595,0.9773684210526316,0.34592105263157896
critical_share,importance.crit_share,0.25,,1004,Exact,1.7474676798833826,0.21843345998542282,0.018059737340948488,0.2534868421052632,103.17473684210526,0.016936972493156358,1.297773910463806,2.602018787100957,0.9757894736842105,0.2534868421052632
critical_share,importance.crit_share,0.25,,1004,Optimised,1.2978631519161903,0.16223289398952379,0.33193241862897227,0.1655263157894737,256.0,0.005069777937172618,1.7473784384309985,3.3694561872385833,0.9878947368421053,0.35927631578947367
critical_share,importance.crit_share,0.25,,1004,Proposed,1.2466835441864694,0.15583544302330868,0.34965997601996907,0.15828947368421054,256.0,0.004869857594478396,1.798558046160719,3.483665174549481,0.9863157894736843,0.3561184210526316
critical_share,importance.crit_share,0.25,,1004,Baseline,1.595188579779158,0.19939857247239476,0.13727697660642776,0.24717105263157896,256.0,0.006231205389762336,1.4500530105680307,2.9004012849456573,0.9768421052631578,0.5
critical_share,importance.crit_share,0.25,,1004,prediction_only,0.48934638578060435,0.061168298222575544,0.814252522006713,0.0,0.0,,2.5558952045665846,4.35293882336523,1.0,0.0
critical_share,importance.crit_share,0.25,,1004,importance_only,1.4971398193883514,0.18714247742354392,0.2528590399915057,0.11342105263157895,256.0,0.005848202419485748,1.5481017709588372,3.077116323863757,0.9773684210526316,0.25
critical_share,importance.crit_share,0.25,,1004,snr_threshold,1.1510523345572117,0.14388154181965146,0.3780091093893604,0.22131578947368422,256.0,0.004496298181864108,1.8941892557899769,3.556066683213005,0.9821052631578947,0.5
critical_share,importance.crit_share,0.25,,1004,full_feedback,1.720293595081942,0.21503669938524275,0.044683813348000076,0.35986842105263156,1024.0,0.001679974213947209,1.3249479952652465,2.6478382196574066,0.9757894736842105,1.0
critical_share,importance.crit_share,0.25,,1004,Proposed_no_confidence,0.7631600011276695,0.09539500014095868,0.5208224491471464,0.16046052631578947,256.0,0.002981093754404959,2.282081589219519,4.0717838079814594,0.9876315789473684,0.38710526315789473
critical_share,importance.crit_share,0.25,,1004,Proposed_no_importance,1.189854136646331,0.1487317670807914,0.39798316985971005,0.14861842105263157,256.0,0.004647867721274731,1.8553874537008572,3.4200828890800663,0.9926315789473684,0.3460526315789474
critical_share,importance.crit_share,0.25,,1005,Exact,1.6609612413744153,0.2076201551718019,0.01806534855383308,0.2530263157894737,102.50105263157894,0.016204333504207347,1.2917474758007295,2.677461007286255,0.983421052631579,0.2530263157894737
critical_share,importance.crit_share,0.25,,1005,Optimised,1.2387494961659347,0.15484368702074183,0.3329061312893021,0.16105263157894736,256.0,0.004838865219398182,1.71395922100921,3.2966345972261486,0.99,0.3542105263157895
critical_share,importance.crit_share,0.25,,1005,Proposed,1.3249720218250876,0.16562150272813594,0.31308474327472585,0.1688157894736842,256.0,0.005175671960254248,1.6277366953500572,3.219980892799607,0.9936842105263158,0.36447368421052634
critical_share,importance.crit_share,0.25,,1005,Baseline,1.5095458317715877,0.18869322897144847,0.1343981387053042,0.24802631578947368,256.0,0.005896663405357765,1.4431628854035567,2.976404552728109,0.9836842105263158,0.5
critical_share,importance.crit_share,0.25,,1005,prediction_only,0.5733629976063688,0.0716703747007961,0.7832244373080103,0.0,0.0,,2.379345719568776,4.158392469245509,1.0,0.0
critical_share,importance.crit_share,0.25,,1005,importance_only,1.4132416487425221,0.17665520609281526,0.25746391805804497,0.11802631578947369,256.0,0.005520475190400477,1.5394670684326226,3.1524560114096687,0.9852631578947368,0.25
critical_share,importance.crit_share,0.25,,1005,snr_threshold,0.9017093326614344,0.1127136665826793,0.4014156115646517,0.22723684210526315,256.0,0.003522302080708728,2.05099938451371,3.706204508790907,0.9842105263157894,0.5
critical_share,importance.crit_share,0.25,,1005,full_feedback,1.6314723153716781,0.20393403942145977,0.04677746386834928,0.37414473684210525,1024.0,0.0015932346829801544,1.3212364018034666,2.738660156012136,0.983421052631579,1.0
critical_share,importance.crit_share,0.25,,1005,Proposed_no_confidence,1.1709491978898223,0.1463686497362278,0.3796780162015429,0.17467105263157895,256.0,0.0045740203042571185,1.7817595192853224,3.3935103646528155,0.995,0.3948684210526316
critical_share,importance.crit_share,0.25,,1005,Proposed_no_importance,1.106315928686723,0.13828949108584038,0.4017419387150056,0.15848684210526315,256.0,0.004321546596432512,1.8463927884884217,3.4776647679130686,0.9955263157894737,0.3474342105263158
critical_share,importance.crit_share,0.25,,1006,Exact,1.802839922047982,0.22535499025599776,0.014827500656024313,0.23125,93.25473684210526,0.01933242195622159,1.1840677903765382,2.46455984181153,0.9507894736842105,0.23125
critical_share,importance.crit_share,0.25,,1006,Optimised,1.385616317720893,0.17320203971511164,0.3545668590684956,0.1568421052631579,256.0,0.005412563741097239,1.6012913947036271,3.0297243729382095,0.9905263157894737,0.3625
critical_share,importance.crit_share,0.25,,1006,Proposed,1.4410727489311863,0.1801340936163983,0.2785481607882808,0.15901315789473683,256.0,0.0056291904255124465,1.5458349634933337,3.025657421898788,0.9610526315789474,0.37335526315789475
critical_share,importance.crit_share,0.25,,1006,Baseline,1.659760170863515,0.20747002135793938,0.12190334409554111,0.22855263157894737,256.0,0.0064834381674356055,1.3271475415610052,2.7184166363774604,0.953421052631579,0.5
critical_share,importance.crit_share,0.25,,1006,prediction_only,0.6937941623659234,0.08672427029574042,0.5872918307729434,0.0,0.0,,2.2931135500585964,4.038054667579697,0.9771052631578947,0.0
critical_share,importance.crit_share,0.25,,1006,importance_only,1.5672551979867062,0.19590689974833828,0.22923089370035554,0.10355263157894737,256.0,0.006122090617135571,1.4196525144378136,2.8729260757310384,0.9547368421052631,0.25
critical_share,importance.crit_share,0.25,,1006,snr_threshold,1.252789655098296,0.156598706887287,0.3209889402135164,0.20460526315789473,256.0,0.004893709590227719,1.7341180573262238,3.348757480505524,0.9573684210526315,0.5
critical_share,importance.crit_share,0.25,,1006,full_feedback,1.7772534166144163,0.22215667707680203,0.040302224275746305,0.3319736842105263,1024.0,0.0017355990396625159,1.2096542958101038,2.501231569518583,0.9510526315789474,1.0
critical_share,importance.crit_share,0.25,,1006,Proposed_no_confidence,1.1685011870234625,0.1460626483779328,0.3919477090717933,0.1367763157894737,256.0,0.0045644577618104,1.8184065254010575,3.387948780447908,0.9773684210526316,0.3656578947368421
critical_share,importance.crit_share,0.25,,1006,Proposed_no_importance,1.1275791820960057,0.14094739776200071,0.42357936709608746,0.13453947368421051,256.0,0.004404606180062522,1.8593285303285143,3.5022996973057285,0.9847368421052631,0.3355921052631579
critical_share,importance.crit_share,0.25,,1007,Exact,1.7016309679582864,0.2127038709947858,0.017432356096278582,0.24736842105263157,101.37263157894736,0.01678590110026969,1.1997538683192939,2.511288325853709,0.9576315789473684,0.24736842105263157
critical_share,importance.crit_share,0.25,,1007,Optimised,1.3152529935640838,0.16440662419551047,0.330146807455792,0.1725657894736842,256.0,0.005137707006109702,1.5861318427134963,3.1701083657602034,0.9828947368421053,0.3667105263157895
critical_share,importance.crit_share,0.25,,1007,Proposed,1.3534742385134646,0.16918427981418308,0.293062458575521,0.1748684210526316,256.0,0.005287008744193221,1.5479105977641154,3.1196821502497514,0.9813157894736843,0.3746052631578947
critical_share,importance.crit_share,0.25,,1007,Baseline,1.5525798686677856,0.1940724835834732,0.13133604656993497,0.24947368421052632,256.0,0.006064765111983538,1.3488049676097944,2.7789405243801433,0.9615789473684211,0.5
critical_share,importance.crit_share,0.25,,1007,prediction_only,0.3607888812110129,0.04509861015137661,0.7864355383917118,0.0,0.0,,2.5405959550665678,4.561799722700276,0.9881578947368421,0.0
critical_share,importance.crit_share,0.25,,1007,importance_only,1.4471489761543987,0.18089362201929984,0.25714326972723756,0.1125,256.0,0.00565292568810312,1.4542358601231813,2.967289561376591,0.9665789473684211,0.25
critical_share,importance.crit_share,0.25,,1007,snr_threshold,1.1386897292376321,0.14233621615470402,0.34710040252734703,0.22210526315789475,256.0,0.0044480067548345005,1.762695107039948,3.3831182108373365,0.9739473684210527,0.5
critical_share,importance.crit_share,0.25,,1007,full_feedback,1.6695069313544613,0.20868836641930766,0.04523335043571253,0.3568421052631579,1024.0,0.001630377862650841,1.231877904923119,2.5763659929768337,0.9578947368421052,1.0
critical_share,importance.crit_share,0.25,,1007,Proposed_no_confidence,0.9628223102623468,0.12035278878279335,0.4531013595727443,0.16322368421052633,256.0,0.003761024649462292,1.9385625260152335,3.762448119062465,0.9797368421052631,0.3788157894736842
critical_share,importance.crit_share,0.25,,1007,Proposed_no_importance,1.1556905412056915,0.14446131765071143,0.3794059453715383,0.15328947368421053,256.0,0.004514416176584732,1.7456942950718886,3.4444393978168626,0.9813157894736843,0.34901315789473686
critical_share,importance.crit_share,0.25,,1008,Exact,1.7393097037035017,0.2174137129629377,0.01788784303503588,0.24717105263157896,99.73894736842105,0.017438621016108647,1.2497830813096416,2.4819245484134207,0.9552631578947368,0.24717105263157896
critical_share,importance.crit_share,0.25,,1008,Optimised,1.2522756234392072,0.1565344529299009,0.34176312526817726,0.15677631578947368,256.0,0.004891701654059403,1.7368171615739356,3.332882916806513,0.9705263157894737,0.36223684210526313
critical_share,importance.crit_share,0.25,,1008,Proposed,1.3268448520464138,0.16585560650580172,0.33665251537742674,0.16006578947368422,256.0,0.005182987703306304,1.6622479329667295,3.1479624484947206,0.9771052631578947,0.3620394736842105
critical_share,importance.crit_share,0.25,,1008,Baseline,1.5919829311788347,0.19899786639735434,0.12922599285702466,0.23848684210526316,256.0,0.006218683324917323,1.3971098538343085,2.716872722618928,0.9568421052631579,0.5
critical_share,importance.crit_share,0.25,,1008,prediction_only,0.5134793417663195,0.06418491772078994,0.7507884389993759,0.0,0.0,,2.4756134432468238,4.265794869577701,0.9878947368421053,0.0
critical_share,importance.crit_share,0.25,,1008,importance_only,1.472249988668561,0.18403124858357012,0.2719091328121913,0.11519736842105263,256.0,0.005750976518236566,1.516842796344582,2.955305182554072,0.9576315789473684,0.25
critical_share,importance.crit_share,0.25,,1008,snr_threshold,1.0183690967445038,0.12729613709306298,0.40199387011888216,0.21855263157894736,256.0,0.003978004284158218,1.9707236882686392,3.583426563953598,0.9757894736842105,0.5
critical_share,importance.crit_share,0.25,,1008,full_feedback,1.711239104723674,0.21390488809045924,0.04716073871974619,0.35855263157894735,1024.0,0.0016711319382067128,1.2778536802894696,2.5264235509666912,0.9552631578947368,1.0
critical_share,importance.crit_share,0.25,,1008,Proposed_no_confidence,0.9848872651252281,0.12311090814065351,0.4365126064561972,0.17407894736842106,256.0,0.003847215879395422,2.004205519887915,3.7074965324208167,0.9826315789473684,0.40019736842105263
critical_share,importance.crit_share,0.25,,1008,Proposed_no_importance,1.22931285867759,0.15366410733469876,0.373473610666005,0.1575,256.0,0.004802003354209336,1.759779926335553,3.3057952443809655,0.9736842105263158,0.3631578947368421
critical_share,importance.crit_share,0.25,,1009,Exact,1.788527786268095,0.22356597328351188,0.016963341307170237,0.24427631578947367,99.58736842105263,0.01795938395225235,1.198409611457126,2.4992770791119336,0.9139473684210526,0.24427631578947367
critical_share,importance.crit_share,0.25,,1009,Optimised,1.3437752642216512,0.1679719080277064,0.3531955970631364,0.16592105263157894,256.0,0.005249122125865825,1.6431621335035695,3.1425944874283287,0.9807894736842105,0.36473684210526314
critical_share,importance.crit_share,0.25,,1009,Proposed,1.3577067122216129,0.1697133390277016,0.3374605222120756,0.17105263157894737,256.0,0.005303541844615675,1.6292306855036076,3.165989058108714,0.9726315789473684,0.3725
critical_share,importance.crit_share,0.25,,1009,Baseline,1.6358611016058635,0.20448263770073294,0.1283026566473793,0.23625,256.0,0.006390082428147904,1.3510762961193574,2.746103204447562,0.9205263157894736,0.5
critical_share,importance.crit_share,0.25,,1009,prediction_only,0.3600400610350058,0.045005007629375725,0.7154239369257064,0.0,0.0,,2.6268973366902153,4.38438043588281,0.9278947368421052,0.0
critical_share,importance.crit_share,0.25,,1009,importance_only,1.5394881414169945,0.19243601767712432,0.24215285456662364,0.10526315789473684,256.0,0.006013625552410135,1.4474492563082266,2.9448745762667947,0.9244736842105263,0.25
critical_share,importance.crit_share,0.25,,1009,snr_threshold,1.2478692392895057,0.1559836549111882,0.32103055466657404,0.20782894736842106,256.0,0.0048744892159746315,1.739068158435715,3.2750234694811526,0.9271052631578948,0.5
critical_share,importance.crit_share,0.25,,1009,full_feedback,1.761759556988904,0.220219944623613,0.04288974856607558,0.3458552631578947,1024.0,0.0017204683173719765,1.2251778407363167,2.5451753544505857,0.9142105263157895,1.0
critical_share,importance.crit_share,0.25,,1009,Proposed_no_confidence,0.9914563411428398,0.12393204264285497,0.43532940395550407,0.16125,256.0,0.003872876332589218,1.995481056582381,3.6346915036090586,0.9697368421052631,0.38651315789473684
critical_share,importance.crit_share,0.25,,1009,Proposed_no_importance,1.2598820446917953,0.15748525558647442,0.3655273629817797,0.16835526315789473,256.0,0.0049214142370773255,1.7270553530334254,3.2831470132534317,0.9742105263157895,0.36467105263157895
critical_share,importance.crit_share,0.5,,1000,Exact,1.5150513405366675,0.18938141756708343,0.014543452509321616,0.2319736842105263,94.26526315789474,0.016072212496759806,1.751802347631709,3.226528276375671,0.9593421052631579,0.2319736842105263
critical_share,importance.crit_share,0.5,,1000,Optimised,1.1163950839009147,0.13954938548761434,0.36784109780719326,0.12236842105263158,256.0,0.004360918296487948,2.1504586042674623,3.827983425007997,0.9765789473684211,0.3325
critical_share,importance.crit_share,0.5,,1000,Proposed,1.1642155453020193,0.14552694316275241,0.2969165516405397,0.13980263157894737,256.0,0.004547716973836013,2.102638142866357,3.743410939588694,0.9719736842105263,0.3522368421052632
critical_share,importance.crit_share,0.5,,1000,Baseline,1.3888377225280426,0.17360471531600533,0.12008567123572814,0.22513157894736843,256.0,0.005425147353625166,1.878015965640334,3.4504452346871575,0.9619736842105263,0.5
critical_share,importance.crit_share,0.5,,1000,prediction_only,0.4314607159288531,0.05393258949110664,0.7206056522589006,0.0,0.0,,2.8353929722395237,4.706046136018006,0.9927631578947368,0.0
critical_share,importance.crit_share,0.5,,1000,importance_only,1.3136823840465701,0.16421029800582126,0.22808825635131605,0.10585526315789473,256.0,0.0051315718126819145,1.9531713041218064,3.5826273601767493,0.9661842105263158,0.25
critical_share,importance.crit_share,0.5,,1000,snr_threshold,1.1057172808627038,0.13821466010783798,0.3164120842292631,0.20111842105263159,256.0,0.004319208128369937,2.1611364073056727,3.8148783593529445,0.9794736842105263,0.5
critical_share,importance.crit_share,0.5,,1000,full_feedback,1.4938839037311702,0.18673548796639627,0.03993362063267675,0.33631578947368423,1024.0,0.0014588709997374709,1.7729697844372065,3.2567577345314005,0.9597368421052631,1.0
critical_share,importance.crit_share,0.5,,1000,Proposed_no_confidence,0.8827552249822497,0.11034440312278121,0.4356016332349944,0.1413157894736842,256.0,0.003448262597586913,2.384098463186127,4.135291857912804,0.9764473684210526,0.3651315789473684
critical_share,importance.crit_share,0.5,,1000,Proposed_no_importance,0.9943103415346627,0.12428879269183284,0.4010714009512411,0.13138157894736843,256.0,0.003884024771619776,2.2725433466337144,3.9690848737778803,0.9817105263157895,0.32881578947368423
critical_share,importance.crit_share,0.5,,1001,Exact,1.4419363127464784,0.1802420390933098,0.016842446915507937,0.2513815789473684,101.35578947368421,0.014226481982273538,1.8382400575700109,3.4065942662750155,0.9614473684210526,0.2513815789473684
critical_share,importance.crit_share,0.5,,1001,Optimised,1.0069051578931463,0.12586314473664328,0.3755400698562573,0.1469078947368421,256.0,0.003933223273020103,2.2732712124233436,3.9967797682797856,0.9807894736842105,0.34730263157894736
critical_share,importance.crit_share,0.5,,1001,Proposed,1.0175818976778295,0.12719773720972868,0.36294686466620946,0.1506578947368421,256.0,0.003974929287804021,2.2625944726386598,3.9662637325833,0.9789473684210527,0.35078947368421054
critical_share,importance.crit_share,0.5,,1001,Baseline,1.3117033443134525,0.16396291803918156,0.13216296570468095,0.24743421052631578,256.0,0.005123841188724424,1.9684730260030365,3.62745137391605,0.9636842105263158,0.5
critical_share,importance.crit_share,0.5,,1001,prediction_only,0.2576983771357657,0.032212297141970714,0.7492178474273327,0.0,0.0,,3.0224779931807237,4.918938457954107,0.9964473684210526,0.0
critical_share,importance.crit_share,0.5,,1001,importance_only,1.1982740575912716,0.14978425719890895,0.2629932632504934,0.11664473684210526,256.0,0.004680758037465905,2.0819023127252176,3.792738954185682,0.966842105263158,0.25
critical_share,importance.crit_share,0.5,,1001,snr_threshold,0.9684007531555977,0.12105009414444971,0.3522023054994815,0.21585526315789474,256.0,0.0037828154420140535,2.3117756171608916,3.9864929617677274,0.9810526315789474,0.5
critical_share,importance.crit_share,0.5,,1001,full_feedback,1.4173080710279546,0.17716350887849433,0.04700331991275771,0.36427631578947367,1024.0,0.001384089913113237,1.8628682992885344,3.4490616231574633,0.9617105263157895,1.0
critical_share,importance.crit_share,0.5,,1001,Proposed_no_confidence,0.8335643736279885,0.10419554670349856,0.4898361141229721,0.15671052631578947,256.0,0.00325611083448433,2.446611996688501,4.264711081212015,0.9878947368421053,0.37901315789473683
critical_share,importance.crit_share,0.5,,1001,Proposed_no_importance,0.9873525110439904,0.1234190638804988,0.4196152824972838,0.14493421052631578,256.0,0.0038568457462655873,2.292823859272499,4.034400238153108,0.9857894736842105,0.34032894736842106
critical_share,importance.crit_share,0.5,,1002,Exact,1.4258042246864786,0.17822552808580983,0.01803990057464269,0.2505263157894737,103.09052631578948,0.013830603796889343,1.8394408340546144,3.3819060698135512,0.9707894736842105,0.2505263157894737
critical_share,importance.crit_share,0.5,,1002,Optimised,0.9883481412444529,0.12354351765555661,0.38473867760277614,0.14875,256.0,0.003860734926736144,2.27689691749664,4.040202400340585,0.9823684210526316,0.3493421052631579
critical_share,importance.crit_share,0.5,,1002,Proposed,0.9302172275827624,0.1162771534478453,0.40389093146256094,0.14861842105263157,256.0,0.0036336610452451655,2.335027831158331,4.099878663390652,0.9832894736842105,0.35125
critical_share,importance.crit_share,0.5,,1002,Baseline,1.283876229168184,0.160484528646023,0.13817176905045334,0.24769736842105264,256.0,0.005015141520188219,1.9813688295729088,3.6481560851342856,0.9722368421052632,0.5
critical_share,importance.crit_share,0.5,,1002,prediction_only,0.277495423862861,0.03468692798285763,0.7455971710641429,0.0,0.0,,2.987749634878232,4.956104983174796,0.9953947368421052,0.0
critical_share,importance.crit_share,0.5,,1002,importance_only,1.1845096936770025,0.14806371170962532,0.2597353158898108,0.11486842105263158,256.0,0.004626990990925791,2.0807353650640907,3.7889641769777764,0.9773684210526316,0.25
critical_share,importance.crit_share,0.5,,1002,snr_threshold,0.8267403478407289,0.10334254348009111,0.38764821837489677,0.21947368421052632,256.0,0.0032294544837528473,2.4385047109003644,4.20478135702596,0.985,0.5
critical_share,importance.crit_share,0.5,,1002,full_feedback,1.401875789357547,0.17523447366969339,0.04517818146306644,0.3624342105263158,1024.0,0.0013690193255444796,1.863369269383546,3.428239274765533,0.9710526315789474,1.0
critical_share,importance.crit_share,0.5,,1002,Proposed_no_confidence,0.7839415943738721,0.09799269929673401,0.48903331358511615,0.15105263157894736,256.0,0.003062271853022938,2.4813034643672207,4.370553006065482,0.9857894736842105,0.3724342105263158
critical_share,importance.crit_share,0.5,,1002,Proposed_no_importance,0.872467526022284,0.1090584407527855,0.45917523651807546,0.1306578947368421,256.0,0.0034080762735245467,2.3927775327188088,4.161174984147859,0.9907894736842106,0.3184868421052632
critical_share,importance.crit_share,0.5,,1003,Exact,1.5391429359800435,0.19239286699750544,0.014335953134352538,0.2188157894736842,89.01052631578948,0.01729169570933114,1.758903646187554,3.3667728581620393,0.9275,0.2188157894736842
critical_share,importance.crit_share,0.5,,1003,Optimised,1.1560330604679028,0.14450413255848785,0.33786378221106755,0.1394078947368421,256.0,0.004515754142452745,2.142013521699695,3.869648270129382,0.9653947368421053,0.3510526315789474
critical_share,importance.crit_share,0.5,,1003,Proposed,1.158086078275954,0.14476075978449424,0.31611470243993667,0.1274342105263158,256.0,0.004523773743265445,2.139960503891644,3.9646190290610823,0.9421052631578948,0.34480263157894736
critical_share,importance.crit_share,0.5,,1003,Baseline,1.4235436337593557,0.17794295421991946,0.11829664335683336,0.21572368421052632,256.0,0.005560717319372483,1.8745029484082418,3.566395431496316,0.9303947368421053,0.5
critical_share,importance.crit_share,0.5,,1003,prediction_only,0.6810968150022574,0.08513710187528217,0.5573427580772633,0.0,0.0,,2.61694976716534,4.487059406529735,0.9680263157894737,0.0
critical_share,importance.crit_share,0.5,,1003,importance_only,1.3455119365728478,0.16818899207160598,0.21493741788676343,0.10223684210526315,256.0,0.005255906002237687,1.9525346455947499,3.6591280279613363,0.9375,0.25
critical_share,importance.crit_share,0.5,,1003,snr_threshold,1.2378668093802436,0.15473335117253045,0.2493142303825993,0.20144736842105262,256.0,0.004835417224141577,2.060179772787354,3.824592365302368,0.9425,0.5
critical_share,importance.crit_share,0.5,,1003,full_feedback,1.5170825912133443,0.18963532390166804,0.04067995813968809,0.3180921052631579,1024.0,0.0014815259679817816,1.780963990954253,3.4078766603866257,0.9277631578947368,1.0
critical_share,importance.crit_share,0.5,,1003,Proposed_no_confidence,0.9899811332951092,0.12374764166188865,0.39921233665721007,0.13519736842105262,256.0,0.00386711380193402,2.308065448872488,4.058494052888509,0.9592105263157895,0.3686842105263158
critical_share,importance.crit_share,0.5,,1003,Proposed_no_importance,1.0780982779776827,0.13476228474721033,0.38259740997591885,0.12572368421052632,256.0,0.004211321398350323,2.219948304189915,3.9348526157972015,0.9576315789473684,0.3361842105263158
critical_share,importance.crit_share,0.5,,1004,Exact,1.4507730271669057,0.1813466283958632,0.018420440031626305,0.2538157894736842,103.42736842105263,0.01402697418792298,1.8114742223829097,3.2667661329724504,0.969078947368421,0.2538157894736842
critical_share,importance.crit_share,0.5,,1004,Optimised,1.0556628831240766,0.13195786039050958,0.3752511460111393,0.1430263157894737,256.0,0.004123683137203424,2.206584366425739,3.857752660355758,0.9853947368421052,0.3381578947368421
critical_share,importance.crit_share,0.5,,1004,Proposed,1.0796724723790085,0.13495905904737607,0.3547009402884752,0.15486842105263157,256.0,0.004217470595230502,2.182574777170807,3.8820515249981806,0.9830263157894736,0.3532236842105263
critical_share,importance.crit_share,0.5,,1004,Baseline,1.3115017308082502,0.16393771635103127,0.13727697660642776,0.24717105263157896,256.0,0.005123053635969727,1.9507455187415652,3.527621093902667,0.9717105263157895,0.5
critical_share,importance.crit_share,0.5,,1004,prediction_only,0.31637452858653253,0.03954681607331657,0.814252522006713,0.0,0.0,,2.9458727209632833,4.853024717821927,0.9944736842105263,0.0
critical_share,importance.crit_share,0.5,,1004,importance_only,1.223380696890326,0.15292258711129075,0.2525830708474519,0.11467105263157895,256.0,0.004778830847227836,2.0388665526594894,3.713719686945947,0.9738157894736842,0.25
critical_share,importance.crit_share,0.5,,1004,snr_threshold,0.8978272842610596,0.11222841053263245,0.3780091093893604,0.22131578947368422,256.0,0.003507137829144764,2.3644199652887563,4.156010642738485,0.9752631578947368,0.5
critical_share,importance.crit_share,0.5,,1004,full_feedback,1.4269788923653093,0.17837236154566366,0.044683813348000076,0.35986842105263156,1024.0,0.0013935340745754973,1.8352683571845063,3.3028202695656312,0.9693421052631579,1.0
critical_share,importance.crit_share,0.5,,1004,Proposed_no_confidence,0.8322043864837693,0.10402554831047116,0.4768870769511227,0.16302631578947369,256.0,0.0032507983847022237,2.4300428630660464,4.250189041778368,0.9864473684210526,0.3792105263157895
critical_share,importance.crit_share,0.5,,1004,Proposed_no_importance,0.9761014070214329,0.12201267587767911,0.4302314165239184,0.14171052631578948,256.0,0.003812896121177472,2.2861458425283825,3.9531514888936075,0.9903947368421052,0.3330921052631579
critical_share,importance.crit_share,0.5,,1005,Exact,1.3786887188543053,0.17233608985678817,0.018338809111019212,0.2525657894736842,102.33263157894737,0.01347262058623673,1.829882241260426,3.4311244803599026,0.9757894736842105,0.2525657894736842
critical_share,importance.crit_share,0.5,,1005,Optimised,0.9866507670306703,0.12333134587883379,0.40692408400891905,0.1494078947368421,256.0,0.003854104558713556,2.221920193084061,3.952132141096322,0.9911842105263158,0.3447368421052632
critical_share,importance.crit_share,0.5,,1005,Proposed,1.0362138786267134,0.12952673482833918,0.38209142288587805,0.15953947368421054,256.0,0.004047710463385599,2.1723570814880175,3.8989491838280235,0.9921052631578947,0.35177631578947366
critical_share,importance.crit_share,0.5,,1005,Baseline,1.2477516721687893,0.15596895902109867,0.1343981387053042,0.24802631578947368,256.0,0.004874029969409333,1.960819287945942,3.638031297811834,0.9763157894736842,0.5
critical_share,importance.crit_share,0.5,,1005,prediction_only,0.42786411097620797,0.053483013872025996,0.7832244373080103,0.0,0.0,,2.7807068491385234,4.641231495576964,0.9964473684210526,0.0
critical_share,importance.crit_share,0.5,,1005,importance_only,1.1524400810306294,0.14405501012882868,0.26282998522546586,0.11855263157894737,256.0,0.004501719066525896,2.056130879084102,3.8176067015172315,0.9814473684210526,0.25
critical_share,importance.crit_share,0.5,,1005,snr_threshold,0.7508731819952855,0.09385914774941069,0.4014156115646517,0.22723684210526315,256.0,0.002933098367169084,2.457697778119446,4.2556070569974125,0.9878947368421053,0.5
critical_share,importance.crit_share,0.5,,1005,full_feedback,1.3538845609055792,0.1692355701131974,0.04677746386834928,0.37414473684210525,1024.0,0.0013221528915093547,1.854686399209152,3.4798474148509753,0.9757894736842105,1.0
critical_share,importance.crit_share,0.5,,1005,Proposed_no_confidence,0.8645259774761409,0.10806574718451761,0.4569199937244061,0.16421052631578947,256.0,0.0033770545995161754,2.3440449826385903,4.130271375914657,0.9890789473684211,0.3829605263157895
critical_share,importance.crit_share,0.5,,1005,Proposed_no_importance,0.9331161418502255,0.11663951773127819,0.46972584064210676,0.14585526315789474,256.0,0.0036449849291024434,2.2754548182645062,4.027832151572883,0.996578947368421,0.3331578947368421
critical_share,importance.crit_share,0.5,,1006,Exact,1.4959458103321421,0.18699322629151777,0.014761078383034004,0.23092105263157894,93.35578947368421,0.016024135393915017,1.7399081234778215,3.1586879464926576,0.9527631578947369,0.23092105263157894
critical_share,importance.crit_share,0.5,,1006,Optimised,1.1473176101054714,0.14341470126318392,0.31914839368244236,0.14723684210526317,256.0,0.004481709414474498,2.088536323704493,3.694346651425997,0.9647368421052631,0.3582236842105263
critical_share,importance.crit_share,0.5,,1006,Proposed,1.1737584334239293,0.14671980417799116,0.2992238947777912,0.14848684210526317,256.0,0.004584993880562224,2.062095500386035,3.6458939399671224,0.966842105263158,0.36282894736842103
critical_share,importance.crit_share,0.5,,1006,Baseline,1.3715626586962983,0.1714453323370373,0.12190334409554111,0.22855263157894737,256.0,0.005357666635532415,1.8642912751136655,3.3493268466882,0.9547368421052631,0.5
critical_share,importance.crit_share,0.5,,1006,prediction_only,0.5919360709706062,0.07399200887132577,0.5872918307729434,0.0,0.0,,2.643917862839358,4.433830585841518,0.9830263157894736,0.0
critical_share,importance.crit_share,0.5,,1006,importance_only,1.2731935078898966,0.15914918848623708,0.23530905600385715,0.1044078947368421,256.0,0.004973412140194909,1.9626604259200677,3.55695360715696,0.9610526315789474,0.25
critical_share,importance.crit_share,0.5,,1006,snr_threshold,1.1084301544902841,0.13855376931128552,0.3209889402135164,0.20460526315789473,256.0,0.0043298052909776725,2.1274237793196797,3.795107737072495,0.9739473684210527,0.5
critical_share,importance.crit_share,0.5,,1006,full_feedback,1.4742366414486279,0.18427958018107848,0.040302224275746305,0.3319736842105263,1024.0,0.0014396842201646757,1.7616172923613365,3.1883902454411737,0.9528947368421052,1.0
critical_share,importance.crit_share,0.5,,1006,Proposed_no_confidence,0.7836582878573173,0.09795728598216466,0.4673177319763314,0.13480263157894737,256.0,0.0030611651869426456,2.452195645952647,4.173926662801695,0.9776315789473684,0.35875
critical_share,importance.crit_share,0.5,,1006,Proposed_no_importance,1.0721683766226584,0.1340210470778323,0.3522010101557601,0.14309210526315788,256.0,0.004188157721182259,2.1636855571873053,3.838517075603742,0.9719736842105263,0.34769736842105264
critical_share,importance.crit_share,0.5,,1007,Exact,1.4370915353429112,0.1796364419178639,0.01748461870887855,0.2475657894736842,101.3221052631579,0.014183395929352619,1.7526227171558466,3.2856889777318625,0.9636842105263158,0.2475657894736842
critical_share,importance.crit_share,0.5,,1007,Optimised,1.04838848277026,0.1310485603462825,0.3641196301874208,0.14789473684210527,256.0,0.0040952675108213285,2.1413257697284975,3.9411182781033585,0.9822368421052632,0.3438815789473684
critical_share,importance.crit_share,0.5,,1007,Proposed,1.1059549535944169,0.1382443691993021,0.3595473225172387,0.1594078947368421,256.0,0.004320136537478191,2.0837592989043405,3.7990778711985187,0.983421052631579,0.35986842105263156
critical_share,importance.crit_share,0.5,,1007,Baseline,1.3089989959295336,0.1636248744911917,0.13133604656993497,0.24947368421052632,256.0,0.005113277327849741,1.880715256569224,3.517598615357148,0.9663157894736842,0.5
critical_share,importance.crit_share,0.5,,1007,prediction_only,0.2798388503797589,0.034979856297469865,0.7864355383917118,0.0,0.0,,2.909875402118999,4.955937664280239,0.9921052631578947,0.0
critical_share,importance.crit_share,0.5,,1007,importance_only,1.2072872239026686,0.15091090298783358,0.2561180128504712,0.10953947368421052,256.0,0.004715965718369799,1.982427028596089,3.738519205563906,0.9726315789473684,0.25
critical_share,importance.crit_share,0.5,,1007,snr_threshold,0.8870304133865157,0.11087880167331446,0.34710040252734703,0.22210526315789475,256.0,0.003464962552291077,2.302683839112242,4.099058864775201,0.9727631578947369,0.5
critical_share,importance.crit_share,0.5,,1007,full_feedback,1.4092280889299527,0.17615351111624408,0.04523335043571253,0.3568421052631579,1024.0,0.001376199305595657,1.780486163568805,3.3448512887746604,0.9638157894736842,1.0
critical_share,importance.crit_share,0.5,,1007,Proposed_no_confidence,0.8112712770187875,0.10140890962734844,0.4487786152500496,0.15111842105263157,256.0,0.003169028425854639,2.37844297547997,4.257013934164017,0.9844736842105263,0.36394736842105263
critical_share,importance.crit_share,0.5,,1007,Proposed_no_importance,0.9499024372716908,0.11873780465896135,0.3833725607805896,0.14125,256.0,0.003710556395592542,2.2398118152270667,4.049854066043768,0.9848684210526316,0.33361842105263156
critical_share,importance.crit_share,0.5,,1008,Exact,1.4306692034372013,0.17883365042965016,0.018289727914782093,0.24723684210526317,99.97473684210526,0.014310307269892828,1.8059595421430454,3.265684390976982,0.9636842105263158,0.24723684210526317
critical_share,importance.crit_share,0.5,,1008,Optimised,1.00444133298914,0.1255551666236425,0.4206491485358855,0.15019736842105263,256.0,0.003923598956988828,2.232187412591107,3.949090853257915,0.9843421052631579,0.34901315789473686
critical_share,importance.crit_share,0.5,,1008,Proposed,1.132226160814735,0.14152827010184188,0.3029796934240468,0.15789473684210525,256.0,0.004422758440682559,2.1044025847655115,3.7389052453632163,0.9744736842105263,0.36473684210526314
critical_share,importance.crit_share,0.5,,1008,Baseline,1.3081683180984347,0.16352103976230434,0.12922599285702466,0.23848684210526316,256.0,0.0051100324925720106,1.928460427481812,3.4853213654269957,0.9659210526315789,0.5
critical_share,importance.crit_share,0.5,,1008,prediction_only,0.5133346224312914,0.06416682780391142,0.7507884389993759,0.0,0.0,,2.723294123148955,4.591902975599948,0.9939473684210526,0.0
critical_share,importance.crit_share,0.5,,1008,importance_only,1.2073678308353573,0.15092097885441966,0.2592894493562642,0.11585526315789474,256.0,0.004716280589200614,2.029260914744889,3.6550803354406405,0.968421052631579,0.25
critical_share,importance.crit_share,0.5,,1008,snr_threshold,0.8751661685805087,0.10939577107256358,0.40199387011888216,0.21855263157894736,256.0,0.003418617846017612,2.3614625769997377,4.1372080167740295,0.9805263157894737,0.5
critical_share,importance.crit_share,0.5,,1008,full_feedback,1.4062992779828056,0.1757874097478507,0.04716073871974619,0.35855263157894735,1024.0,0.0013733391386550836,1.8303294675974409,3.3001623016578083,0.9636842105263158,1.0
critical_share,importance.crit_share,0.5,,1008,Proposed_no_confidence,0.9120722912740494,0.11400903640925618,0.4520429199267124,0.15736842105263157,256.0,0.0035627823877892556,2.324556454306197,4.138900083303196,0.9836842105263158,0.3732894736842105
critical_share,importance.crit_share,0.5,,1008,Proposed_no_importance,0.9150389612155653,0.11437987015194566,0.42023022931657494,0.13532894736842105,256.0,0.003574370942248302,2.3215897843646816,4.049085802994663,0.9839473684210527,0.3327631578947368
critical_share,importance.crit_share,0.5,,1009,Exact,1.4538383458933812,0.18172979323667265,0.017151958696156197,0.2444078947368421,99.67157894736842,0.014586287899192212,1.7440464642690217,3.2614155369794187,0.944078947368421,0.2444078947368421
critical_share,importance.crit_share,0.5,,1009,Optimised,1.1387985569397374,0.14234981961746718,0.31266460369697435,0.14986842105263157,256.0,0.004448431863045849,2.0590862532226657,3.7442512334019926,0.9594736842105264,0.3570394736842105
critical_share,importance.crit_share,0.5,,1009,Proposed,1.092482467553803,0.13656030844422537,0.3402675577812673,0.14973684210526317,256.0,0.004267509638882043,2.1054023426086,3.7428355704467773,0.9673684210526315,0.3551315789473684
critical_share,importance.crit_share,0.5,,1009,Baseline,1.328655556234471,0.16608194452930888,0.1283026566473793,0.23625,256.0,0.005190060766540903,1.8692292539279318,3.412809039703854,0.9482894736842106,0.5
critical_share,importance.crit_share,0.5,,1009,prediction_only,0.35990589772888393,0.04498823721611049,0.7154239369257064,0.0,0.0,,2.837978912433519,4.6970672728653,0.9639473684210527,0.0
critical_share,importance.crit_share,0.5,,1009,importance_only,1.2512965173869361,0.15641206467336702,0.2358734360298251,0.10703947368421053,256.0,0.004887877021042719,1.9465882927754667,3.6266403297136187,0.9501315789473684,0.25
critical_share,importance.crit_share,0.5,,1009,snr_threshold,1.0236538913582984,0.1279567364197873,0.32103055466657404,0.20782894736842106,256.0,0.003998648013118353,2.1742309188041045,3.917564882103845,0.9563157894736842,0.5
critical_share,importance.crit_share,0.5,,1009,full_feedback,1.4320011874993086,0.17900014843741358,0.04288974856607558,0.3458552631578947,1024.0,0.0013984386596672936,1.7658836226630947,3.2955127617490234,0.9442105263157895,1.0
critical_share,importance.crit_share,0.5,,1009,Proposed_no_confidence,0.8983753544408579,0.11229691930510724,0.44381409480106143,0.16375,256.0,0.0035092787282846013,2.2995094557215454,4.014405199500504,0.9819736842105263,0.3838157894736842
critical_share,importance.crit_share,0.5,,1009,Proposed_no_importance,0.9601422689037319,0.12001778361296649,0.4295820520765484,0.1386842105263158,256.0,0.0037505557379052027,2.237742541258671,3.900761110015187,0.9826315789473684,0.33361842105263156
critical_share,importance.crit_share,0.75,,1000,Exact,1.256306212202957,0.1570382765253696,0.014667348771288426,0.23171052631578948,94.08,0.013353594942633471,2.262848727852228,3.842401776298743,0.95,0.23171052631578948
critical_share,importance.crit_share,0.75,,1000,Optimised,0.7569842706277449,0.09462303382846811,0.437439200186969,0.11973684210526316,256.0,0.0029569698071396284,2.76217066942744,4.605842840477624,0.9782456140350877,0.31592105263157894
critical_share,importance.crit_share,0.75,,1000,Proposed,0.9095425576218462,0.11369281970273078,0.3253405032346397,0.13026315789473683,256.0,0.0035529006157103368,2.609612382433338,4.312068995978511,0.9686842105263158,0.33269736842105263
critical_share,importance.crit_share,0.75,,1000,Baseline,1.1455407012976468,0.14319258766220586,0.12008567123572814,0.22513157894736843,256.0,0.004474768364443933,2.373614238757538,4.014326118579651,0.9530701754385965,0.5
critical_share,importance.crit_share,0.75,,1000,prediction_only,0.20020620033862657,0.02502577504232832,0.7206056522589006,0.0,0.0,,3.3189487397165585,5.191588048021032,0.9875438596491228,0.0
critical_share,importance.crit_share,0.75,,1000,importance_only,1.0802412317903782,0.13503015397379728,0.22635209502412504,0.10684210526315789,256.0,0.004219692311681165,2.4389137082648067,4.206475685692148,0.9591228070175438,0.25
critical_share,importance.crit_share,0.75,,1000,snr_threshold,0.8787817581335036,0.10984771976668795,0.3164120842292631,0.20111842105263159,256.0,0.0034327412427089983,2.640373181921681,4.424597418474546,0.968421052631579,0.5
critical_share,importance.crit_share,0.75,,1000,full_feedback,1.2377978224847634,0.15472472781059543,0.03993362063267675,0.33631578947368423,1024.0,0.0012087869360202768,2.2813571175704217,3.8657891263459576,0.9502631578947368,1.0
critical_share,importance.crit_share,0.75,,1000,Proposed_no_confidence,0.7819687082197982,0.09774608852747478,0.4159916884546698,0.1423684210526316,256.0,0.003054565266483587,2.7371862318353872,4.5021140667764765,0.9790350877192983,0.3643421052631579
critical_share,importance.crit_share,0.75,,1000,Proposed_no_importance,0.6982954417753647,0.08728693022192059,0.478985656570209,0.11072368421052632,256.0,0.0027277165694350185,2.82085949827982,4.544510432104817,0.9756140350877193,0.3048026315789474
critical_share,importance.crit_share,0.75,,1001,Exact,1.1481946761551682,0.14352433451939603,0.016766192976807596,0.25157894736842107,101.47368421052632,0.01131519649737977,2.384327323288633,4.1536003185244335,0.9599122807017544,0.25157894736842107
critical_share,importance.crit_share,0.75,,1001,Optimised,0.7327048544215828,0.09158810680269786,0.4281655419509933,0.15217105263157896,256.0,0.002862128337584308,2.7998171450222187,4.687805688183719,0.983859649122807,0.3411842105263158
critical_share,importance.crit_share,0.75,,1001,Proposed,0.7731333178331581,0.09664166472914476,0.4137812393001491,0.14473684210526316,256.0,0.0030200520227857738,2.7593886816106425,4.636998528813982,0.9804385964912281,0.34039473684210525
critical_share,importance.crit_share,0.75,,1001,Baseline,1.0361526698826071,0.1295190837353259,0.13216296570468095,0.24743421052631578,256.0,0.004047471366728934,2.4963693295611944,4.339003413447358,0.9618421052631579,0.5
critical_share,importance.crit_share,0.75,,1001,prediction_only,0.1999282337117053,0.02499102921396316,0.7492178474273327,0.0,0.0,,3.3325937657320956,5.253539179489284,0.996578947368421,0.0
critical_share,importance.crit_share,0.75,,1001,importance_only,0.9372909117651785,0.11716136397064732,0.2614017881267839,0.1169078947368421,256.0,0.0036612926240827287,2.5952310876786227,4.482662884426013,0.9680701754385965,0.25
critical_share,importance.crit_share,0.75,,1001,snr_threshold,0.7333997241898549,0.09167496552373186,0.3522023054994815,0.21585526315789474,256.0,0.0028648426726166206,2.7991222752539464,4.620344703612011,0.9756140350877193,0.5
critical_share,importance.crit_share,0.75,,1001,full_feedback,1.1266061029536718,0.14082576286920898,0.04700331991275771,0.36427631578947367,1024.0,0.0011002012724156951,2.405915896490129,4.191202534244997,0.9600877192982457,1.0
critical_share,importance.crit_share,0.75,,1001,Proposed_no_confidence,0.5314080850311401,0.06642601062889252,0.5018081245784168,0.14677631578947367,256.0,0.002075812832152891,3.001113914412661,4.837875003901707,0.9850877192982456,0.35986842105263156
critical_share,importance.crit_share,0.75,,1001,Proposed_no_importance,0.688863297070885,0.08610791213386063,0.4518962560731912,0.12243421052631578,256.0,0.0026908722541831446,2.843658702372916,4.74877424910196,0.9816666666666667,0.30894736842105264
critical_share,importance.crit_share,0.75,,1002,Exact,1.1295875516285876,0.14119844395357345,0.017866350132669507,0.25026315789473685,102.6021052631579,0.011009399356196223,2.4033747867577375,4.067390634465288,0.9671052631578947,0.25026315789473685
critical_share,importance.crit_share,0.75,,1002,Optimised,0.7369103467375727,0.09211379334219659,0.43680762260528355,0.12769736842105264,256.0,0.0028785560419436434,2.7960519916487523,4.576730128193097,0.982719298245614,0.32322368421052633
critical_share,importance.crit_share,0.75,,1002,Proposed,0.8257376933183155,0.10321721166478943,0.3635475880566177,0.1401315789473684,256.0,0.00322553786452467,2.7072246450680097,4.457101015087915,0.9771929824561404,0.3422368421052632
critical_share,importance.crit_share,0.75,,1002,Baseline,1.0125816343123755,0.12657270428904693,0.13817176905045334,0.24769736842105264,256.0,0.003955397009032717,2.520380704073949,4.239971800647097,0.9689473684210527,0.5
critical_share,importance.crit_share,0.75,,1002,prediction_only,0.22831680289121017,0.028539600361401272,0.7455971710641429,0.0,0.0,,3.3046455354951147,5.1797318518063715,0.995,0.0
critical_share,importance.crit_share,0.75,,1002,importance_only,0.922749537715177,0.11534369221439712,0.26282942721607894,0.11822368421052631,256.0,0.00360449038169991,2.610212800671148,4.391997302625579,0.973421052631579,0.25
critical_share,importance.crit_share,0.75,,1002,snr_threshold,0.6715738550813252,0.08394673188516565,0.38764821837489677,0.21947368421052632,256.0,0.0026233353714114264,2.861388483305,4.585478743927963,0.9819298245614035,0.5
critical_share,importance.crit_share,0.75,,1002,full_feedback,1.1101928904614402,0.13877411130768003,0.04517818146306644,0.3624342105263158,1024.0,0.0010841727445912502,2.4227694479248845,4.102320506125838,0.967280701754386,1.0
critical_share,importance.crit_share,0.75,,1002,Proposed_no_confidence,0.5759563303587406,0.07199454129484258,0.5096267537051785,0.1400657894736842,256.0,0.0022498294154638305,2.9570060080275846,4.768088566352,0.9846491228070176,0.35210526315789475
critical_share,importance.crit_share,0.75,,1002,Proposed_no_importance,0.6964448820522958,0.08705561025653698,0.46648527898705244,0.12664473684210525,256.0,0.0027204878205167806,2.836517456334029,4.579457898621853,0.9844736842105263,0.31394736842105264
critical_share,importance.crit_share,0.75,,1003,Exact,1.2802936903165392,0.1600367112895674,0.014439022784768486,0.21907894736842104,89.1621052631579,0.014359168466668779,2.2574299089699985,3.9427061266732824,0.9250877192982456,0.21907894736842104
critical_share,importance.crit_share,0.75,,1003,Optimised,0.8443341453248954,0.10554176816561192,0.42729440155430953,0.12651315789473686,256.0,0.0032981802551753725,2.6933894539616423,4.51174596310704,0.9608771929824561,0.33519736842105263
critical_share,importance.crit_share,0.75,,1003,Proposed,0.8614778513771482,0.10768473142214352,0.39691222167004764,0.12572368421052632,256.0,0.003365147856941985,2.6762457479093897,4.489863962036245,0.965,0.33690789473684213
critical_share,importance.crit_share,0.75,,1003,Baseline,1.176848210963559,0.14710602637044487,0.11829664335683336,0.21572368421052632,256.0,0.004597063324076402,2.360875388322979,4.132279297284493,0.9278070175438596,0.5
critical_share,importance.crit_share,0.75,,1003,prediction_only,0.45808528176787955,0.057260660220984944,0.5573427580772633,0.0,0.0,,3.0796383175186586,5.062972676016331,0.9587719298245614,0.0
critical_share,importance.crit_share,0.75,,1003,importance_only,1.098135429504475,0.13726692868805937,0.2233799102266141,0.10276315789473685,256.0,0.004289591521501855,2.4395881697820627,4.2731643631173855,0.9381578947368421,0.25
critical_share,importance.crit_share,0.75,,1003,snr_threshold,0.9932492635678671,0.12415615794598339,0.2493142303825993,0.20144736842105262,256.0,0.003879879935811981,2.5444743357186703,4.372865299304385,0.9371052631578948,0.5
critical_share,importance.crit_share,0.75,,1003,full_feedback,1.2618842705115454,0.15773553381394317,0.04067995813968809,0.3180921052631579,1024.0,0.001232308857921431,2.275839328774993,3.98240697835299,0.9255263157894736,1.0
critical_share,importance.crit_share,0.75,,1003,Proposed_no_confidence,0.823043540990769,0.10288044262384613,0.4308647306300273,0.1500657894736842,256.0,0.0032150138319951916,2.7146800582957686,4.4818927040909,0.9649122807017544,0.3755263157894737
critical_share,importance.crit_share,0.75,,1003,Proposed_no_importance,0.6791155136382663,0.08488943920478328,0.4794628349535638,0.11513157894736842,256.0,0.0026527949751494776,2.8586080856482714,4.720776946997886,0.9753508771929824,0.30986842105263157
critical_share,importance.crit_share,0.75,,1004,Exact,1.1264469431023332,0.14080586788779165,0.018364677061532702,0.2538157894736842,103.34315789473685,0.010900063110609684,2.3577484646976057,4.018750614429338,0.9706140350877193,0.2538157894736842
critical_share,importance.crit_share,0.75,,1004,Optimised,0.7600021203859791,0.09500026504824739,0.4272353137023184,0.13894736842105262,256.0,0.002968758282757731,2.72419328741396,4.486929333412842,0.9852631578947368,0.3296710526315789
critical_share,importance.crit_share,0.75,,1004,Proposed,0.7621111095659594,0.09526388869574492,0.39735169452015234,0.13651315789473684,256.0,0.002976996521742029,2.72208429823398,4.463733230790095,0.985701754385965,0.33144736842105266
critical_share,importance.crit_share,0.75,,1004,Baseline,1.0099772982798754,0.12624716228498442,0.13727697660642776,0.24717105263157896,256.0,0.003945223821405763,2.4742181095200633,4.180167926037545,0.972719298245614,0.5
critical_share,importance.crit_share,0.75,,1004,prediction_only,0.19552944136361153,0.02444118017045144,0.814252522006713,0.0,0.0,,3.288665966436328,5.233844201446878,0.9958771929824561,0.0
critical_share,importance.crit_share,0.75,,1004,importance_only,0.9459509145391495,0.11824386431739368,0.25019496742087105,0.11835526315789474,256.0,0.0036951207599185527,2.5382444932607897,4.343894884579347,0.9763157894736842,0.25
critical_share,importance.crit_share,0.75,,1004,snr_threshold,0.6699272345433847,0.08374090431792308,0.3780091093893604,0.22131578947368422,256.0,0.0026169032599350963,2.8142681732565547,4.656653530574257,0.9790350877192983,0.5
critical_share,importance.crit_share,0.75,,1004,full_feedback,1.1070323472030696,0.1383790434003837,0.044683813348000076,0.35986842105263156,1024.0,0.0010810862765654977,2.3771630605968697,4.039522095888409,0.9707894736842105,1.0
critical_share,importance.crit_share,0.75,,1004,Proposed_no_confidence,0.6684123515681218,0.08355154394601523,0.4619409623626629,0.14625,256.0,0.002610985748312976,2.815783056231817,4.613325026730874,0.9862280701754386,0.35947368421052633
critical_share,importance.crit_share,0.75,,1004,Proposed_no_importance,0.5946049874048831,0.07432562342561039,0.4959716463241394,0.12407894736842105,256.0,0.0023226757320503246,2.889590420395056,4.735204217415553,0.987719298245614,0.3138157894736842
critical_share,importance.crit_share,0.75,,1005,Exact,1.0611377343397892,0.13264221679247365,0.018476636995821673,0.2524342105263158,102.23157894736842,0.010379745136149091,2.3541808835449003,4.146253032106576,0.9732456140350877,0.2524342105263158
critical_share,importance.crit_share,0.75,,1005,Optimised,0.7203263771225528,0.0900407971403191,0.4039769159812705,0.14151315789473684,256.0,0.0028137749106349717,2.6949922407621365,4.592954476505238,0.9876315789473684,0.33657894736842103
critical_share,importance.crit_share,0.75,,1005,Proposed,0.722727029420289,0.09034087867753612,0.4250468290582689,0.14,256.0,0.002823152458673004,2.6925915884644005,4.577468935507443,0.9885964912280701,0.3348684210526316
critical_share,importance.crit_share,0.75,,1005,Baseline,0.9499310765154205,0.11874138456442757,0.1343981387053042,0.24802631578947368,256.0,0.0037106682676383614,2.465387541369269,4.322661137231013,0.9741228070175438,0.5
critical_share,importance.crit_share,0.75,,1005,prediction_only,0.25162211941425155,0.031452764926781444,0.7832244373080103,0.0,0.0,,3.1636964984704385,5.244655953856969,0.9948245614035087,0.0
critical_share,importance.crit_share,0.75,,1005,importance_only,0.865180086255969,0.10814751078199612,0.2670952024822523,0.12032894736842105,256.0,0.003379609711937379,2.5501385316287206,4.469685382462622,0.9814912280701754,0.25
critical_share,importance.crit_share,0.75,,1005,snr_threshold,0.5388803898181723,0.06736004872727154,0.4014156115646517,0.22723684210526315,256.0,0.0021050015227272356,2.876438228066517,4.883238567365772,0.9855263157894737,0.5
critical_share,importance.crit_share,0.75,,1005,full_feedback,1.0398723251982647,0.12998404064978308,0.04677746386834928,0.37414473684210525,1024.0,0.0010155003175764303,2.375446292686425,4.184135630098848,0.9733333333333334,1.0
critical_share,importance.crit_share,0.75,,1005,Proposed_no_confidence,0.6743132338519096,0.0842891542314887,0.44239389906600046,0.15447368421052632,256.0,0.0026340360697340217,2.74100538403278,4.62356804206382,0.9904385964912281,0.36546052631578946
critical_share,importance.crit_share,0.75,,1005,Proposed_no_importance,0.5981629050431188,0.07477036313038984,0.45028839144018296,0.12243421052631578,256.0,0.0023365738478246826,2.8171557128415707,4.722494791905846,0.9890350877192983,0.30875
critical_share,importance.crit_share,0.75,,1006,Exact,1.2316568598634856,0.1539571074829357,0.014693086368158057,0.23078947368421052,93.15368421052632,0.013221772926124472,2.2957160528107403,3.9471101278428473,0.9524561403508772,0.23078947368421052
critical_share,importance.crit_share,0.75,,1006,Optimised,0.8344592759392041,0.10430740949240051,0.4142250666961269,0.12401315789473684,256.0,0.003259606546637516,2.6929136367350215,4.506972747230351,0.9718421052631578,0.3288815789473684
critical_share,importance.crit_share,0.75,,1006,Proposed,0.8016720576004773,0.10020900720005967,0.43364406051650095,0.1274342105263158,256.0,0.0031315314750018646,2.725700855073749,4.579011486090239,0.9749122807017544,0.3305921052631579
critical_share,importance.crit_share,0.75,,1006,Baseline,1.1238453857193895,0.1404806732149237,0.12190334409554111,0.22855263157894737,256.0,0.004390021037966365,2.403527526954836,4.121207107332554,0.955,0.5
critical_share,importance.crit_share,0.75,,1006,prediction_only,0.5242922646791841,0.06553653308489801,0.5872918307729434,0.0,0.0,,3.003080647995042,4.921760765878916,0.9885964912280701,0.0
critical_share,importance.crit_share,0.75,,1006,importance_only,1.0461508684707579,0.13076885855884474,0.22792052495079676,0.10703947368421053,256.0,0.004086526829963898,2.4812220442034683,4.2616011801823905,0.9621052631578947,0.25
critical_share,importance.crit_share,0.75,,1006,snr_threshold,0.8716160237823769,0.10895200297279711,0.3209889402135164,0.20460526315789473,256.0,0.0034047500928999098,2.6557568888918492,4.467600549245543,0.9686842105263158,0.5
critical_share,importance.crit_share,0.75,,1006,full_feedback,1.2142363760696726,0.15177954700870908,0.040302224275746305,0.3319736842105263,1024.0,0.0011857777110055397,2.3131365366045533,3.9736874845160126,0.9527192982456141,1.0
critical_share,importance.crit_share,0.75,,1006,Proposed_no_confidence,0.758930219241607,0.09486627740520087,0.4372435156245255,0.12875,256.0,0.0029645711689125272,2.768442693432619,4.618016664286233,0.9737719298245614,0.34598684210526315
critical_share,importance.crit_share,0.75,,1006,Proposed_no_importance,0.7343292733129956,0.09179115916412445,0.4673957146379133,0.11894736842105263,256.0,0.002868473723878889,2.79304363936123,4.708451396797399,0.9752631578947368,0.31934210526315787
critical_share,importance.crit_share,0.75,,1007,Exact,1.1400361396170027,0.14250451745212533,0.017587440540719215,0.24736842105263157,101.28842105263158,0.011255345159587551,2.306505170358752,3.958490714531282,0.9657894736842105,0.24736842105263157
critical_share,importance.crit_share,0.75,,1007,Optimised,0.7862704807234475,0.09828381009043094,0.38741352326945167,0.13447368421052633,256.0,0.003071369065325967,2.6602708292523074,4.45570746359009,0.98,0.33453947368421055
critical_share,importance.crit_share,0.75,,1007,Proposed,0.6084148012101934,0.07605185015127418,0.4335457521967899,0.12585526315789475,256.0,0.002376620317227318,2.8381265087655616,4.681624039433356,0.9798245614035088,0.32552631578947366
critical_share,importance.crit_share,0.75,,1007,Baseline,1.0304987640380274,0.12881234550475343,0.13133604656993497,0.24947368421052632,256.0,0.004025385797023545,2.4160425459377275,4.1328861809498605,0.9681578947368421,0.5
critical_share,importance.crit_share,0.75,,1007,prediction_only,0.2772556171438827,0.03465695214298534,0.7864355383917118,0.0,0.0,,3.169285692831872,5.104534717692136,0.9947368421052631,0.0
critical_share,importance.crit_share,0.75,,1007,importance_only,0.9478253069058074,0.11847816336322592,0.2519558633763948,0.10980263157894737,256.0,0.00370244260510081,2.498716003069948,4.3179652345022745,0.975,0.25
critical_share,importance.crit_share,0.75,,1007,snr_threshold,0.6870629400628343,0.08588286750785429,0.34710040252734703,0.22210526315789475,256.0,0.0026838396096204465,2.759478369912921,4.633335782152575,0.9771929824561404,0.5
critical_share,importance.crit_share,0.75,,1007,full_feedback,1.1168838013331897,0.1396104751666487,0.04523335043571253,0.3568421052631579,1024.0,0.001090706837239443,2.329657508642565,3.9997795356955415,0.9659649122807018,1.0
critical_share,importance.crit_share,0.75,,1007,Proposed_no_confidence,0.7290066909998849,0.09112583637498561,0.451523757201065,0.14736842105263157,256.0,0.0028476823867183004,2.71753461897587,4.566279854094389,0.983421052631579,0.3645394736842105
critical_share,importance.crit_share,0.75,,1007,Proposed_no_importance,0.6911084720745797,0.08638855900932246,0.47406807681372487,0.1274342105263158,256.0,0.002699642469041327,2.755432837901175,4.58432004732355,0.9866666666666667,0.32032894736842105
critical_share,importance.crit_share,0.75,,1008,Exact,1.1354496626981645,0.14193120783727056,0.018228079379641278,0.24743421052631578,100.21052631578948,0.011330642642471179,2.3830617669455743,3.9968906464951086,0.9676315789473684,0.24743421052631578
critical_share,importance.crit_share,0.75,,1008,Optimised,0.7964737476824423,0.09955921846030528,0.39182693849477895,0.13664473684210526,256.0,0.00311122557688454,2.722037681961296,4.487177624841508,0.9828947368421053,0.33144736842105266
critical_share,importance.crit_share,0.75,,1008,Proposed,0.8006049559333119,0.10007561949166399,0.36625640088277567,0.14289473684210527,256.0,0.0031273631091144997,2.7179064737104266,4.4523803720442245,0.9846491228070176,0.33631578947368423
critical_share,importance.crit_share,0.75,,1008,Baseline,1.0310179226963314,0.12887724033704143,0.12922599285702466,0.23848684210526316,256.0,0.004027413760532545,2.4874935069474073,4.172508906505746,0.9696491228070175,0.5
critical_share,importance.crit_share,0.75,,1008,prediction_only,0.4064700418521956,0.05080875523152445,0.7507884389993759,0.0,0.0,,3.112041387791543,4.9927939276766375,0.994561403508772,0.0
critical_share,importance.crit_share,0.75,,1008,importance_only,0.9474831981341154,0.11843539976676443,0.2519032727349583,0.11473684210526315,256.0,0.0037011062427113883,2.5710282315096236,4.349137055894975,0.9742982456140351,0.25
critical_share,importance.crit_share,0.75,,1008,snr_threshold,0.6645761698533059,0.08307202123166324,0.40199387011888216,0.21855263157894736,256.0,0.0025960006634894763,2.8539352597904326,4.749600759939088,0.9828070175438597,0.5
critical_share,importance.crit_share,0.75,,1008,full_feedback,1.1142182505142937,0.1392772813142867,0.04716073871974619,0.35855263157894735,1024.0,0.001088103760267865,2.4042931791294455,4.032670168306676,0.9676315789473684,1.0
critical_share,importance.crit_share,0.75,,1008,Proposed_no_confidence,0.6897289553230145,0.08621611941537681,0.5106548203392988,0.14434210526315788,256.0,0.0026942537317305253,2.8287824743207244,4.692069724140949,0.9882456140350877,0.35796052631578945
critical_share,importance.crit_share,0.75,,1008,Proposed_no_importance,0.6928984102162773,0.08661230127703466,0.5257377410593483,0.12414473684210527,256.0,0.002706634414907333,2.825613019427461,4.592060419686371,0.9857894736842105,0.3169078947368421
critical_share,importance.crit_share,0.75,,1009,Exact,1.1910131172290614,0.14887663965363268,0.017270195616423588,0.24453947368421053,99.89052631578947,0.011923183921004134,2.28616968533053,3.9656827469200464,0.9425438596491228,0.24453947368421053
critical_share,importance.crit_share,0.75,,1009,Optimised,0.834892768040729,0.10436159600509112,0.38643375124033735,0.12822368421052632,256.0,0.0032612998751590976,2.642290034518862,4.453094506190434,0.9631578947368421,0.32980263157894735
critical_share,importance.crit_share,0.75,,1009,Proposed,0.8078281741229012,0.10097852176536265,0.40973211244990615,0.13125,256.0,0.003155578805167583,2.6693546284366905,4.431905008400842,0.9696491228070175,0.33631578947368423
critical_share,importance.crit_share,0.75,,1009,Baseline,1.0811429287316434,0.13514286609145543,0.1283026566473793,0.23625,256.0,0.004223214565357982,2.396039873827948,4.117360658041586,0.9464912280701754,0.5
critical_share,importance.crit_share,0.75,,1009,prediction_only,0.35989717996325393,0.04498714749540674,0.7154239369257064,0.0,0.0,,3.117285622596338,4.901485730417939,0.9759649122807017,0.0
critical_share,importance.crit_share,0.75,,1009,importance_only,1.008730908528879,0.12609136356610987,0.23957785057110642,0.10868421052631579,256.0,0.003940355111440933,2.4684518940307125,4.264306891837829,0.9523684210526315,0.25
critical_share,importance.crit_share,0.75,,1009,snr_threshold,0.8628566240827936,0.1078570780103492,0.32103055466657404,0.20782894736842106,256.0,0.0033705336878234126,2.614326178476798,4.361875062525626,0.9599122807017544,0.5
critical_share,importance.crit_share,0.75,,1009,full_feedback,1.172850819261169,0.14660635240764613,0.04288974856607558,0.3458552631578947,1024.0,0.0011453621281847354,2.304331983298423,3.986825762416464,0.9429824561403509,1.0
critical_share,importance.crit_share,0.75,,1009,Proposed_no_confidence,0.6134407305466668,0.07668009131833335,0.4930867914446666,0.13835526315789473,256.0,0.0023962528536979172,2.8637420720129247,4.6775859812442135,0.972719298245614,0.35289473684210526
critical_share,importance.crit_share,0.75,,1009,Proposed_no_importance,0.6731673635391996,0.08414592044239995,0.4899230502558667,0.12309210526315789,256.0,0.0026295600138249984,2.8040154390203917,4.620730637697189,0.9771929824561404,0.31802631578947366
