sweep,param,x,x2,seed,scheme,utility,utility_per_user,regret,switch_rate,bits,utility_per_bit,loss,cvar,violation_rate,fb_share
users,system.K,2,,1000,Exact,0.3394833878057655,0.16974169390288274,0.03469855945151478,0.22789473684210526,17.263157894736842,0.01966519624484617,0.4858776174319406,1.248372305204099,0.9273684210526316,0.22789473684210526
users,system.K,2,,1000,Optimised,0.27636973098187784,0.13818486549093892,0.2677667192487906,0.22210526315789475,64.0,0.004318277046591841,0.5489912742558283,1.3751274390444934,0.9573684210526315,0.5
users,system.K,2,,1000,Proposed,0.2738148284086895,0.13690741420434474,0.27042993497327905,0.22421052631578947,64.0,0.004278356693885773,0.5515461768290166,1.3810162042974672,0.958421052631579,0.5
users,system.K,2,,1000,Baseline,0.302482895452532,0.151241447726266,0.13964122241534818,0.24973684210526315,64.0,0.004726295241445812,0.5228781097851741,1.3200807929026368,0.9342105263157895,0.5
users,system.K,2,,1000,prediction_only,0.0767360845580239,0.03836804227901195,0.6679707215416191,0.0,0.0,,0.7486249206796821,1.7427698913567915,0.9642105263157895,0.0
users,system.K,2,,1000,importance_only,0.0767360845580239,0.03836804227901195,0.6679707215416191,0.0,0.0,,0.7486249206796821,1.7427698913567915,0.9642105263157895,0.0
users,system.K,2,,1000,snr_threshold,0.23360715568514132,0.11680357784257066,0.3029727578996195,0.21394736842105264,64.0,0.003650111807580333,0.5917538495525647,1.497524328123891,0.9394736842105263,0.5
users,system.K,2,,1000,full_feedback,0.33722621471732306,0.16861310735866153,0.04708449786066112,0.3794736842105263,256.0,0.0013172899012395432,0.48813479052038294,1.2480919297567643,0.9268421052631579,1.0
users,system.K,2,,1000,Proposed_no_confidence,0.23458332265226714,0.11729166132613357,0.4050336519696583,0.2528947368421053,64.0,0.003665364416441674,0.5907776825854388,1.4315207738785727,0.9763157894736842,0.541578947368421
users,system.K,2,,1000,Proposed_no_importance,0.26815766896484344,0.13407883448242172,0.2819838854656943,0.22157894736842104,64.0,0.004189963577575679,0.5572033362728627,1.3738333729788468,0.9552631578947368,0.5
users,system.K,2,,1001,Exact,0.3565473496083905,0.17827367480419526,0.021560664048513454,0.14578947368421052,11.233684210526317,0.03173912876011722,0.45657090037291176,1.3053954990176524,0.9431578947368421,0.14578947368421052
users,system.K,2,,1001,Optimised,0.31855037116545076,0.15927518558272538,0.1756076938759422,0.1636842105263158,64.0,0.004977349549460168,0.4945678788158514,1.391363162966759,0.9578947368421052,0.5
users,system.K,2,,1001,Proposed,0.3185262528247211,0.15926312641236054,0.17689405615885562,0.15263157894736842,64.0,0.004976972700386267,0.49459199715658103,1.3903824368153077,0.9573684210526315,0.5
users,system.K,2,,1001,Baseline,0.3407518873110159,0.17037594365550796,0.09480055495528072,0.16473684210526315,64.0,0.005324248239234624,0.47236636267028626,1.3428015086525535,0.9457894736842105,0.5
users,system.K,2,,1001,prediction_only,0.2563723220415158,0.1281861610207579,0.3174658930813251,0.0,0.0,,0.5567459279397865,1.4758126899428472,0.9905263157894737,0.0
users,system.K,2,,1001,importance_only,0.2563723220415158,0.1281861610207579,0.3174658930813251,0.0,0.0,,0.5567459279397865,1.4758126899428472,0.9905263157894737,0.0
users,system.K,2,,1001,snr_threshold,0.3329070759693839,0.16645353798469195,0.10602590936261425,0.19052631578947368,64.0,0.0052016730620216235,0.4802111740119183,1.386190629105537,0.9463157894736842,0.5
users,system.K,2,,1001,full_feedback,0.355944334986434,0.177972167493217,0.035905579116723006,0.2413157894736842,256.0,0.0013904075585407579,0.4571739149948682,1.312901786462117,0.9431578947368421,1.0
users,system.K,2,,1001,Proposed_no_confidence,0.30833594192661284,0.15416797096330642,0.24435083090836635,0.16210526315789472,64.0,0.004817749092603326,0.5047823080546894,1.3964401403433635,0.9621052631578947,0.5313157894736842
users,system.K,2,,1001,Proposed_no_importance,0.3005830324961359,0.15029151624806794,0.2457269693449827,0.13631578947368422,64.0,0.004696609882752123,0.5125352174851663,1.3683664196564953,0.9642105263157895,0.5
users,system.K,2,,1002,Exact,0.31806828882481786,0.15903414441240893,0.03693782774407171,0.23763157894736842,17.953684210526315,0.0177160456369358,0.5190843821459081,1.3834486648064954,0.9478947368421052,0.23763157894736842
users,system.K,2,,1002,Optimised,0.2552070234272872,0.1276035117136436,0.2643927828188018,0.21552631578947368,64.0,0.003987609741051362,0.5819456475434388,1.493281461357376,0.9642105263157895,0.5
users,system.K,2,,1002,Proposed,0.2545853081892415,0.12729265409462076,0.2698322384535445,0.21842105263157896,64.0,0.003977895440456899,0.5825673627814845,1.5084444972305875,0.9652631578947368,0.5
users,system.K,2,,1002,Baseline,0.2860431740958235,0.14302158704791176,0.1317033360175532,0.2431578947368421,64.0,0.004469424595247243,0.5511094968749024,1.4841194581029062,0.9510526315789474,0.5
users,system.K,2,,1002,prediction_only,0.12048760141909844,0.06024380070954922,0.6501209155777213,0.0,0.0,,0.7166650695516275,1.704266685843679,1.0,0.0
users,system.K,2,,1002,importance_only,0.12048760141909844,0.06024380070954922,0.6501209155777213,0.0,0.0,,0.7166650695516275,1.704266685843679,1.0,0.0
users,system.K,2,,1002,snr_threshold,0.23644293472305225,0.11822146736152613,0.29531828457414666,0.21710526315789475,64.0,0.0036944208550476914,0.6007097362476737,1.5123851985689685,0.9794736842105263,0.5
users,system.K,2,,1002,full_feedback,0.31640753715091874,0.15820376857545937,0.04566611494438395,0.36526315789473685,256.0,0.0012359669419957763,0.5207451338198072,1.3908659574206939,0.9473684210526315,1.0
users,system.K,2,,1002,Proposed_no_confidence,0.24656913449105686,0.12328456724552843,0.309483455181214,0.23973684210526316,64.0,0.0038526427264227634,0.590583536479669,1.5058836740879864,0.9678947368421053,0.5455263157894736
users,system.K,2,,1002,Proposed_no_importance,0.24216283905945554,0.12108141952972777,0.28912678975827555,0.21157894736842106,64.0,0.003783794360303993,0.5949898319112703,1.4989924108828336,0.9763157894736842,0.5
users,system.K,2,,1003,Exact,0.29948081224330486,0.14974040612165243,0.03299751299558909,0.23,17.51578947368421,0.017097762718217523,0.5361807305908874,1.2968425711703924,0.9789473684210527,0.23
users,system.K,2,,1003,Optimised,0.26458789891887424,0.13229394945943712,0.20684501982615447,0.20526315789473684,64.0,0.00413418592060741,0.571073643915318,1.3727427485316874,0.98,0.5
users,system.K,2,,1003,Proposed,0.25472448741396936,0.12736224370698468,0.24760061951380577,0.20578947368421052,64.0,0.003980070115843271,0.5809370554202228,1.381733238350351,0.988421052631579,0.5
users,system.K,2,,1003,Baseline,0.27522680033261837,0.13761340016630919,0.1319294998047798,0.25,64.0,0.004300418755197162,0.5604347425015739,1.383391043946985,0.9805263157894737,0.5
users,system.K,2,,1003,prediction_only,0.12620207402642214,0.06310103701321107,0.6769646958876933,0.0,0.0,,0.7094594688077701,1.6939024032104797,1.0,0.0
users,system.K,2,,1003,importance_only,0.12620207402642214,0.06310103701321107,0.6769646958876933,0.0,0.0,,0.7094594688077701,1.6939024032104797,1.0,0.0
users,system.K,2,,1003,snr_threshold,0.15428427477251772,0.07714213738625886,0.3694586923441936,0.23526315789473684,64.0,0.0024106917933205893,0.6813772680616746,1.63096659867133,0.9794736842105263,0.5
users,system.K,2,,1003,full_feedback,0.29791599770421684,0.14895799885210842,0.049567436340261894,0.3655263157894737,256.0,0.001163734366032097,0.5377455451299755,1.3062793133985238,0.9789473684210527,1.0
users,system.K,2,,1003,Proposed_no_confidence,0.22984699867541716,0.11492349933770858,0.29303890899026447,0.23789473684210527,64.0,0.003591359354303393,0.6058145441587751,1.4573506141048493,0.9910526315789474,0.5518421052631579
users,system.K,2,,1003,Proposed_no_importance,0.22879394745607717,0.11439697372803859,0.30796969287501763,0.20578947368421052,64.0,0.003574905429001206,0.6068675953781151,1.434187594776698,0.9926315789473684,0.5
users,system.K,2,,1004,Exact,0.33743749160187,0.168718745800935,0.030350100015523622,0.21026315789473685,16.202105263157893,0.0208267682576518,0.4970490621432113,1.3366826548441717,0.9678947368421053,0.21026315789473685
users,system.K,2,,1004,Optimised,0.3014625345346232,0.1507312672673116,0.18941568259215333,0.19236842105263158,64.0,0.004710352102103487,0.533024019210458,1.4437192012632851,0.9705263157894737,0.5
users,system.K,2,,1004,Proposed,0.30311616580870254,0.15155808290435127,0.1845557656773037,0.19394736842105262,64.0,0.004736190090760977,0.5313703879363787,1.442129643369322,0.9705263157894737,0.5
users,system.K,2,,1004,Baseline,0.314087735711857,0.1570438678559285,0.12243938202883187,0.21973684210526315,64.0,0.004907620870497766,0.5203988180332242,1.3951215107966148,0.9689473684210527,0.5
users,system.K,2,,1004,prediction_only,0.13685284619364457,0.06842642309682229,0.7059093066157386,0.0,0.0,,0.6976337075514366,1.7062972463533215,1.0,0.0
users,system.K,2,,1004,importance_only,0.13685284619364457,0.06842642309682229,0.7059093066157386,0.0,0.0,,0.6976337075514366,1.7062972463533215,1.0,0.0
users,system.K,2,,1004,snr_threshold,0.23913642790737147,0.11956821395368573,0.23864879413644974,0.2163157894736842,64.0,0.003736506686052679,0.5953501258377097,1.5305925905410491,0.9763157894736842,0.5
users,system.K,2,,1004,full_feedback,0.3365452061592072,0.1682726030796036,0.04183432981118228,0.3336842105263158,256.0,0.001314629711559403,0.497941347585874,1.3397865401617277,0.9678947368421053,1.0
users,system.K,2,,1004,Proposed_no_confidence,0.2499908276119268,0.1249954138059634,0.21613969674123082,0.2236842105263158,64.0,0.0039061066814363565,0.5844957261331545,1.5292420589195759,0.968421052631579,0.5060526315789474
users,system.K,2,,1004,Proposed_no_importance,0.2750973704504531,0.13754868522522656,0.27081938607641753,0.19342105263157894,64.0,0.00429839641328833,0.5593891832946281,1.4638904594638362,0.98,0.5
users,system.K,2,,1005,Exact,0.2905655491410931,0.14528277457054656,0.033974895141789245,0.23210526315789473,17.650526315789474,0.016462146450622522,0.49868224460556,1.4421950873266651,0.9552631578947368,0.23210526315789473
users,system.K,2,,1005,Optimised,0.24529752322474038,0.12264876161237019,0.23205960866469635,0.2113157894736842,64.0,0.0038327738003865685,0.5439502705219127,1.5359187995159218,0.9663157894736842,0.5
users,system.K,2,,1005,Proposed,0.25037068838330967,0.12518534419165483,0.21222744439450322,0.2118421052631579,64.0,0.003912042005989214,0.5388771053633434,1.541545690248075,0.9631578947368421,0.5
users,system.K,2,,1005,Baseline,0.26141284476389864,0.13070642238194932,0.14219312325772165,0.24526315789473685,64.0,0.004084575699435916,0.5278349489827544,1.5243118438642578,0.958421052631579,0.5
users,system.K,2,,1005,prediction_only,0.054981831601929036,0.027490915800964518,0.6700938594723869,0.0,0.0,,0.7342659621447241,1.7680160001172596,0.9842105263157894,0.0
users,system.K,2,,1005,importance_only,0.054981831601929036,0.027490915800964518,0.6700938594723869,0.0,0.0,,0.7342659621447241,1.7680160001172596,0.9842105263157894,0.0
users,system.K,2,,1005,snr_threshold,0.2196243716595603,0.10981218582978015,0.26860657921871384,0.20894736842105263,64.0,0.00343163080718063,0.5696234220870928,1.5938693386235598,0.9663157894736842,0.5
users,system.K,2,,1005,full_feedback,0.29103758133335267,0.14551879066667633,0.04506133347773098,0.36157894736842106,256.0,0.0011368655520834089,0.4982102124133005,1.4393809209491406,0.9542105263157895,1.0
users,system.K,2,,1005,Proposed_no_confidence,0.2341701757576459,0.11708508787882295,0.29360204540004575,0.24210526315789474,64.0,0.003658908996213217,0.5550776179890072,1.5371307176070932,0.9778947368421053,0.5473684210526316
users,system.K,2,,1005,Proposed_no_importance,0.23187258859968654,0.11593629429984327,0.2641706726286429,0.21236842105263157,64.0,0.003623009196870102,0.5573752051469666,1.5569350875830148,0.9694736842105263,0.5
users,system.K,2,,1006,Exact,0.3213111346104611,0.16065556730523056,0.029462210531588564,0.2186842105263158,16.87578947368421,0.019039769079337455,0.4669227594730799,1.2683007507329565,0.9473684210526315,0.2186842105263158
users,system.K,2,,1006,Optimised,0.26618103059849246,0.13309051529924623,0.2627891538883739,0.21605263157894736,64.0,0.004159078603101445,0.5220528634850485,1.407700825832793,0.9631578947368421,0.5
users,system.K,2,,1006,Proposed,0.27077468113462805,0.13538734056731402,0.256356154383945,0.21657894736842107,64.0,0.004230854392728563,0.517459212948913,1.3928796114414999,0.9647368421052631,0.5
users,system.K,2,,1006,Baseline,0.2968913552344428,0.1484456776172214,0.11921580652231883,0.2373684210526316,64.0,0.004638927425538169,0.4913425388490981,1.3445014125035901,0.9515789473684211,0.5
users,system.K,2,,1006,prediction_only,0.039187026515224564,0.019593513257612282,0.8878424464381355,0.0,0.0,,0.7490468675683164,1.791361813254461,1.0,0.0
users,system.K,2,,1006,importance_only,0.039187026515224564,0.019593513257612282,0.8878424464381355,0.0,0.0,,0.7490468675683164,1.791361813254461,1.0,0.0
users,system.K,2,,1006,snr_threshold,0.1951535870437226,0.0975767935218613,0.3486369039877943,0.2031578947368421,64.0,0.0030492747975581656,0.5930803070398183,1.605437406413852,0.9610526315789474,0.5
users,system.K,2,,1006,full_feedback,0.3192682642819761,0.15963413214098804,0.03943168442294326,0.3394736842105263,256.0,0.001247141657351469,0.4689656298015649,1.274467269737824,0.9473684210526315,1.0
users,system.K,2,,1006,Proposed_no_confidence,0.26140367591239105,0.13070183795619553,0.2817815993570722,0.2305263157894737,64.0,0.00408443243613111,0.5268302181711499,1.3784154277969227,0.9663157894736842,0.5426315789473685
users,system.K,2,,1006,Proposed_no_importance,0.25375856102282884,0.12687928051141442,0.2954941263462916,0.2055263157894737,64.0,0.003964977515981701,0.534475333060712,1.4113334299753446,0.9726315789473684,0.5
users,system.K,2,,1007,Exact,0.35712162903747513,0.17856081451873757,0.031427266542838186,0.2318421052631579,17.768421052631577,0.02009866988066359,0.4473524991758894,1.2110430342653453,0.9236842105263158,0.2318421052631579
users,system.K,2,,1007,Optimised,0.304712619130317,0.1523563095651585,0.21198701410339296,0.22157894736842104,64.0,0.004761134673911203,0.49976150908304756,1.3638092375900719,0.9457894736842105,0.5
users,system.K,2,,1007,Proposed,0.3089848555203612,0.1544924277601806,0.19896690222028127,0.2326315789473684,64.0,0.004827888367505644,0.49548927269300336,1.3449559690300081,0.9421052631578948,0.5
users,system.K,2,,1007,Baseline,0.32521617360010363,0.16260808680005182,0.12109190477375971,0.23605263157894738,64.0,0.005081502712501619,0.4792579546132609,1.3135498064191797,0.9278947368421052,0.5
users,system.K,2,,1007,prediction_only,0.1762510255083721,0.08812551275418605,0.48368526652229704,0.0,0.0,,0.6282231027049924,1.5838564606351884,0.9821052631578947,0.0
users,system.K,2,,1007,importance_only,0.1762510255083721,0.08812551275418605,0.48368526652229704,0.0,0.0,,0.6282231027049924,1.5838564606351884,0.9821052631578947,0.0
users,system.K,2,,1007,snr_threshold,0.2704611813646364,0.1352305906823182,0.25023003118430864,0.20868421052631578,64.0,0.004225955958822444,0.5340129468487281,1.417327762125778,0.9610526315789474,0.5
users,system.K,2,,1007,full_feedback,0.3538919665242233,0.17694598326211164,0.04048694644524446,0.3444736842105263,256.0,0.0013823904942352472,0.4505821616891412,1.2309225239773374,0.9242105263157895,1.0
users,system.K,2,,1007,Proposed_no_confidence,0.26500270561260236,0.13250135280630118,0.34847675697179425,0.22605263157894737,64.0,0.004140667275196912,0.5394714226007622,1.4173939955690824,0.9731578947368421,0.5197368421052632
users,system.K,2,,1007,Proposed_no_importance,0.28584760096598144,0.14292380048299072,0.26729416272968737,0.2218421052631579,64.0,0.00446636876509346,0.5186265272473831,1.3839068892547464,0.9378947368421052,0.5
users,system.K,2,,1008,Exact,0.32508694211321915,0.16254347105660957,0.03584163967848126,0.23868421052631578,18.307368421052633,0.01775716392637754,0.4946002472914069,1.2660803968935384,0.9768421052631578,0.23868421052631578
users,system.K,2,,1008,Optimised,0.24444472522655059,0.12222236261327529,0.4064173509544437,0.2005263157894737,64.0,0.003819448831664853,0.5752424641780755,1.4068631859905478,0.9910526315789474,0.5
users,system.K,2,,1008,Proposed,0.25322680387647156,0.12661340193823578,0.32058753002633134,0.20526315789473684,64.0,0.003956668810569868,0.5664603855281546,1.380536374028376,0.9936842105263158,0.5
users,system.K,2,,1008,Baseline,0.2959435998920466,0.1479717999460233,0.12790650788304037,0.24973684210526315,64.0,0.004624118748313228,0.5237435895125795,1.3583074261476988,0.978421052631579,0.5
users,system.K,2,,1008,prediction_only,0.16238994404579446,0.08119497202289723,0.5405395336513984,0.0,0.0,,0.6572972453588315,1.6010835553748097,0.9931578947368421,0.0
users,system.K,2,,1008,importance_only,0.16238994404579446,0.08119497202289723,0.5405395336513984,0.0,0.0,,0.6572972453588315,1.6010835553748097,0.9931578947368421,0.0
users,system.K,2,,1008,snr_threshold,0.16078867701261157,0.08039433850630578,0.40096836685879134,0.22605263157894737,64.0,0.0025123230783220558,0.6588985123920145,1.6299730670342847,0.9789473684210527,0.5
users,system.K,2,,1008,full_feedback,0.3241210553427181,0.16206052767135906,0.04436875998727687,0.3618421052631579,256.0,0.0012660978724324927,0.49556613406190797,1.2628179699577657,0.9768421052631578,1.0
users,system.K,2,,1008,Proposed_no_confidence,0.24459726702339232,0.12229863351169616,0.33518861841105047,0.21947368421052632,64.0,0.003821832297240505,0.5750899223812338,1.4147871507744918,0.9957894736842106,0.5228947368421053
users,system.K,2,,1008,Proposed_no_importance,0.25435778198745274,0.12717889099372637,0.286179741425099,0.21578947368421053,64.0,0.003974340343553949,0.5653294074171733,1.3746870838069007,0.9863157894736843,0.5
users,system.K,2,,1009,Exact,0.2971631482221401,0.14858157411107006,0.03533039219525802,0.22078947368421054,16.89263157894737,0.017591288061505055,0.5345842222732186,1.4127189636540696,0.9863157894736843,0.22078947368421054
users,system.K,2,,1009,Optimised,0.2516630985955729,0.12583154929778645,0.23189471969666312,0.2236842105263158,64.0,0.0039322359155558265,0.5800842718997856,1.5189892040545296,0.988421052631579,0.5
users,system.K,2,,1009,Proposed,0.2526246313678538,0.1263123156839269,0.23314803787360042,0.22631578947368422,64.0,0.0039472598651227155,0.5791227391275049,1.5151579046797534,0.988421052631579,0.5
users,system.K,2,,1009,Baseline,0.2687806889866611,0.13439034449333054,0.1328573162887426,0.2413157894736842,64.0,0.004199698265416579,0.5629666815086974,1.4806003404380406,0.9863157894736843,0.5
users,system.K,2,,1009,prediction_only,0.1413406388945541,0.07067031944727704,0.6084820817539701,0.0,0.0,,0.6904067316008045,1.6763816983290476,1.0,0.0
users,system.K,2,,1009,importance_only,0.1413406388945541,0.07067031944727704,0.6084820817539701,0.0,0.0,,0.6904067316008045,1.6763816983290476,1.0,0.0
users,system.K,2,,1009,snr_threshold,0.22721696337169,0.113608481685845,0.21868570812353846,0.21473684210526317,64.0,0.0035502650526826563,0.6045304071236687,1.5799062316800292,0.9878947368421053,0.5
users,system.K,2,,1009,full_feedback,0.2931496871222151,0.14657484356110756,0.05009002354910823,0.36526315789473685,256.0,0.0011451159653211528,0.5385976833731435,1.4235774590581618,0.9863157894736843,1.0
users,system.K,2,,1009,Proposed_no_confidence,0.24455912102086166,0.12227956051043083,0.25498049404816764,0.24368421052631578,64.0,0.0038212362659509635,0.5871882494744969,1.5531768150638559,0.9894736842105263,0.5376315789473685
users,system.K,2,,1009,Proposed_no_importance,0.22804315205741815,0.11402157602870908,0.3178503760640337,0.21394736842105264,64.0,0.0035631742508971586,0.6037042184379405,1.5345996960928219,0.9926315789473684,0.5
users,system.K,4,,1000,Exact,0.9066958125304173,0.22667395313260433,0.021434263104097174,0.23592105263157895,44.58105263157895,0.02033814275368097,0.6207817027318188,1.4764646923507263,0.9373684210526316,0.23592105263157895
users,system.K,4,,1000,Optimised,0.7074195090103291,0.17685487725258228,0.31383246437609014,0.1730263157894737,128.0,0.005526714914143196,0.8200580062519068,1.8743910406986835,0.9947368421052631,0.3821052631578947
users,system.K,4,,1000,Proposed,0.7390748039310304,0.1847687009827576,0.2941946844849684,0.17986842105263157,128.0,0.005774021905711175,0.7884027113312057,1.8825404774421368,0.958421052631579,0.4
users,system.K,4,,1000,Baseline,0.8274851052403627,0.20687127631009067,0.12375420560932765,0.235,128.0,0.006464727384690333,0.6999924100218736,1.7036963233716922,0.9405263157894737,0.5
users,system.K,4,,1000,prediction_only,0.32834618899750095,0.08208654724937524,0.5548038331366418,0.0,0.0,,1.1991313262647352,2.4576410320301827,0.9536842105263158,0.0
users,system.K,4,,1000,importance_only,0.7677244560595943,0.19193111401489857,0.24534103188472894,0.11513157894736842,128.0,0.00599784731296558,0.7597530592026418,1.8532529416740773,0.9410526315789474,0.25
users,system.K,4,,1000,snr_threshold,0.6511880984637226,0.16279702461593065,0.28281711792034214,0.21513157894736842,128.0,0.005087407019247833,0.8762894167985136,2.0493706055237344,0.9442105263157895,0.5
users,system.K,4,,1000,full_feedback,0.8944064083700636,0.2236016020925159,0.03958208682380333,0.34789473684210526,512.0,0.0017468875163477804,0.6330711068921726,1.5193921148232434,0.9373684210526316,1.0
users,system.K,4,,1000,Proposed_no_confidence,0.49881034665528484,0.12470258666382121,0.5040368852268134,0.18947368421052632,128.0,0.003896955833244413,1.028667168606951,2.1111789110106636,0.9973684210526316,0.45842105263157895
users,system.K,4,,1000,Proposed_no_importance,0.6807214793182634,0.17018036982956586,0.28721139769356546,0.1731578947368421,128.0,0.005318136557173933,0.8467560359439726,2.0127291371615033,0.9721052631578947,0.39671052631578946
users,system.K,4,,1001,Exact,0.824310012130247,0.20607750303256175,0.024815944100851556,0.2361842105263158,45.72631578947368,0.018027037558097023,0.6676483529271803,1.6529450575604163,0.9610526315789474,0.2361842105263158
users,system.K,4,,1001,Optimised,0.6609764822992924,0.1652441205748231,0.3050931186581093,0.1693421052631579,128.0,0.005163878767963222,0.8309818827581349,1.9414905208810673,0.9836842105263158,0.38105263157894737
users,system.K,4,,1001,Proposed,0.6614736378194871,0.16536840945487177,0.27535232986709424,0.18078947368421053,128.0,0.005167762795464743,0.8304847272379402,1.9293239627454426,0.9805263157894737,0.3935526315789474
users,system.K,4,,1001,Baseline,0.7574697157578468,0.1893674289394617,0.13425026407407945,0.24118421052631578,128.0,0.005917732154358178,0.7344886492995805,1.7888286370770985,0.9647368421052631,0.5
users,system.K,4,,1001,prediction_only,0.3343508392989639,0.08358770982474098,0.6937599055501141,0.0,0.0,,1.1576075257584635,2.3629469482901118,1.0,0.0
users,system.K,4,,1001,importance_only,0.7076865847407244,0.1769216461851811,0.2334300517585483,0.11578947368421053,128.0,0.00552880144328691,0.7842717803167029,1.887452112664461,0.9678947368421053,0.25
users,system.K,4,,1001,snr_threshold,0.5992263286629822,0.14980658216574555,0.31586415376726396,0.21394736842105264,128.0,0.004681455692679548,0.8927320363944452,2.020041678592731,0.9794736842105263,0.5
users,system.K,4,,1001,full_feedback,0.8136639757385633,0.20341599393464083,0.0477609199234103,0.36407894736842106,512.0,0.0015891874526143815,0.6782943893188643,1.6685778521473453,0.9626315789473684,1.0
users,system.K,4,,1001,Proposed_no_confidence,0.4801099497010667,0.12002748742526667,0.4287540115691912,0.18789473684210525,128.0,0.0037508589820395835,1.0118484153563607,2.1784770363148485,0.9747368421052631,0.4201315789473684
users,system.K,4,,1001,Proposed_no_importance,0.6269473857235883,0.15673684643089708,0.3000219462006929,0.18223684210526317,128.0,0.004898026450965534,0.8650109793338391,1.9776796212899794,0.9731578947368421,0.38763157894736844
users,system.K,4,,1002,Exact,0.8758047268553636,0.2189511817138409,0.018014337951213634,0.2005263157894737,37.67578947368421,0.02324582282388789,0.6410308149715651,1.6660366383771963,0.8378947368421052,0.2005263157894737
users,system.K,4,,1002,Optimised,0.7413593510448709,0.18533983776121774,0.20028080044183297,0.16486842105263158,128.0,0.005791869930038054,0.775476190782058,1.973773367164365,0.88,0.3865789473684211
users,system.K,4,,1002,Proposed,0.6799151233139118,0.16997878082847795,0.2891382205639253,0.16328947368421054,128.0,0.005311836900889936,0.8369204185130169,1.9938336016027438,0.9068421052631579,0.3873684210526316
users,system.K,4,,1002,Baseline,0.8042065653143314,0.20105164132858286,0.11841073186461389,0.20776315789473684,128.0,0.006282863791518214,0.7126289765125974,1.8084150450558518,0.8389473684210527,0.5
users,system.K,4,,1002,prediction_only,0.5598138193687268,0.1399534548421817,0.35267927824138945,0.0,0.0,,0.9570217224582019,2.3062041806301785,0.838421052631579,0.0
users,system.K,4,,1002,importance_only,0.7553270602195005,0.18883176505487512,0.2193074581170272,0.09105263157894737,128.0,0.005900992657964847,0.7615084816074283,1.9160533076153616,0.8452631578947368,0.25
users,system.K,4,,1002,snr_threshold,0.6829707811249747,0.17074269528124367,0.23331376397941966,0.20710526315789474,128.0,0.005335709227538865,0.8338647607019541,2.016808070797315,0.8557894736842105,0.5
users,system.K,4,,1002,full_feedback,0.8642490652489695,0.21606226631224237,0.0407058583286153,0.30355263157894735,512.0,0.0016879864555643935,0.6525864765779591,1.6962820381459935,0.838421052631579,1.0
users,system.K,4,,1002,Proposed_no_confidence,0.6704612350585122,0.16761530876462805,0.24559147792393274,0.1875,128.0,0.0052379783988946264,0.8463743067684165,1.9833414461803485,0.8747368421052631,0.46407894736842104
users,system.K,4,,1002,Proposed_no_importance,0.6892697562840607,0.17231743907101518,0.25875648362950043,0.16815789473684212,128.0,0.0053849199709692245,0.827565785542868,2.0403888957044534,0.9036842105263158,0.4073684210526316
users,system.K,4,,1003,Exact,0.8454449869904385,0.21136124674760962,0.02204456018311302,0.21986842105263157,41.36421052631579,0.020439045644363715,0.6838265237051326,1.7072060140638052,0.9615789473684211,0.21986842105263157
users,system.K,4,,1003,Optimised,0.7190976052130998,0.17977440130327496,0.229892439602655,0.1676315789473684,128.0,0.0056179500407273425,0.8101739054824711,1.9730723449015264,0.9694736842105263,0.3821052631578947
users,system.K,4,,1003,Proposed,0.6825388362624761,0.17063470906561903,0.276863518607919,0.1713157894736842,128.0,0.005332334658300595,0.846732674433095,1.9898758536884167,0.9810526315789474,0.3819736842105263
users,system.K,4,,1003,Baseline,0.7730815858659861,0.19327039646649652,0.1271716168876782,0.2325,128.0,0.006039699889578016,0.7561899248295849,1.8490056558209715,0.9636842105263158,0.5
users,system.K,4,,1003,prediction_only,0.3155494348771469,0.07888735871928672,0.7215730832838306,0.0,0.0,,1.2137220758184242,2.4907334137352315,1.0,0.0
users,system.K,4,,1003,importance_only,0.7214604679925541,0.18036511699813854,0.2398709696283352,0.10736842105263159,128.0,0.005636409906191829,0.807811042703017,1.926593247775563,0.9663157894736842,0.25
users,system.K,4,,1003,snr_threshold,0.5842294382883002,0.14605735957207505,0.3263919411642118,0.2131578947368421,128.0,0.004564292486627345,0.9450420724072708,2.0890774336350657,0.9621052631578947,0.5
users,system.K,4,,1003,full_feedback,0.8344796109181817,0.20861990272954542,0.04269509392085861,0.33473684210526317,512.0,0.0016298429900745736,0.6947918997773894,1.7346712306267127,0.9615789473684211,1.0
users,system.K,4,,1003,Proposed_no_confidence,0.6590093126301989,0.16475232815754973,0.3465941505408614,0.2013157894736842,128.0,0.005148510254923429,0.8702621980653722,2.0438167153455122,0.9894736842105263,0.4664473684210526
users,system.K,4,,1003,Proposed_no_importance,0.6799854419442594,0.16999636048606484,0.25681063919761976,0.17210526315789473,128.0,0.005312386265189526,0.8492860687513116,2.0048849832597506,0.9778947368421053,0.391578947368421
users,system.K,4,,1004,Exact,0.8309385670560383,0.20773464176400958,0.024683649187731638,0.24210526315789474,46.04631578947368,0.01804571229661751,0.689043830575308,1.7194682109745225,0.9752631578947368,0.24210526315789474
users,system.K,4,,1004,Optimised,0.6487336934565655,0.16218342336414138,0.3704637076842414,0.16671052631578948,128.0,0.005068231980129418,0.8712487041747806,2.0256377382216213,0.9931578947368421,0.37026315789473685
users,system.K,4,,1004,Proposed,0.5317409464944308,0.1329352366236077,0.4164162041512997,0.15473684210526314,128.0,0.004154226144487741,0.9882414511369154,2.27196962048885,0.9963157894736843,0.36026315789473684
users,system.K,4,,1004,Baseline,0.7570210851161142,0.18925527127902855,0.12994824279031367,0.23855263157894738,128.0,0.005914227227469642,0.7629613125152321,1.8586192649167825,0.9757894736842105,0.5
users,system.K,4,,1004,prediction_only,0.11824444172963258,0.029561110432408146,0.8593075495896317,0.0,0.0,,1.4017379559017136,2.764368963322344,1.0,0.0
users,system.K,4,,1004,importance_only,0.7006003301190663,0.17515008252976658,0.2531708369852713,0.11671052631578947,128.0,0.0054734400790552055,0.8193820675122799,1.9846249659490947,0.9789473684210527,0.25
users,system.K,4,,1004,snr_threshold,0.5140938587004977,0.12852346467512443,0.36961578659895133,0.21289473684210528,128.0,0.0040163582710976385,1.0058885389308485,2.2178480598737798,0.9757894736842105,0.5
users,system.K,4,,1004,full_feedback,0.8177910629445174,0.20444776573612936,0.044205327168060714,0.36539473684210527,512.0,0.0015972481698135106,0.7021913346868288,1.7427982341957027,0.9757894736842105,1.0
users,system.K,4,,1004,Proposed_no_confidence,0.5427197982403624,0.1356799495600906,0.396736912120863,0.20973684210526317,128.0,0.0042399984237528315,0.9772625993909839,2.158619539645094,0.9847368421052631,0.4776315789473684
users,system.K,4,,1004,Proposed_no_importance,0.5858814718541714,0.14647036796354285,0.3318909155305803,0.17210526315789473,128.0,0.004577198998860714,0.9341009257771747,2.107499767353778,0.99,0.38723684210526316
users,system.K,4,,1005,Exact,0.7755014840062205,0.19387537100155514,0.02627707253595877,0.2548684210526316,49.26315789473684,0.015742017303545075,0.6859505443254168,1.7359800556062386,0.9636842105263158,0.2548684210526316
users,system.K,4,,1005,Optimised,0.6141177034382622,0.15352942585956555,0.3074587851828259,0.18236842105263157,128.0,0.004797794558111424,0.8473343248933751,2.0791378369347018,0.9721052631578947,0.3906578947368421
users,system.K,4,,1005,Proposed,0.6370357730607253,0.15925894326518134,0.2731912782978978,0.18789473684210525,128.0,0.004976841977036917,0.824416255270912,2.0384823475873026,0.9689473684210527,0.39960526315789474
users,system.K,4,,1005,Baseline,0.7028902753448257,0.17572256883620643,0.13576017304600813,0.24868421052631579,128.0,0.005491330276131451,0.7585617529868116,1.8943278868127942,0.9663157894736842,0.5
users,system.K,4,,1005,prediction_only,0.12168037191806855,0.030420092979517137,0.7650106734108598,0.0,0.0,,1.3397716564135684,2.7635907911751025,0.9889473684210527,0.0
users,system.K,4,,1005,importance_only,0.6565583192358672,0.1641395798089668,0.24957994766184546,0.11697368421052631,128.0,0.005129361869030212,0.8048937090957701,2.0002419300161747,0.9657894736842105,0.25
users,system.K,4,,1005,snr_threshold,0.49384725047767664,0.12346181261941916,0.34295794726154927,0.22552631578947369,128.0,0.0038581816443568487,0.9676047778539607,2.257272731604905,0.9868421052631579,0.5
users,system.K,4,,1005,full_feedback,0.7617135455037495,0.19042838637593737,0.048189036486498145,0.3813157894736842,512.0,0.0014877217685620107,0.6997384828278878,1.7573929504803447,0.9636842105263158,1.0
users,system.K,4,,1005,Proposed_no_confidence,0.5360168057893184,0.1340042014473296,0.33963376065463136,0.2218421052631579,128.0,0.00418763129522905,0.9254352225423188,2.086581500072068,0.9747368421052631,0.48855263157894735
users,system.K,4,,1005,Proposed_no_importance,0.5806653928111949,0.14516634820279872,0.3128830596309198,0.18368421052631578,128.0,0.00453644838133746,0.8807866355204421,2.049102241555014,0.978421052631579,0.39539473684210524
users,system.K,4,,1006,Exact,0.8171652813931422,0.20429132034828554,0.0244708579288184,0.24368421052631578,46.21473684210526,0.01768192003743361,0.6830261035833048,1.7346271468531007,0.9642105263157895,0.24368421052631578
users,system.K,4,,1006,Optimised,0.6271899312367039,0.15679748280917596,0.3171420814303985,0.17684210526315788,128.0,0.004899921337786749,0.873001453739743,2.085247855326106,0.9873684210526316,0.3794736842105263
users,system.K,4,,1006,Proposed,0.6587213454175922,0.16468033635439805,0.24516143134331633,0.1843421052631579,128.0,0.005146260511074939,0.8414700395588548,2.141097507983194,0.9821052631578947,0.3952631578947368
users,system.K,4,,1006,Baseline,0.7340752083582457,0.18351880208956142,0.13607568564380862,0.2488157894736842,128.0,0.0057349625652987945,0.7661161766182013,1.9305747111600173,0.9657894736842105,0.5
users,system.K,4,,1006,prediction_only,0.3707532267898089,0.09268830669745222,0.49644551498155587,0.0,0.0,,1.1294381581866382,2.4505927008094357,0.9857894736842105,0.0
users,system.K,4,,1006,importance_only,0.6771959117972401,0.16929897794931004,0.25413911442467835,0.11960526315789474,128.0,0.005290593060915939,0.8229954731792068,2.10603684131462,0.9742105263157895,0.25
users,system.K,4,,1006,snr_threshold,0.4976117322160484,0.1244029330540121,0.42841764069556776,0.2305263157894737,128.0,0.003887591657937878,1.0025796527603985,2.2793026513766965,0.9868421052631579,0.5
users,system.K,4,,1006,full_feedback,0.802364293594491,0.20059107339862275,0.04617710034449989,0.36526315789473685,512.0,0.0015671177609267403,0.6978270913819561,1.7827806177646437,0.9642105263157895,1.0
users,system.K,4,,1006,Proposed_no_confidence,0.5090828170203084,0.1272707042550771,0.3977719987199849,0.2186842105263158,128.0,0.00397720950797116,0.9911085679561384,2.3179079649087133,0.9852631578947368,0.47960526315789476
users,system.K,4,,1006,Proposed_no_importance,0.5743766570901668,0.1435941642725417,0.3334484966036531,0.18302631578947368,128.0,0.004487317633516928,0.9258147278862802,2.225106317277062,0.98,0.3961842105263158
users,system.K,4,,1007,Exact,0.8654909481356561,0.21637273703391402,0.02271095136193086,0.22828947368421051,42.98105263157895,0.020136569375217312,0.5914439183787875,1.59399193604983,0.8631578947368421,0.22828947368421051
users,system.K,4,,1007,Optimised,0.6941294509532816,0.1735323627383204,0.28284090332124867,0.1668421052631579,128.0,0.0054228863355725125,0.762805415561162,1.947609026147064,0.8968421052631579,0.3890789473684211
users,system.K,4,,1007,Proposed,0.7197052765473587,0.17992631913683968,0.23638636997034077,0.17723684210526316,128.0,0.00562269747302624,0.7372295899670848,1.9226718234289453,0.8947368421052632,0.4018421052631579
users,system.K,4,,1007,Baseline,0.7895479991002703,0.19738699977506757,0.12194337063355848,0.22513157894736843,128.0,0.006168343742970862,0.6673868674141733,1.794960721625316,0.8631578947368421,0.5
users,system.K,4,,1007,prediction_only,0.27960549706527366,0.06990137426631841,0.6237303435744975,0.0,0.0,,1.1773293694491698,2.515595824729957,0.8805263157894737,0.0
users,system.K,4,,1007,importance_only,0.7439823336645276,0.1859955834161319,0.23102315527116513,0.10052631578947369,128.0,0.005812361981754122,0.7129525328499161,1.8710732337498062,0.8678947368421053,0.25
users,system.K,4,,1007,snr_threshold,0.6769339557917378,0.16923348894793444,0.24591831129831557,0.21473684210526317,128.0,0.005288546529622951,0.7800009107227058,1.9796643201679909,0.878421052631579,0.5
users,system.K,4,,1007,full_feedback,0.8536398507679881,0.21340996269199702,0.041528305156496206,0.33539473684210525,512.0,0.0016672653335312267,0.6032950157464554,1.6184755726501796,0.8631578947368421,1.0
users,system.K,4,,1007,Proposed_no_confidence,0.5899820959046403,0.1474955239761601,0.33789838768662633,0.22,128.0,0.004609235124255003,0.8669527706098032,2.118563664700007,0.9084210526315789,0.4992105263157895
users,system.K,4,,1007,Proposed_no_importance,0.6295133182985103,0.15737832957462758,0.30888048138834917,0.17763157894736842,128.0,0.004918072799207112,0.8274215482159333,2.0880524787304875,0.9289473684210526,0.3980263157894737
users,system.K,4,,1008,Exact,0.8221536275587608,0.2055384068896902,0.02375853880544542,0.2356578947368421,45.27157894736842,0.018160480519457376,0.6708347088736621,1.594574535365789,0.9657894736842105,0.2356578947368421
users,system.K,4,,1008,Optimised,0.6733969214080167,0.16834923035200416,0.2497738619957656,0.18605263157894736,128.0,0.00526091344850013,0.8195914150244064,1.926668148548104,0.9826315789473684,0.39552631578947367
users,system.K,4,,1008,Proposed,0.6798994580851381,0.16997486452128452,0.23855768853477044,0.18605263157894736,128.0,0.005311714516290141,0.8130888783472849,1.9109529784622974,0.9721052631578947,0.4
users,system.K,4,,1008,Baseline,0.7349484681930332,0.1837371170482583,0.13497513844485293,0.24736842105263157,128.0,0.005741784907758072,0.7580398682393898,1.779466331897136,0.968421052631579,0.5
users,system.K,4,,1008,prediction_only,0.35780560533939665,0.08945140133484916,0.5704074491228402,0.0,0.0,,1.1351827310930263,2.318016535571938,0.9815789473684211,0.0
users,system.K,4,,1008,importance_only,0.6872094669365496,0.1718023667341374,0.25967633906017173,0.11407894736842106,128.0,0.005368823960441794,0.8057788694958733,1.865760937399474,0.97,0.25
users,system.K,4,,1008,snr_threshold,0.5872500822050069,0.1468125205512517,0.324992760527455,0.21842105263157896,128.0,0.004587891267226616,0.9057382542274162,1.9886485858277474,0.991578947368421,0.5
users,system.K,4,,1008,full_feedback,0.8085674364847347,0.20214185912118368,0.04371878857548501,0.36276315789473684,512.0,0.0015792332743842475,0.6844208999476882,1.6458594209507222,0.9663157894736842,1.0
users,system.K,4,,1008,Proposed_no_confidence,0.6211467181331451,0.1552866795332863,0.3574037314420171,0.22263157894736843,128.0,0.0048527087354151965,0.8718416182992779,1.9826560042734003,0.9910526315789474,0.47736842105263155
users,system.K,4,,1008,Proposed_no_importance,0.5745807811022321,0.14364519527555802,0.33354638527179375,0.1794736842105263,128.0,0.004488912352361188,0.9184075553301908,2.0781445896057797,0.9857894736842105,0.3906578947368421
users,system.K,4,,1009,Exact,0.8071249935798533,0.20178124839496334,0.026201610222006802,0.24460526315789474,48.858947368421056,0.016519492069563525,0.7307585179278808,1.7365815311822559,0.9842105263157894,0.24460526315789474
users,system.K,4,,1009,Optimised,0.6482088820385327,0.16205222050963317,0.29189891056891587,0.17973684210526317,128.0,0.005064131890926036,0.8896746294692016,1.9896734131839966,0.9926315789473684,0.39026315789473687
users,system.K,4,,1009,Proposed,0.677921668892928,0.169480417223232,0.23117076789752145,0.1843421052631579,128.0,0.005296263038226,0.8599618426148063,1.9537272876574792,0.99,0.3982894736842105
users,system.K,4,,1009,Baseline,0.7240589238503509,0.18101473096258772,0.13911774309547528,0.24855263157894736,128.0,0.005656710342580866,0.8138245876573835,1.8837287222979064,0.9852631578947368,0.5
users,system.K,4,,1009,prediction_only,0.10203069373410742,0.025507673433526855,0.7745635445695619,0.0,0.0,,1.435852817773627,2.824901904833994,0.9963157894736843,0.0
users,system.K,4,,1009,importance_only,0.6783000385916191,0.16957500964790478,0.2512157905736942,0.12078947368421053,128.0,0.0052992190514970245,0.8595834729161151,2.001425638983703,0.9868421052631579,0.25
users,system.K,4,,1009,snr_threshold,0.5395769202570436,0.1348942300642609,0.29842734464910087,0.22236842105263158,128.0,0.004215444689508153,0.9983065912506907,2.218563572167408,0.988421052631579,0.5
users,system.K,4,,1009,full_feedback,0.793944507394788,0.198486126848697,0.046747849476435184,0.37144736842105264,512.0,0.0015506728660054452,0.7439390041129462,1.768993310185226,0.9842105263157894,1.0
users,system.K,4,,1009,Proposed_no_confidence,0.5490353540519585,0.13725883851298962,0.38032799209252904,0.19565789473684211,128.0,0.0042893387035309255,0.9888481574557759,2.1002283446933356,0.9994736842105263,0.46328947368421053
users,system.K,4,,1009,Proposed_no_importance,0.5855472101442356,0.1463868025360589,0.38733174686989574,0.16578947368421051,128.0,0.004574587579251841,0.9523363013634987,2.0929743273712313,0.9968421052631579,0.3751315789473684
users,system.K,6,,1000,Exact,1.266241598122238,0.21104026635370632,0.015905214774305315,0.23333333333333334,69.17052631578947,0.01830608592366883,1.0345846896885664,2.1772243040267454,0.9510526315789474,0.2333333333333333
users,system.K,6,,1000,Optimised,1.023642078853543,0.17060701314225715,0.2772137068000473,0.1574561403508772,192.0,0.005331469160695536,1.2771842089572614,2.564682575204922,0.973421052631579,0.3718421052631579
users,system.K,6,,1000,Proposed,1.0649986396893967,0.1774997732815661,0.23484290807424993,0.16105263157894736,192.0,0.005546867915048941,1.2358276481214077,2.4863032618777066,0.965,0.3819298245614035
users,system.K,6,,1000,Baseline,1.1666302237256971,0.1944383706209495,0.12099789586478699,0.22605263157894737,192.0,0.006076199081904672,1.134196064085107,2.3781014193872116,0.9528947368421052,0.5
users,system.K,6,,1000,prediction_only,0.4448375183066544,0.0741395863844424,0.704301504116803,0.0,0.0,,1.85598876950415,3.3992326914181694,0.9921052631578947,0.0
users,system.K,6,,1000,importance_only,1.021734274064167,0.17028904567736117,0.28815466721196864,0.07561403508771931,128.0,0.007982299016126305,1.279092013746637,2.619898809274149,0.9597368421052631,0.16666666666666666
users,system.K,6,,1000,snr_threshold,0.9165503304831302,0.15275838841385503,0.2977957215392653,0.19982456140350877,192.0,0.00477369963793297,1.384275957327674,2.7453003652494656,0.9718421052631578,0.5
users,system.K,6,,1000,full_feedback,1.2489311683299569,0.20815519472165947,0.040573329865773985,0.3291228070175438,768.0,0.0016262124587629646,1.0518951194808475,2.2162067287991105,0.9513157894736842,1.0
users,system.K,6,,1000,Proposed_no_confidence,0.89681319237599,0.14946886539599832,0.34670438634935685,0.1557017543859649,192.0,0.004670902043624948,1.4040130954348138,2.831907702546208,0.9676315789473684,0.39122807017543865
users,system.K,6,,1000,Proposed_no_importance,0.9585171657563312,0.15975286095938854,0.3044762771340487,0.15412280701754388,192.0,0.004992276904980892,1.342309122054473,2.68748652749459,0.9763157894736842,0.37157894736842106
users,system.K,6,,1001,Exact,1.2127867498811773,0.20213112498019623,0.020711566848959386,0.25570175438596493,76.3621052631579,0.015882049685530412,1.0927923191739655,2.364893907546092,0.9607894736842105,0.25570175438596493
users,system.K,6,,1001,Optimised,0.9584996431819958,0.15974994053033262,0.31196711140306865,0.17210526315789473,192.0,0.004992185641572894,1.3470794258731469,2.7917952156456662,0.9739473684210527,0.375
users,system.K,6,,1001,Proposed,0.9946805270677437,0.16578008784462395,0.27493350027115876,0.1724561403508772,192.0,0.005180627745144498,1.3108985419873989,2.7434273817836985,0.975,0.38149122807017544
users,system.K,6,,1001,Baseline,1.1003759849421964,0.18339599749036606,0.13899455160551205,0.25263157894736843,192.0,0.005731124921573939,1.2052030841129457,2.581481550901338,0.9636842105263158,0.5
users,system.K,6,,1001,prediction_only,0.2851642997061554,0.04752738328435924,0.7683897022287216,0.0,0.0,,2.020414769348987,3.7458143150626535,0.9944736842105263,0.0
users,system.K,6,,1001,importance_only,0.957892401100476,0.159648733516746,0.3007118500943707,0.08640350877192983,128.0,0.007483534383597469,1.3476866679546664,2.835472132194177,0.9694736842105263,0.16666666666666666
users,system.K,6,,1001,snr_threshold,0.706566344247378,0.117761057374563,0.3984162719568489,0.2250877192982456,192.0,0.0036800330429550936,1.5990127248077646,3.0215020950862037,0.9681578947368421,0.5
users,system.K,6,,1001,full_feedback,1.1916055585953573,0.19860092643255955,0.04974352305438983,0.37728070175438594,768.0,0.0015515697377543715,1.113973510459785,2.4087267673210526,0.9615789473684211,1.0
users,system.K,6,,1001,Proposed_no_confidence,0.7593565162208356,0.12655941937013926,0.42470344688755574,0.15903508771929822,192.0,0.003954981855316852,1.5462225528343068,3.036594086246082,0.9863157894736843,0.38377192982456143
users,system.K,6,,1001,Proposed_no_importance,0.876251748126638,0.14604195802110634,0.3649445762405804,0.17210526315789473,192.0,0.004563811188159573,1.4293273209285047,2.94240173650457,0.9939473684210526,0.37991228070175437
users,system.K,6,,1002,Exact,1.232438649493437,0.2054064415822395,0.01872983818023322,0.248859649122807,75.87368421052632,0.016243295186164887,1.099388414168934,2.3431810409931635,0.9552631578947368,0.248859649122807
users,system.K,6,,1002,Optimised,0.846581981429823,0.1410969969049705,0.3748659890913224,0.16087719298245612,192.0,0.004409281153280328,1.485245082232548,2.9033644041286606,0.9713157894736842,0.3721052631578947
users,system.K,6,,1002,Proposed,0.9400852624548164,0.15668087707580272,0.31949181954992195,0.1713157894736842,192.0,0.004896277408618835,1.3917418012075549,2.7883062236249945,0.9747368421052631,0.37973684210526315
users,system.K,6,,1002,Baseline,1.1223747714320047,0.18706246190533413,0.1351328857930113,0.24649122807017543,192.0,0.0058457019345416915,1.2094522922303665,2.556941234761291,0.9573684210526315,0.5
users,system.K,6,,1002,prediction_only,0.2889158841653331,0.048152647360888846,0.7735542662699809,0.0,0.0,,2.042911179497038,3.639678914058266,1.0,0.0
users,system.K,6,,1002,importance_only,0.9571508014627489,0.1595251335771248,0.3172361858042799,0.07798245614035088,128.0,0.007477740636427726,1.3746762621996225,2.881529805998394,0.9628947368421052,0.16666666666666666
users,system.K,6,,1002,snr_threshold,0.6506578106078431,0.10844296843464052,0.3879147012895863,0.21578947368421053,192.0,0.003388842763582516,1.681169253054528,3.2772003560953338,0.9586842105263158,0.5
users,system.K,6,,1002,full_feedback,1.212217795732857,0.2020362992888095,0.043918282537931834,0.362280701754386,768.0,0.0015784085881938243,1.119609267929514,2.386030595514931,0.9552631578947368,1.0
users,system.K,6,,1002,Proposed_no_confidence,0.7233687390029572,0.12056145650049287,0.42307819670304575,0.1631578947368421,192.0,0.003767545515640402,1.6084583246594137,3.165682618671229,0.9710526315789474,0.3931578947368421
users,system.K,6,,1002,Proposed_no_importance,0.9397575944893155,0.15662626574821925,0.2953319217995333,0.16605263157894737,192.0,0.004894570804631852,1.3920694691730557,2.789973883652057,0.9815789473684211,0.3724561403508772
users,system.K,6,,1003,Exact,1.2618019980499464,0.2103003330083244,0.019688265157344974,0.2481578947368421,76.07578947368421,0.0165861176963063,1.092070722538875,2.2720482555554855,0.9628947368421052,0.2481578947368421
users,system.K,6,,1003,Optimised,0.9868154629050087,0.16446924381750144,0.3037481103126191,0.17657894736842106,192.0,0.00513966386929692,1.3670572576838127,2.704530506089723,0.9678947368421053,0.3829824561403509
users,system.K,6,,1003,Proposed,1.0242984818185297,0.17071641363642162,0.27251813854973234,0.1787719298245614,192.0,0.005334887926138176,1.3295742387702916,2.654590427933858,0.9697368421052631,0.3876315789473684
users,system.K,6,,1003,Baseline,1.1439353154331295,0.1906558859055216,0.13291133812370698,0.24280701754385967,192.0,0.00595799643454755,1.2099374051556917,2.4864210157053197,0.9660526315789474,0.5
users,system.K,6,,1003,prediction_only,0.20746208972636893,0.03457701495439482,0.8138627061476654,0.0,0.0,,2.1464106308624524,3.801436188423945,1.0,0.0
users,system.K,6,,1003,importance_only,0.9905212710567051,0.16508687850945084,0.2995066237327082,0.08105263157894736,128.0,0.007738447430130508,1.3633514495321166,2.7574899798311705,0.9739473684210527,0.16666666666666666
users,system.K,6,,1003,snr_threshold,0.7545035365126463,0.1257505894187744,0.3717083462621487,0.22149122807017543,192.0,0.0039297059193367,1.5993691840761752,3.0439997201099556,0.965,0.5
users,system.K,6,,1003,full_feedback,1.2400474049611614,0.2066745674935269,0.044279775161419274,0.35912280701754384,768.0,0.0016146450585431788,1.1138253156276603,2.3104600604690253,0.9631578947368421,1.0
users,system.K,6,,1003,Proposed_no_confidence,0.8635894940810828,0.14393158234684714,0.3479476924220836,0.18219298245614032,192.0,0.004497861948338973,1.4902832265077388,2.9866709227059105,0.9818421052631578,0.40868421052631576
users,system.K,6,,1003,Proposed_no_importance,0.9018885300277492,0.15031475500462485,0.4038964456799553,0.17061403508771927,192.0,0.004697336093894527,1.4519841905610722,2.8152372295647834,0.9918421052631579,0.37657894736842107
users,system.K,6,,1004,Exact,1.2522630241117187,0.2087105040186198,0.018608133137130375,0.2432456140350877,73.01052631578948,0.01715181477661668,1.0997149240458621,2.339814863648205,0.9602631578947368,0.2432456140350877
users,system.K,6,,1004,Optimised,0.8900196734004574,0.14833661223340958,0.3687896700665449,0.16131578947368422,192.0,0.004635519132294049,1.4619582747571234,2.9327486938886143,0.9792105263157894,0.3664912280701755
users,system.K,6,,1004,Proposed,0.9640629715749829,0.16067716192916381,0.3427415904543449,0.17298245614035088,192.0,0.005021161310286369,1.3879149765825978,2.7679838130463454,0.983421052631579,0.37666666666666665
users,system.K,6,,1004,Baseline,1.1466344451654062,0.19110574086090104,0.12743602452830302,0.24596491228070172,192.0,0.0059720544019031575,1.2053435029921749,2.5431601462552225,0.9639473684210527,0.5
users,system.K,6,,1004,prediction_only,0.2769527895347784,0.046158798255796406,0.7835345915736748,0.0,0.0,,2.075025158622802,3.7225536550264597,0.9897368421052631,0.0
users,system.K,6,,1004,importance_only,0.9912061150696818,0.1652010191782803,0.29954807221561397,0.08035087719298245,128.0,0.007743797773981889,1.3607718330878988,2.831023738195775,0.9686842105263158,0.16666666666666666
users,system.K,6,,1004,snr_threshold,0.8721543298778041,0.145359054979634,0.31040590835941745,0.21464912280701753,192.0,0.0045424704681135625,1.4798236182797764,2.9097610521420676,0.9765789473684211,0.5
users,system.K,6,,1004,full_feedback,1.230853913875492,0.20514231897924864,0.044349021722925056,0.35868421052631577,768.0,0.00160267436702538,1.1211240342820887,2.381342801423804,0.9613157894736842,1.0
users,system.K,6,,1004,Proposed_no_confidence,0.7610911323599763,0.12684852205999606,0.44238044023349404,0.1636842105263158,192.0,0.003964016314374877,1.5908868157976044,3.085117030129115,0.99,0.3864912280701754
users,system.K,6,,1004,Proposed_no_importance,0.9583452347313707,0.15972420578856178,0.2873335192623004,0.16877192982456138,192.0,0.004991381430892556,1.3936327134262099,2.8028032244060745,0.9723684210526315,0.377280701754386
users,system.K,6,,1005,Exact,1.2172766298853643,0.2028794383142274,0.01875722261726626,0.2458771929824561,74.54315789473684,0.01632982374592036,1.066315398287002,2.26434057224272,0.9381578947368421,0.24587719298245614
users,system.K,6,,1005,Optimised,0.8944676072344608,0.1490779345390768,0.3686985592261944,0.17728070175438596,192.0,0.00465868545434615,1.3891244209379057,2.7475888803822515,0.9815789473684211,0.3804385964912281
users,system.K,6,,1005,Proposed,0.9669471084753006,0.1611578514125501,0.2924357402385192,0.17991228070175438,192.0,0.0050361828566421905,1.3166449196970658,2.635524454193477,0.9705263157894737,0.3881578947368421
users,system.K,6,,1005,Baseline,1.1077359017860224,0.18462265029767042,0.1344240011829585,0.24359649122807017,192.0,0.0057694578218022005,1.1758561263863443,2.4886769930258152,0.9426315789473684,0.5
users,system.K,6,,1005,prediction_only,0.2349409658046097,0.03915682763410162,0.7993180584141972,0.0,0.0,,2.0486510623677567,3.5605011849633863,0.988421052631579,0.0
users,system.K,6,,1005,importance_only,0.967089919668839,0.16118165327813982,0.2943570906927082,0.07631578947368421,128.0,0.007555389997412804,1.3165021085035276,2.7283474713233886,0.9471052631578948,0.16666666666666666
users,system.K,6,,1005,snr_threshold,0.7704689833348672,0.12841149722247788,0.3944154763828084,0.2225438596491228,192.0,0.004012859288202434,1.5131230448374993,2.9362781185829747,0.9760526315789474,0.5
users,system.K,6,,1005,full_feedback,1.196323567209615,0.19938726120160252,0.0489451780877694,0.3608771929824562,768.0,0.0015577129781375197,1.0872684609627516,2.2938392919665227,0.9381578947368421,1.0
users,system.K,6,,1005,Proposed_no_confidence,0.7585477649816814,0.1264246274969469,0.43113166091925803,0.17912280701754385,192.0,0.003950769609279591,1.5250442631906849,2.9484756413319184,0.9839473684210527,0.40947368421052627
users,system.K,6,,1005,Proposed_no_importance,0.8364558951848848,0.13940931586414748,0.3946839025693992,0.17403508771929824,192.0,0.004356541120754609,1.447136132987482,2.8421463314214757,0.9828947368421053,0.38289473684210523
users,system.K,6,,1006,Exact,1.2129676851071332,0.20216128085118887,0.019696449192146658,0.25587719298245615,78.3157894736842,0.015488162645857211,1.0666887315608133,2.2777160965285845,0.9707894736842105,0.25587719298245615
users,system.K,6,,1006,Optimised,0.9509736982738108,0.15849561637896847,0.31248431064483945,0.17561403508771928,192.0,0.004952988011842765,1.3286827183941359,2.6949057673818184,0.9826315789473684,0.3741228070175439
users,system.K,6,,1006,Proposed,0.9274233732920615,0.15457056221534357,0.33028940531175566,0.17868421052631578,192.0,0.004830330069229487,1.352233043375885,2.7217492304067674,0.9871052631578947,0.38052631578947366
users,system.K,6,,1006,Baseline,1.1071733181573031,0.18452888635955053,0.13650101424213876,0.2487719298245614,192.0,0.005766527698735954,1.1724830985106434,2.4535632212006298,0.9726315789473684,0.5
users,system.K,6,,1006,prediction_only,0.5318584935385184,0.08864308225641974,0.6753529782964222,0.0,0.0,,1.7477979231294283,3.296356835614202,1.0,0.0
users,system.K,6,,1006,importance_only,0.9547866323252391,0.15913110538753986,0.3100582343005816,0.08228070175438595,128.0,0.00745927056504093,1.3248697843427075,2.7698875049532607,0.9792105263157894,0.16666666666666666
users,system.K,6,,1006,snr_threshold,0.7155520765053746,0.11925867941756242,0.42887036658339167,0.21535087719298246,192.0,0.0037268337317988257,1.564104340162572,3.005670132759306,0.9878947368421053,0.5
users,system.K,6,,1006,full_feedback,1.192191474883435,0.19869857914723918,0.04657327552697587,0.37359649122807015,768.0,0.001552332649587806,1.087464941784512,2.308530739189496,0.9707894736842105,1.0
users,system.K,6,,1006,Proposed_no_confidence,0.7929097883365942,0.13215163138943237,0.40120890786396113,0.185,192.0,0.0041297384809197615,1.4867466283313524,2.9458533422725957,0.9881578947368421,0.417719298245614
users,system.K,6,,1006,Proposed_no_importance,0.8932454576365015,0.14887424293941692,0.37433782978206626,0.1693859649122807,192.0,0.004652320091856779,1.386410959031445,2.757171024900188,0.9928947368421053,0.37280701754385964
users,system.K,6,,1007,Exact,1.2146578115818945,0.2024429685969824,0.017920134112767095,0.23561403508771928,70.21473684210527,0.017299186270730387,0.9952232682252921,2.2236054730676877,0.9489473684210527,0.2356140350877193
users,system.K,6,,1007,Optimised,0.9448585606982256,0.1574764267830376,0.31584794740030836,0.16973684210526316,192.0,0.004921138336969925,1.2650225191089606,2.751027357673844,0.97,0.37921052631578944
users,system.K,6,,1007,Proposed,0.9828384697914244,0.16380641163190407,0.26269660559527214,0.17342105263157895,192.0,0.005118950363497002,1.2270426100157616,2.6363359130439386,0.9639473684210527,0.38842105263157894
users,system.K,6,,1007,Baseline,1.1047293228821409,0.18412155381369014,0.13034359638971543,0.23885964912280697,192.0,0.005753798556677817,1.1051517569250453,2.4325391121132074,0.9505263157894737,0.5
users,system.K,6,,1007,prediction_only,0.5196676244080469,0.08661127073467449,0.5765074066171992,0.0,0.0,,1.6902134553991393,3.2931773973212817,0.9778947368421053,0.0
users,system.K,6,,1007,importance_only,0.9614726248778067,0.16024543747963446,0.3026482998742272,0.08114035087719297,128.0,0.007511504881857865,1.2484084549293795,2.6867094462534444,0.96,0.16666666666666666
users,system.K,6,,1007,snr_threshold,0.8797095778379151,0.14661826297298586,0.2984750445288635,0.22149122807017543,192.0,0.004581820717905808,1.330171501969271,2.7626100622551557,0.9647368421052631,0.5
users,system.K,6,,1007,full_feedback,1.1933350406983951,0.19888917344973253,0.04401535123597824,0.34719298245614033,768.0,0.0015538216675760354,1.016546039108791,2.277368396043743,0.9494736842105264,1.0
users,system.K,6,,1007,Proposed_no_confidence,0.6858730538589737,0.11431217564316228,0.45119491379471716,0.18473684210526317,192.0,0.003572255488848821,1.5240080259482123,3.0719074192484856,0.97,0.43508771929824563
users,system.K,6,,1007,Proposed_no_importance,0.9013431474295579,0.15022385790492632,0.30940041097490906,0.17561403508771928,192.0,0.004694495559528947,1.3085379323776285,2.8118083422340807,0.9818421052631578,0.38833333333333336
users,system.K,6,,1008,Exact,1.201983432015104,0.20033057200251733,0.020137153897871716,0.24964912280701754,75.80631578947369,0.015855980065740235,1.0678238991116222,2.2032341560135404,0.9628947368421052,0.24964912280701754
users,system.K,6,,1008,Optimised,0.9409412275338687,0.15682353792231143,0.2850200819151611,0.17350877192982453,192.0,0.004900735560072232,1.328866103592858,2.5957948294285274,0.98,0.37912280701754386
users,system.K,6,,1008,Proposed,0.9711759680826062,0.16186266134710103,0.28221123051504576,0.18078947368421053,192.0,0.005058208167096907,1.2986313630441202,2.5815381129509656,0.9757894736842105,0.3919298245614035
users,system.K,6,,1008,Baseline,1.0919353435638717,0.18198922392731195,0.13694031357732675,0.2501754385964912,192.0,0.005687163247728499,1.177871987562855,2.410520973672147,0.9647368421052631,0.5
users,system.K,6,,1008,prediction_only,0.2882305849362578,0.04803843082270964,0.7261453816526752,0.0,0.0,,1.981576746190469,3.5534364968455123,0.9897368421052631,0.0
users,system.K,6,,1008,importance_only,0.9429698136238296,0.1571616356039716,0.29518719396315524,0.0807017543859649,128.0,0.007366951668936169,1.3268375175028972,2.7509588086032486,0.9744736842105263,0.16666666666666666
users,system.K,6,,1008,snr_threshold,0.8750624688008036,0.14584374480013393,0.30399143970526177,0.2245614035087719,192.0,0.004557617025004185,1.3947448623259229,2.7382480763669372,0.9805263157894737,0.5
users,system.K,6,,1008,full_feedback,1.1796507619850687,0.19660846033084478,0.047331448304075464,0.36798245614035086,768.0,0.0015360035963347249,1.0901565691416581,2.250623164000198,0.9631578947368421,1.0
users,system.K,6,,1008,Proposed_no_confidence,0.7628124413747187,0.12713540689578645,0.43808849339651224,0.1712280701754386,192.0,0.003972981465493327,1.5069948897520078,2.9253309845928754,0.9889473684210527,0.3965789473684211
users,system.K,6,,1008,Proposed_no_importance,0.758899087648482,0.126483181274747,0.3893541095746075,0.15447368421052632,192.0,0.003952599414835844,1.5109082434782444,2.903882001113126,0.985,0.36043859649122806
users,system.K,6,,1009,Exact,1.2217324407595516,0.20362207345992525,0.016328507027905968,0.2326315789473684,70.53473684210526,0.01732100374166628,1.073853226677153,2.2160441515344624,0.9802631578947368,0.2326315789473684
users,system.K,6,,1009,Optimised,0.9773770212521302,0.16289617020868838,0.30294305715811176,0.15859649122807015,192.0,0.005090505319021512,1.3182086461845741,2.668258398291973,0.99,0.3781578947368421
users,system.K,6,,1009,Proposed,1.0174782549819805,0.1695797091636634,0.2588599219162605,0.1643859649122807,192.0,0.005299365911364482,1.2781074124547238,2.560685754930873,0.9847368421052631,0.38780701754385966
users,system.K,6,,1009,Baseline,1.11788831735596,0.18631471955932666,0.12690210308878164,0.22973684210526316,192.0,0.005822334986228958,1.1776973500807444,2.4147841604412252,0.9802631578947368,0.5
users,system.K,6,,1009,prediction_only,0.750292010170411,0.12504866836173517,0.4623611444728565,0.0,0.0,,1.5452936572662934,3.0001382337265796,0.9936842105263158,0.0
users,system.K,6,,1009,importance_only,0.9930515841159071,0.1655085973526512,0.27287835165059804,0.08026315789473684,128.0,0.007758215500905524,1.3025340833207972,2.6689896737355654,0.9823684210526316,0.16666666666666666
users,system.K,6,,1009,snr_threshold,1.0244244808894762,0.17073741348157936,0.17945124933694748,0.22736842105263158,192.0,0.005335544171299355,1.2711611865472279,2.583350627016708,0.9805263157894737,0.5
users,system.K,6,,1009,full_feedback,1.2023784387530112,0.2003964064588352,0.04264283510522344,0.33991228070175433,768.0,0.00156559692545965,1.0932072286836931,2.254298971288877,0.9802631578947368,1.0
users,system.K,6,,1009,Proposed_no_confidence,0.9324373421726213,0.15540622369543688,0.30704477400825453,0.16087719298245612,192.0,0.004856444490482403,1.363148325264083,2.7942937357076247,0.9863157894736843,0.40464912280701754
users,system.K,6,,1009,Proposed_no_importance,0.9628125110413973,0.16046875184023288,0.35401379040190484,0.15850877192982454,192.0,0.005014648495007277,1.3327731563953071,2.624624336059672,0.9952631578947368,0.3771052631578948
users,system.K,8,,1000,Exact,1.8053654422422754,0.22567068028028442,0.014349382607280881,0.23217105263157894,94.33263157894737,0.019138291935928423,1.1821696745678199,2.4708527819897004,0.9636842105263158,0.23217105263157894
users,system.K,8,,1000,Optimised,1.4663726067492362,0.18329657584365452,0.2991802019327406,0.15578947368421053,256.0,0.005728017995114204,1.5211625100608592,2.9746664591160235,0.9810526315789474,0.3655263157894737
users,system.K,8,,1000,Proposed,1.438556545963122,0.17981956824539025,0.2973011720184804,0.15296052631578946,256.0,0.005619361507668445,1.5489785708469732,3.034000164739782,0.9776315789473684,0.3646052631578947
users,system.K,8,,1000,Baseline,1.6590837803028435,0.20738547253785544,0.12008567123572814,0.22513157894736843,256.0,0.0064807960168079826,1.328451336507252,2.7671905953157125,0.966842105263158,0.5
users,system.K,8,,1000,prediction_only,0.5604923230584768,0.0700615403823096,0.7206056522589006,0.0,0.0,,2.4270427937516184,4.111369390210274,0.9981578947368421,0.0
users,system.K,8,,1000,importance_only,1.5855509662113003,0.19819387077641254,0.2214916340838084,0.10546052631578948,256.0,0.006193558461762892,1.401984150598795,2.882312622428202,0.966842105263158,0.25
users,system.K,8,,1000,snr_threshold,1.2851930576213395,0.16064913220266744,0.3164120842292631,0.20111842105263159,256.0,0.0050202853813333575,1.7023420591887555,3.257702189639551,0.983421052631579,0.5
users,system.K,8,,1000,full_feedback,1.7798132677326755,0.22247665846658443,0.03993362063267675,0.33631578947368423,1024.0,0.0017380988942701909,1.2077218490774195,2.523089830328595,0.9639473684210527,1.0
users,system.K,8,,1000,Proposed_no_confidence,1.1920536668895898,0.14900670836119873,0.3674680987403058,0.14519736842105263,256.0,0.00465645963628746,1.7954814499205052,3.429986945967094,0.9768421052631578,0.3678947368421053
users,system.K,8,,1000,Proposed_no_importance,1.1094113645169164,0.13867642056461454,0.42393539008727155,0.1367763157894737,256.0,0.0043336381426442045,1.878123752293179,3.5132322535988534,0.9839473684210527,0.3373684210526316
users,system.K,8,,1001,Exact,1.731231901264171,0.21640398765802138,0.016851685646996704,0.2513815789473684,101.79368421052632,0.01700726243176045,1.2571302227730667,2.620723678136309,0.9644736842105263,0.2513815789473684
users,system.K,8,,1001,Optimised,1.0730611013396074,0.13413263766745093,0.41579465895939083,0.14598684210526316,256.0,0.0041916449271078415,1.9153010226976301,3.563312736438105,0.9844736842105263,0.34098684210526314
users,system.K,8,,1001,Proposed,1.3426748091782386,0.16783435114727982,0.3074628833227006,0.17203947368421052,256.0,0.005244823473352494,1.645687314858999,3.270106274352275,0.9781578947368421,0.37282894736842104
users,system.K,8,,1001,Baseline,1.5755128510544714,0.19693910638180892,0.13216296570468095,0.24743421052631578,256.0,0.006154347074431529,1.4128492729827662,2.892890276624893,0.9678947368421053,0.5
users,system.K,8,,1001,prediction_only,0.28560402231742243,0.035700502789677804,0.7492178474273327,0.0,0.0,,2.702758101719815,4.6119984761858595,0.9928947368421053,0.0
users,system.K,8,,1001,importance_only,1.4689538651093048,0.1836192331386631,0.25717132593960335,0.11578947368421053,256.0,0.005738101035583222,1.519408258927933,3.0666937577505213,0.9723684210526315,0.25
users,system.K,8,,1001,snr_threshold,1.2047807583448966,0.15059759479311208,0.3522023054994815,0.21585526315789474,256.0,0.004706174837284752,1.7835813656923412,3.4171017085451347,0.9813157894736843,0.5
users,system.K,8,,1001,full_feedback,1.7021851489786748,0.21277314362233435,0.04700331991275771,0.36427631578947367,1024.0,0.001662290184549487,1.2861769750585628,2.676673491403858,0.965,1.0
users,system.K,8,,1001,Proposed_no_confidence,1.0500836893377243,0.13126046116721554,0.43330645531136197,0.17809210526315788,256.0,0.004101889411475486,1.9382784346995137,3.6016110750056582,0.9852631578947368,0.40651315789473685
users,system.K,8,,1001,Proposed_no_importance,1.0188425175334892,0.12735531469168615,0.44796408905029883,0.15236842105263157,256.0,0.003979853584115192,1.9695196065037486,3.715532231024674,0.9855263157894737,0.3468421052631579
users,system.K,8,,1002,Exact,1.7257682392179963,0.21572102990224953,0.01767883453958708,0.25026315789473685,102.73684210526316,0.01679794904976533,1.2752381479130002,2.620531050558402,0.9613157894736842,0.25026315789473685
users,system.K,8,,1002,Optimised,1.332336680226316,0.1665420850282895,0.3330254755188773,0.16565789473684212,256.0,0.0052044401571340465,1.6686697069046803,3.332207423024716,0.9821052631578947,0.3659210526315789
users,system.K,8,,1002,Proposed,1.349787708874194,0.16872346360927426,0.32043920866612563,0.17269736842105263,256.0,0.005272608237789821,1.6512186782568017,3.281983382075786,0.9815789473684211,0.3773684210526316
users,system.K,8,,1002,Baseline,1.5584610205570695,0.19480762756963368,0.13817176905045334,0.24769736842105264,256.0,0.006087738361551053,1.4425453665739267,2.9219802587006867,0.9639473684210527,0.5
users,system.K,8,,1002,prediction_only,0.3395303770377915,0.042441297129723936,0.7455971710641429,0.0,0.0,,2.6614760100932044,4.685946666565714,0.9939473684210526,0.0
users,system.K,8,,1002,importance_only,1.4694633134966046,0.18368291418707558,0.2486869691329156,0.11710526315789474,256.0,0.005740091068346112,1.5315430736343916,3.1200846326630143,0.9681578947368421,0.25
users,system.K,8,,1002,snr_threshold,1.0999149089682903,0.13748936362103628,0.38764821837489677,0.21947368421052632,256.0,0.004296542613157384,1.9010914781627062,3.5457871204323554,0.9863157894736843,0.5
users,system.K,8,,1002,full_feedback,1.6956414489557743,0.21195518111947179,0.04517818146306644,0.3624342105263158,1024.0,0.0016558998524958733,1.305364938175222,2.702766797591136,0.9613157894736842,1.0
users,system.K,8,,1002,Proposed_no_confidence,0.8907617900097787,0.11134522375122234,0.4894950035266008,0.1531578947368421,256.0,0.003479538242225698,2.110244597121217,4.059492166331276,0.9857894736842105,0.37144736842105264
users,system.K,8,,1002,Proposed_no_importance,1.1026967294033894,0.13783709117542367,0.41317588778207437,0.15052631578947367,256.0,0.00430740909923199,1.8983096577276068,3.6776442193889123,0.9955263157894737,0.34578947368421054
users,system.K,8,,1003,Exact,1.806907984887754,0.22586349811096926,0.014176476070255814,0.21921052631578947,89.07789473684211,0.020284583400020872,1.2531244448989742,2.5596620265526657,0.9460526315789474,0.21921052631578947
users,system.K,8,,1003,Optimised,1.447208403216085,0.18090105040201063,0.29516955473380346,0.14703947368421053,256.0,0.005653157825062832,1.612824026570643,3.1016916542418485,0.9765789473684211,0.35519736842105265
users,system.K,8,,1003,Proposed,1.4878305016484152,0.1859788127060519,0.2789653801883809,0.14638157894736842,256.0,0.005811837897064122,1.5722019281383133,3.0880275385699667,0.9742105263157895,0.3507236842105263
users,system.K,8,,1003,Baseline,1.6727796479947878,0.20909745599934848,0.11829664335683336,0.21572368421052632,256.0,0.00653429549997964,1.3872527817919407,2.8285981215410687,0.9476315789473684,0.5
users,system.K,8,,1003,prediction_only,0.8849159670533857,0.11061449588167321,0.5573427580772633,0.0,0.0,,2.1751164627333424,3.8075067696186378,0.9997368421052631,0.0
users,system.K,8,,1003,importance_only,1.6033413267647867,0.20041766584559834,0.21829621363776566,0.10269736842105263,256.0,0.006263052057674948,1.4566911030219418,2.929505296168186,0.9502631578947368,0.25
users,system.K,8,,1003,snr_threshold,1.4643770473390532,0.18304713091738165,0.2493142303825993,0.20144736842105262,256.0,0.005720222841168176,1.5956553824476756,3.1752689026472343,0.9563157894736842,0.5
users,system.K,8,,1003,full_feedback,1.7811337134035174,0.22264171417543968,0.04067995813968809,0.3180921052631579,1024.0,0.0017393883919956225,1.278898716383211,2.619191438520998,0.9465789473684211,1.0
users,system.K,8,,1003,Proposed_no_confidence,1.282701704676205,0.16033771308452563,0.3457008733979974,0.1505921052631579,256.0,0.005010553533891426,1.7773307251105235,3.335847675500552,0.9771052631578947,0.3948684210526316
users,system.K,8,,1003,Proposed_no_importance,1.3703577074910835,0.17129471343638544,0.30677761176067175,0.1405921052631579,256.0,0.005352959794887045,1.689674722295645,3.2182074087807595,0.9773684210526316,0.34592105263157896
users,system.K,8,,1004,Exact,1.7474676798833826,0.21843345998542282,0.018059737340948488,0.2534868421052632,103.17473684210526,0.016936972493156358,1.297773910463806,2.602018787100957,0.9757894736842105,0.2534868421052632
users,system.K,8,,1004,Optimised,1.2978631519161903,0.16223289398952379,0.33193241862897227,0.1655263157894737,256.0,0.005069777937172618,1.7473784384309985,3.3694561872385833,0.9878947368421053,0.35927631578947367
users,system.K,8,,1004,Proposed,1.2466835441864694,0.15583544302330868,0.34965997601996907,0.15828947368421054,256.0,0.004869857594478396,1.798558046160719,3.483665174549481,0.9863157894736843,0.3561184210526316
users,system.K,8,,1004,Baseline,1.595188579779158,0.19939857247239476,0.13727697660642776,0.24717105263157896,256.0,0.006231205389762336,1.4500530105680307,2.9004012849456573,0.9768421052631578,0.5
users,system.K,8,,1004,prediction_only,0.48934638578060435,0.061168298222575544,0.814252522006713,0.0,0.0,,2.5558952045665846,4.35293882336523,1.0,0.0
users,system.K,8,,1004,importance_only,1.4971398193883514,0.18714247742354392,0.2528590399915057,0.11342105263157895,256.0,0.005848202419485748,1.5481017709588372,3.077116323863757,0.9773684210526316,0.25
users,system.K,8,,1004,snr_threshold,1.1510523345572117,0.14388154181965146,0.3780091093893604,0.22131578947368422,256.0,0.004496298181864108,1.8941892557899769,3.556066683213005,0.9821052631578947,0.5
users,system.K,8,,1004,full_feedback,1.720293595081942,0.21503669938524275,0.044683813348000076,0.35986842105263156,1024.0,0.001679974213947209,1.3249479952652465,2.6478382196574066,0.9757894736842105,1.0
users,system.K,8,,1004,Proposed_no_confidence,0.7631600011276695,0.09539500014095868,0.5208224491471464,0.16046052631578947,256.0,0.002981093754404959,2.282081589219519,4.0717838079814594,0.9876315789473684,0.38710526315789473
users,system.K,8,,1004,Proposed_no_importance,1.189854136646331,0.1487317670807914,0.39798316985971005,0.14861842105263157,256.0,0.004647867721274731,1.8553874537008572,3.4200828890800663,0.9926315789473684,0.3460526315789474
users,system.K,8,,1005,Exact,1.6609612413744153,0.2076201551718019,0.01806534855383308,0.2530263157894737,102.50105263157894,0.016204333504207347,1.2917474758007295,2.677461007286255,0.983421052631579,0.2530263157894737
users,system.K,8,,1005,Optimised,1.2387494961659347,0.15484368702074183,0.3329061312893021,0.16105263157894736,256.0,0.004838865219398182,1.71395922100921,3.2966345972261486,0.99,0.3542105263157895
users,system.K,8,,1005,Proposed,1.3249720218250876,0.16562150272813594,0.31308474327472585,0.1688157894736842,256.0,0.005175671960254248,1.6277366953500572,3.219980892799607,0.9936842105263158,0.36447368421052634
users,system.K,8,,1005,Baseline,1.5095458317715877,0.18869322897144847,0.1343981387053042,0.24802631578947368,256.0,0.005896663405357765,1.4431628854035567,2.976404552728109,0.9836842105263158,0.5
users,system.K,8,,1005,prediction_only,0.5733629976063688,0.0716703747007961,0.7832244373080103,0.0,0.0,,2.379345719568776,4.158392469245509,1.0,0.0
users,system.K,8,,1005,importance_only,1.4132416487425221,0.17665520609281526,0.25746391805804497,0.11802631578947369,256.0,0.005520475190400477,1.5394670684326226,3.1524560114096687,0.9852631578947368,0.25
users,system.K,8,,1005,snr_threshold,0.9017093326614344,0.1127136665826793,0.4014156115646517,0.22723684210526315,256.0,0.003522302080708728,2.05099938451371,3.706204508790907,0.9842105263157894,0.5
users,system.K,8,,1005,full_feedback,1.6314723153716781,0.20393403942145977,0.04677746386834928,0.37414473684210525,1024.0,0.0015932346829801544,1.3212364018034666,2.738660156012136,0.983421052631579,1.0
users,system.K,8,,1005,Proposed_no_confidence,1.1709491978898223,0.1463686497362278,0.3796780162015429,0.17467105263157895,256.0,0.0045740203042571185,1.7817595192853224,3.3935103646528155,0.995,0.3948684210526316
users,system.K,8,,1005,Proposed_no_importance,1.106315928686723,0.13828949108584038,0.4017419387150056,0.15848684210526315,256.0,0.004321546596432512,1.8463927884884217,3.4776647679130686,0.9955263157894737,0.3474342105263158
users,system.K,8,,1006,Exact,1.802839922047982,0.22535499025599776,0.014827500656024313,0.23125,93.25473684210526,0.01933242195622159,1.1840677903765382,2.46455984181153,0.9507894736842105,0.23125
users,system.K,8,,1006,Optimised,1.385616317720893,0.17320203971511164,0.3545668590684956,0.1568421052631579,256.0,0.005412563741097239,1.6012913947036271,3.0297243729382095,0.9905263157894737,0.3625
users,system.K,8,,1006,Proposed,1.4410727489311863,0.1801340936163983,0.2785481607882808,0.15901315789473683,256.0,0.0056291904255124465,1.5458349634933337,3.025657421898788,0.9610526315789474,0.37335526315789475
users,system.K,8,,1006,Baseline,1.659760170863515,0.20747002135793938,0.12190334409554111,0.22855263157894737,256.0,0.0064834381674356055,1.3271475415610052,2.7184166363774604,0.953421052631579,0.5
users,system.K,8,,1006,prediction_only,0.6937941623659234,0.08672427029574042,0.5872918307729434,0.0,0.0,,2.2931135500585964,4.038054667579697,0.9771052631578947,0.0
users,system.K,8,,1006,importance_only,1.5672551979867062,0.19590689974833828,0.22923089370035554,0.10355263157894737,256.0,0.006122090617135571,1.4196525144378136,2.8729260757310384,0.9547368421052631,0.25
users,system.K,8,,1006,snr_threshold,1.252789655098296,0.156598706887287,0.3209889402135164,0.20460526315789473,256.0,0.004893709590227719,1.7341180573262238,3.348757480505524,0.9573684210526315,0.5
users,system.K,8,,1006,full_feedback,1.7772534166144163,0.22215667707680203,0.040302224275746305,0.3319736842105263,1024.0,0.0017355990396625159,1.2096542958101038,2.501231569518583,0.9510526315789474,1.0
users,system.K,8,,1006,Proposed_no_confidence,1.1685011870234625,0.1460626483779328,0.3919477090717933,0.1367763157894737,256.0,0.0045644577618104,1.8184065254010575,3.387948780447908,0.9773684210526316,0.3656578947368421
users,system.K,8,,1006,Proposed_no_importance,1.1275791820960057,0.14094739776200071,0.42357936709608746,0.13453947368421051,256.0,0.004404606180062522,1.8593285303285143,3.5022996973057285,0.9847368421052631,0.3355921052631579
users,system.K,8,,1007,Exact,1.7016309679582864,0.2127038709947858,0.017432356096278582,0.24736842105263157,101.37263157894736,0.01678590110026969,1.1997538683192939,2.511288325853709,0.9576315789473684,0.24736842105263157
users,system.K,8,,1007,Optimised,1.3152529935640838,0.16440662419551047,0.330146807455792,0.1725657894736842,256.0,0.005137707006109702,1.5861318427134963,3.1701083657602034,0.9828947368421053,0.3667105263157895
users,system.K,8,,1007,Proposed,1.3534742385134646,0.16918427981418308,0.293062458575521,0.1748684210526316,256.0,0.005287008744193221,1.5479105977641154,3.1196821502497514,0.9813157894736843,0.3746052631578947
users,system.K,8,,1007,Baseline,1.5525798686677856,0.1940724835834732,0.13133604656993497,0.24947368421052632,256.0,0.006064765111983538,1.3488049676097944,2.7789405243801433,0.9615789473684211,0.5
users,system.K,8,,1007,prediction_only,0.3607888812110129,0.04509861015137661,0.7864355383917118,0.0,0.0,,2.5405959550665678,4.561799722700276,0.9881578947368421,0.0
users,system.K,8,,1007,importance_only,1.4471489761543987,0.18089362201929984,0.25714326972723756,0.1125,256.0,0.00565292568810312,1.4542358601231813,2.967289561376591,0.9665789473684211,0.25
users,system.K,8,,1007,snr_threshold,1.1386897292376321,0.14233621615470402,0.34710040252734703,0.22210526315789475,256.0,0.0044480067548345005,1.762695107039948,3.3831182108373365,0.9739473684210527,0.5
users,system.K,8,,1007,full_feedback,1.6695069313544613,0.20868836641930766,0.04523335043571253,0.3568421052631579,1024.0,0.001630377862650841,1.231877904923119,2.5763659929768337,0.9578947368421052,1.0
users,system.K,8,,1007,Proposed_no_confidence,0.9628223102623468,0.12035278878279335,0.4531013595727443,0.16322368421052633,256.0,0.003761024649462292,1.9385625260152335,3.762448119062465,0.9797368421052631,0.3788157894736842
users,system.K,8,,1007,Proposed_no_importance,1.1556905412056915,0.14446131765071143,0.3794059453715383,0.15328947368421053,256.0,0.004514416176584732,1.7456942950718886,3.4444393978168626,0.9813157894736843,0.34901315789473686
users,system.K,8,,1008,Exact,1.7393097037035017,0.2174137129629377,0.01788784303503588,0.24717105263157896,99.73894736842105,0.017438621016108647,1.2497830813096416,2.4819245484134207,0.9552631578947368,0.24717105263157896
users,system.K,8,,1008,Optimised,1.2522756234392072,0.1565344529299009,0.34176312526817726,0.15677631578947368,256.0,0.004891701654059403,1.7368171615739356,3.332882916806513,0.9705263157894737,0.36223684210526313
users,system.K,8,,1008,Proposed,1.3268448520464138,0.16585560650580172,0.33665251537742674,0.16006578947368422,256.0,0.005182987703306304,1.6622479329667295,3.1479624484947206,0.9771052631578947,0.3620394736842105
users,system.K,8,,1008,Baseline,1.5919829311788347,0.19899786639735434,0.12922599285702466,0.23848684210526316,256.0,0.006218683324917323,1.3971098538343085,2.716872722618928,0.9568421052631579,0.5
users,system.K,8,,1008,prediction_only,0.5134793417663195,0.06418491772078994,0.7507884389993759,0.0,0.0,,2.4756134432468238,4.265794869577701,0.9878947368421053,0.0
users,system.K,8,,1008,importance_only,1.472249988668561,0.18403124858357012,0.2719091328121913,0.11519736842105263,256.0,0.005750976518236566,1.516842796344582,2.955305182554072,0.9576315789473684,0.25
users,system.K,8,,1008,snr_threshold,1.0183690967445038,0.12729613709306298,0.40199387011888216,0.21855263157894736,256.0,0.003978004284158218,1.9707236882686392,3.583426563953598,0.9757894736842105,0.5
users,system.K,8,,1008,full_feedback,1.711239104723674,0.21390488809045924,0.04716073871974619,0.35855263157894735,1024.0,0.0016711319382067128,1.2778536802894696,2.5264235509666912,0.9552631578947368,1.0
users,system.K,8,,1008,Proposed_no_confidence,0.9848872651252281,0.12311090814065351,0.4365126064561972,0.17407894736842106,256.0,0.003847215879395422,2.004205519887915,3.7074965324208167,0.9826315789473684,0.40019736842105263
users,system.K,8,,1008,Proposed_no_importance,1.22931285867759,0.15366410733469876,0.373473610666005,0.1575,256.0,0.004802003354209336,1.759779926335553,3.3057952443809655,0.9736842105263158,0.3631578947368421
users,system.K,8,,1009,Exact,1.788527786268095,0.22356597328351188,0.016963341307170237,0.24427631578947367,99.58736842105263,0.01795938395225235,1.198409611457126,2.4992770791119336,0.9139473684210526,0.24427631578947367
users,system.K,8,,1009,Optimised,1.3437752642216512,0.1679719080277064,0.3531955970631364,0.16592105263157894,256.0,0.005249122125865825,1.6431621335035695,3.1425944874283287,0.9807894736842105,0.36473684210526314
users,system.K,8,,1009,Proposed,1.3577067122216129,0.1697133390277016,0.3374605222120756,0.17105263157894737,256.0,0.005303541844615675,1.6292306855036076,3.165989058108714,0.9726315789473684,0.3725
users,system.K,8,,1009,Baseline,1.6358611016058635,0.20448263770073294,0.1283026566473793,0.23625,256.0,0.006390082428147904,1.3510762961193574,2.746103204447562,0.9205263157894736,0.5
users,system.K,8,,1009,prediction_only,0.3600400610350058,0.045005007629375725,0.7154239369257064,0.0,0.0,,2.6268973366902153,4.38438043588281,0.9278947368421052,0.0
users,system.K,8,,1009,importance_only,1.5394881414169945,0.19243601767712432,0.24215285456662364,0.10526315789473684,256.0,0.006013625552410135,1.4474492563082266,2.9448745762667947,0.9244736842105263,0.25
users,system.K,8,,1009,snr_threshold,1.2478692392895057,0.1559836549111882,0.32103055466657404,0.20782894736842106,256.0,0.0048744892159746315,1.739068158435715,3.2750234694811526,0.9271052631578948,0.5
users,system.K,8,,1009,full_feedback,1.761759556988904,0.220219944623613,0.04288974856607558,0.3458552631578947,1024.0,0.0017204683173719765,1.2251778407363167,2.5451753544505857,0.9142105263157895,1.0
users,system.K,8,,1009,Proposed_no_confidence,0.9914563411428398,0.12393204264285497,0.43532940395550407,0.16125,256.0,0.003872876332589218,1.995481056582381,3.6346915036090586,0.9697368421052631,0.38651315789473684
users,system.K,8,,1009,Proposed_no_importance,1.2598820446917953,0.15748525558647442,0.3655273629817797,0.16835526315789473,256.0,0.0049214142370773255,1.7270553530334254,3.2831470132534317,0.9742105263157895,0.36467105263157895
users,system.K,12,,1000,Exact,2.575058200162171,0.2145881833468476,0.017005960689954313,0.2500877192982456,155.01473684210526,0.01661169933014221,1.9233408800405758,3.4142397326506595,0.9547368421052631,0.25008771929824564
users,system.K,12,,1000,Optimised,1.741151345093325,0.14509594542444373,0.39485005100426407,0.15728070175438597,384.0,0.004534248294513867,2.7572477351094227,4.681373279421844,0.9835087719298246,0.35078947368421054
users,system.K,12,,1000,Proposed,1.885503630508037,0.15712530254233642,0.36237954974444847,0.16614035087719295,384.0,0.004910165704448013,2.61289544969471,4.515942177586177,0.9907017543859649,0.36100877192982456
users,system.K,12,,1000,Baseline,2.344327879829552,0.1953606566524627,0.13160365074541716,0.24298245614035086,384.0,0.006105020520389459,2.154071200373195,3.7801751213548105,0.9592982456140351,0.5
users,system.K,12,,1000,prediction_only,0.6137852227754129,0.051148768564617746,0.7718143452942504,0.0,0.0,,3.8846138574273343,6.101295282842401,0.9775438596491228,0.0
users,system.K,12,,1000,importance_only,2.203531120671347,0.18362759338927892,0.25942474929727244,0.11311403508771929,384.0,0.005738362293414966,2.2948679595314005,4.0425073562708524,0.9594736842105264,0.25
users,system.K,12,,1000,snr_threshold,1.6683782886139238,0.13903152405116032,0.3661556434110916,0.21649122807017546,384.0,0.00434473512659876,2.8300207915888236,4.787972266010346,0.9689473684210527,0.5
users,system.K,12,,1000,full_feedback,2.5317078650017413,0.21097565541681176,0.044927310919010824,0.35907894736842105,1536.0,0.001648247307943842,1.9666912152010063,3.480354294365358,0.9550877192982457,1.0
users,system.K,12,,1000,Proposed_no_confidence,1.5608823706897188,0.1300735308908099,0.41936550672108897,0.166359649122807,384.0,0.004064797840337809,2.937516709513029,4.889418923734755,0.9801754385964913,0.3869736842105263
users,system.K,12,,1000,Proposed_no_importance,1.707924687568435,0.14232705729736958,0.42597686937191565,0.15105263157894736,384.0,0.004447720540542799,2.7904743926343123,4.672653610990245,0.9973684210526316,0.33539473684210525
users,system.K,12,,1001,Exact,2.6528588730304117,0.2210715727525343,0.014527603407918949,0.2438157894736842,151.30947368421053,0.01753266869837274,1.871617376636186,3.4892565553091206,0.9564912280701754,0.2438157894736842
users,system.K,12,,1001,Optimised,2.0429391388246034,0.17024492823538362,0.31679930908013204,0.15407894736842107,384.0,0.005320154007355738,2.4815371108419937,4.398078659170537,0.977719298245614,0.35171052631578953
users,system.K,12,,1001,Proposed,1.9862200034829363,0.165518333623578,0.35458786330177344,0.15578947368421053,384.0,0.005172447925736813,2.5382562461836615,4.510302111037103,0.984561403508772,0.3533771929824561
users,system.K,12,,1001,Baseline,2.4176516856918666,0.20147097380765555,0.12926088220115406,0.2375438596491228,384.0,0.006295967931489236,2.10682456397473,3.878736380559703,0.9612280701754385,0.5
users,system.K,12,,1001,prediction_only,1.017016521722923,0.08475137681024358,0.6360088436985302,0.0,0.0,,3.507459727943674,5.681765314095718,0.9833333333333333,0.0
users,system.K,12,,1001,importance_only,2.306186716382831,0.19218222636523594,0.23369829159214203,0.11008771929824562,384.0,0.006005694573913623,2.218289533283766,4.054495894376007,0.964561403508772,0.25
users,system.K,12,,1001,snr_threshold,2.0042364088003075,0.16701970073335895,0.29443537692584115,0.21188596491228073,384.0,0.005219365647917467,2.52023984086629,4.352403615624606,0.9808771929824561,0.5
users,system.K,12,,1001,full_feedback,2.606079338764995,0.21717327823041624,0.042816288014398664,0.3485526315789474,1536.0,0.0016966662361751269,1.9183969109016021,3.5811099224261573,0.9566666666666667,1.0
users,system.K,12,,1001,Proposed_no_confidence,1.711536294180965,0.14262802451508041,0.40871282568500966,0.1488157894736842,384.0,0.004457125766096263,2.8129399554856316,4.812046433194234,0.9775438596491228,0.3701754385964912
users,system.K,12,,1001,Proposed_no_importance,1.748867655085601,0.14573897125713342,0.38970140273903586,0.13486842105263158,384.0,0.004554342851785419,2.775608594580996,4.782297375078467,0.9803508771929824,0.3261842105263158
users,system.K,12,,1002,Exact,2.5999366198535503,0.21666138498779586,0.015362510665749533,0.2379385964912281,147.13263157894738,0.017670700183585682,1.8906124976187129,3.5145846430968994,0.9343859649122807,0.23793859649122806
users,system.K,12,,1002,Optimised,2.0122130533827525,0.16768442111522938,0.3130024373580984,0.15802631578947368,384.0,0.005240138159850918,2.4783360640895107,4.371205498797259,0.962280701754386,0.3528070175438596
users,system.K,12,,1002,Proposed,1.97683091371565,0.16473590947630415,0.3158060587911633,0.15921052631578947,384.0,0.005147997171134505,2.5137182037566133,4.4539562872808895,0.9528070175438597,0.3620614035087719
users,system.K,12,,1002,Baseline,2.3669204538054798,0.19724337115045665,0.1297568677605136,0.2317982456140351,384.0,0.00616385534845177,2.1236286636667843,3.9193457992487812,0.9366666666666666,0.5
users,system.K,12,,1002,prediction_only,0.9085354394559645,0.07571128662133038,0.6893402230141134,0.0,0.0,,3.5820136780162986,5.837573067519378,0.9614035087719298,0.0
users,system.K,12,,1002,importance_only,2.236452898398439,0.1863710748665366,0.24361008252952956,0.10649122807017543,384.0,0.0058240960895792684,2.254096219073824,4.132761930936598,0.9414035087719298,0.25
users,system.K,12,,1002,snr_threshold,1.7801664534369765,0.1483472044530814,0.3476529774725204,0.2106140350877193,384.0,0.004635850139158793,2.710382664035287,4.686519423568589,0.9473684210526315,0.5
users,system.K,12,,1002,full_feedback,2.556228043252619,0.21301900360438494,0.04434667525529572,0.34166666666666673,1536.0,0.0016642109656592574,1.934321074219644,3.5777388400683883,0.9343859649122807,1.0
users,system.K,12,,1002,Proposed_no_confidence,1.774842651593658,0.1479035542994715,0.378232204724863,0.1661842105263158,384.0,0.004621986071858484,2.7157064658786054,4.768878847234228,0.964561403508772,0.3870614035087719
users,system.K,12,,1002,Proposed_no_importance,1.8880432845522357,0.15733694037935297,0.33255665349497815,0.1437280701754386,384.0,0.0049167793868547804,2.6025058329200275,4.56027324013114,0.9529824561403509,0.331140350877193
users,system.K,12,,1003,Exact,2.5964202646994288,0.21636835539161905,0.015424989479919543,0.24771929824561403,154.54315789473685,0.016800616087241562,1.9441411378546114,3.4139182872088427,0.9610526315789474,0.24771929824561403
users,system.K,12,,1003,Optimised,1.845638765841005,0.1538032304867504,0.39747088479095377,0.15004385964912278,384.0,0.00480635095271095,2.694922636713035,4.5807324610155336,0.9942105263157894,0.3424561403508772
users,system.K,12,,1003,Proposed,1.7687727196560095,0.1473977266380008,0.39911822707059996,0.15412280701754388,384.0,0.004606178957437525,2.7717886828980305,4.669251311398963,0.9892982456140351,0.35482456140350876
users,system.K,12,,1003,Baseline,2.3730243531908353,0.19775202943256961,0.1310712700350711,0.24140350877192981,384.0,0.0061797509197678005,2.167537049363205,3.77714484804303,0.9635087719298245,0.5
users,system.K,12,,1003,prediction_only,0.9624832443156665,0.08020693702630553,0.6606798735561494,0.0,0.0,,3.5780781582383736,5.7114011669719496,0.9892982456140351,0.0
users,system.K,12,,1003,importance_only,2.2218764636915727,0.1851563719742977,0.2624854063744167,0.11140350877192982,384.0,0.0057861366241968035,2.318684938862467,4.021016204261094,0.9678947368421053,0.25
users,system.K,12,,1003,snr_threshold,1.6622336439322059,0.13851947032768383,0.3629481756660187,0.2080701754385965,384.0,0.00432873344774012,2.8783277586218334,4.738193738257434,0.9673684210526315,0.5
users,system.K,12,,1003,full_feedback,2.5524786379349864,0.21270655316124887,0.04422074602811603,0.35342105263157897,1536.0,0.0016617699465722568,1.9880827646190533,3.4907859717584,0.9610526315789474,1.0
users,system.K,12,,1003,Proposed_no_confidence,1.424928325853719,0.11874402715447659,0.4574969353959668,0.14412280701754387,384.0,0.0037107508485773933,3.1156330767003206,5.111422092070667,0.9835087719298246,0.3552631578947369
users,system.K,12,,1003,Proposed_no_importance,1.6289033828870922,0.13574194857392435,0.42276134773786084,0.13026315789473683,384.0,0.004241935892935136,2.9116580196669477,4.827832810135727,0.9892982456140351,0.3186842105263158
users,system.K,12,,1004,Exact,2.69225395043812,0.22435449586984335,0.01443474948762523,0.23956140350877192,148.26105263157893,0.018158875191101147,1.8434956795774387,3.4639047140377017,0.9449122807017544,0.23956140350877195
users,system.K,12,,1004,Optimised,1.7609742779290434,0.14674785649408695,0.44474661662806425,0.14399122807017542,384.0,0.004585870515440217,2.774775352086516,4.744162283518267,0.9903508771929824,0.3421929824561403
users,system.K,12,,1004,Proposed,2.186527895882393,0.18221065799019942,0.26984896948517817,0.15,384.0,0.005694083062193732,2.3492217341331663,4.128011666508993,0.9629824561403508,0.3543859649122807
users,system.K,12,,1004,Baseline,2.4641552263640283,0.20534626886366902,0.12597177210668914,0.22877192982456138,384.0,0.006417070901989657,2.071594403651531,3.8401105992520255,0.9484210526315789,0.5
users,system.K,12,,1004,prediction_only,0.6390385120611247,0.05325320933842706,0.753395940919615,0.0,0.0,,3.8967111179544345,6.106113945108216,0.9824561403508771,0.0
users,system.K,12,,1004,importance_only,2.316535177337853,0.19304459811148775,0.2460412189079054,0.10460526315789474,384.0,0.006032643690983992,2.2192144526777065,4.140674382358052,0.9528070175438597,0.25
users,system.K,12,,1004,snr_threshold,1.9031194888792584,0.1585932907399382,0.3232591568534842,0.19929824561403506,384.0,0.0049560403356230685,2.6326301411363007,4.591549162488664,0.9571929824561404,0.5
users,system.K,12,,1004,full_feedback,2.652653353700692,0.22105444614172434,0.03974721604058252,0.3325,1536.0,0.0017269878604822214,1.8830962763148664,3.541197559862729,0.9456140350877194,1.0
users,system.K,12,,1004,Proposed_no_confidence,1.5704185025790074,0.13086820854825063,0.4355810359827439,0.13956140350877191,384.0,0.004089631517132832,2.9653311274365515,5.08701221088175,0.9666666666666667,0.35995614035087714
users,system.K,12,,1004,Proposed_no_importance,1.8460633337724344,0.15383861114770286,0.3892929521686557,0.1387280701754386,384.0,0.0048074565983657145,2.6896862962431247,4.5929348774561,0.9866666666666667,0.3292982456140351
users,system.K,12,,1005,Exact,2.508126336900992,0.20901052807508266,0.01623281598436723,0.24460526315789474,151.69684210526316,0.016533807178138824,1.920609608858264,3.387093877438044,0.9782456140350877,0.24460526315789474
users,system.K,12,,1005,Optimised,1.9023217261001124,0.1585268105083427,0.34936125924477196,0.1595614035087719,384.0,0.004953962828385709,2.5264142196591433,4.315199081117139,0.9942105263157894,0.357280701754386
users,system.K,12,,1005,Proposed,1.8956407553178478,0.157970062943154,0.3556365841363205,0.15811403508771932,384.0,0.004936564466973562,2.5330951904414083,4.442143543257261,0.9957894736842106,0.35539473684210526
users,system.K,12,,1005,Baseline,2.293187855127475,0.1910989879272896,0.12957281385430097,0.23692982456140352,384.0,0.0059718433727278,2.135548090631781,3.7161179544908514,0.9792982456140351,0.5
users,system.K,12,,1005,prediction_only,0.35050261760974577,0.029208551467478815,0.8313560911321833,0.0,0.0,,4.07823332814951,6.252708646903865,1.0,0.0
users,system.K,12,,1005,importance_only,2.1591685595699577,0.17993071329749646,0.24894545310798177,0.11008771929824561,384.0,0.0056228347905467645,2.2695673861892987,3.9216119243384098,0.982280701754386,0.25
users,system.K,12,,1005,snr_threshold,1.6125463434315455,0.1343788619526288,0.36958606843978015,0.21026315789473685,384.0,0.00419933943601965,2.816189602327711,4.682079411326634,0.9857894736842105,0.5
users,system.K,12,,1005,full_feedback,2.4612681965435854,0.20510568304529878,0.04733816757574241,0.35377192982456146,1536.0,0.0016023881487913967,1.9674677492156705,3.482073051839053,0.9782456140350877,1.0
users,system.K,12,,1005,Proposed_no_confidence,1.610324795216387,0.1341937329346989,0.42417403194959774,0.14899122807017542,384.0,0.004193554154209341,2.818411150542869,4.755349513730403,0.994561403508772,0.3642105263157895
users,system.K,12,,1005,Proposed_no_importance,1.6248989265302858,0.13540824387752382,0.4557957083614062,0.14657894736842106,384.0,0.004231507621172619,2.80383701922897,4.758106158290329,0.9985964912280701,0.33499999999999996
users,system.K,12,,1006,Exact,2.592920741522025,0.21607672846016876,0.016264102212473052,0.2564035087719298,157.59157894736842,0.01645342193308435,1.8961445342721914,3.428111958076109,0.9626315789473684,0.2564035087719298
users,system.K,12,,1006,Optimised,1.8024404466374995,0.15020337055312497,0.3775829023657819,0.15197368421052632,384.0,0.004693855329785155,2.6866248291567167,4.539123801716644,0.9831578947368421,0.34872807017543855
users,system.K,12,,1006,Proposed,1.9247168440637568,0.1603930703386464,0.3253310054944216,0.16346491228070176,384.0,0.0050122834480827,2.5643484317304597,4.393892854464359,0.9778947368421053,0.36214912280701755
users,system.K,12,,1006,Baseline,2.348855391244003,0.19573794927033358,0.1345715627438064,0.24697368421052632,384.0,0.0061168109146979245,2.1402098845502135,3.8870354495277555,0.9656140350877193,0.5
users,system.K,12,,1006,prediction_only,0.7031143230574518,0.05859286025478765,0.7146980813381556,0.0,0.0,,3.7859509527367643,5.893154197517696,0.9936842105263158,0.0
users,system.K,12,,1006,importance_only,2.2052162586502937,0.18376802155419114,0.2635142160675375,0.11324561403508773,384.0,0.005742750673568473,2.2838490171439227,4.044006645416849,0.9673684210526315,0.25
users,system.K,12,,1006,snr_threshold,1.6130255338489965,0.13441879448741637,0.40837760906381226,0.22114035087719297,384.0,0.004200587327731761,2.87603974194522,4.785431369406554,0.9850877192982456,0.5
users,system.K,12,,1006,full_feedback,2.5460866723766125,0.2121738893647177,0.045006656301784714,0.3655263157894737,1536.0,0.001657608510661857,1.942978603417604,3.516247001456633,0.9628070175438597,1.0
users,system.K,12,,1006,Proposed_no_confidence,1.4003598790006573,0.11669665658338811,0.5046328208761737,0.1630701754385965,384.0,0.0036467705182308785,3.0887053967935594,5.0769622547486355,0.9924561403508771,0.38166666666666665
users,system.K,12,,1006,Proposed_no_importance,1.6860775220572155,0.14050646017143462,0.4074422473407569,0.15447368421052632,384.0,0.004390826880357332,2.8029877537370003,4.732072109547873,0.9849122807017544,0.3424561403508772
users,system.K,12,,1007,Exact,2.6162184176593635,0.21801820147161363,0.014163366345658429,0.23771929824561402,146.77894736842106,0.017824207521345347,1.8226239080456563,3.402259130809071,0.9442105263157895,0.23771929824561402
users,system.K,12,,1007,Optimised,2.037732272260946,0.16981102268841217,0.29111952982779576,0.15074561403508774,384.0,0.00530659445901288,2.4011100534440737,4.21461402704629,0.9705263157894737,0.3545175438596491
users,system.K,12,,1007,Proposed,1.9832952562326094,0.1652746046860508,0.34447045417183847,0.15210526315789474,384.0,0.005164831396439087,2.4555470694724106,4.249643493552168,0.9726315789473684,0.3542105263157895
users,system.K,12,,1007,Baseline,2.3923372518375983,0.1993614376531332,0.12762199149367673,0.2330263157894737,384.0,0.006230044926660412,2.046505073867422,3.7601196897423796,0.9475438596491228,0.5
users,system.K,12,,1007,prediction_only,1.0139548016251323,0.08449623346876102,0.6163499532290785,0.0,0.0,,3.4248875240798875,5.522404971776713,0.9903508771929824,0.0
users,system.K,12,,1007,importance_only,2.264073756876677,0.18867281307305642,0.24828568311230104,0.10732456140350878,384.0,0.005896025408533013,2.1747685688283434,3.9049142286522596,0.9521052631578948,0.25
users,system.K,12,,1007,snr_threshold,1.9639224974375604,0.1636602081197967,0.2921413039157337,0.20657894736842106,384.0,0.005114381503743647,2.4749198282674594,4.272401280947709,0.9740350877192983,0.5
users,system.K,12,,1007,full_feedback,2.5760673418726827,0.21467227848939022,0.04144544479883561,0.33710526315789474,1536.0,0.001677127175698361,1.8627749838323373,3.4659582014035464,0.9445614035087719,1.0
users,system.K,12,,1007,Proposed_no_confidence,1.4560807277689916,0.12134006064741597,0.4552115941598413,0.14828947368421053,384.0,0.003791876895231749,2.9827615979360287,4.953555568568785,0.9849122807017544,0.3712719298245614
users,system.K,12,,1007,Proposed_no_importance,1.6992704123047249,0.1416058676920604,0.3946925933454332,0.1354824561403509,384.0,0.004425183365376888,2.739571913400295,4.585652176627487,0.9775438596491228,0.3235087719298246
users,system.K,12,,1008,Exact,2.6282656983702,0.21902214153085,0.015022189924378773,0.24245614035087718,149.50736842105263,0.01757950612151973,1.890121465452992,3.5097034975430548,0.9564912280701754,0.24245614035087718
users,system.K,12,,1008,Optimised,1.8166432762228244,0.15138693968523537,0.3926269949164954,0.15114035087719296,384.0,0.004730841865163605,2.701743887600368,4.634169587116653,0.9912280701754386,0.34969298245614033
users,system.K,12,,1008,Proposed,1.9232907248675384,0.16027422707229486,0.35118980545415573,0.14885964912280703,384.0,0.005008569596009214,2.595096438955654,4.479853330145423,0.9828070175438597,0.35026315789473683
users,system.K,12,,1008,Baseline,2.4044911013876935,0.20037425844897447,0.1260594572796598,0.23092105263157892,384.0,0.006261695576530452,2.1138960624354985,3.8144697279654807,0.9589473684210527,0.5
users,system.K,12,,1008,prediction_only,1.0546770697793542,0.08788975581494618,0.6333427310252178,0.0,0.0,,3.4637100940438383,5.584436726273337,0.9875438596491228,0.0
users,system.K,12,,1008,importance_only,2.2705943386142824,0.18921619488452354,0.24350131821495855,0.10837719298245614,384.0,0.005913006090141361,2.24779282520891,4.036140162430649,0.9654385964912281,0.25
users,system.K,12,,1008,snr_threshold,1.7133689644006986,0.14278074703339155,0.35180562524109577,0.2074122807017544,384.0,0.004461898344793486,2.8050181994224936,4.820306674253969,0.9736842105263158,0.5
users,system.K,12,,1008,full_feedback,2.586339097676611,0.21552825813971757,0.04231476867489922,0.34421052631578947,1536.0,0.0016838145167165435,1.932048066146581,3.58232801620379,0.9564912280701754,1.0
users,system.K,12,,1008,Proposed_no_confidence,1.6828674926775962,0.14023895772313302,0.40684969231955453,0.16877192982456138,384.0,0.004382467428847907,2.8355196711455966,4.7705685644809135,0.9850877192982456,0.39960526315789474
users,system.K,12,,1008,Proposed_no_importance,1.6406248593937849,0.13671873828281542,0.41756169479094307,0.13929824561403506,384.0,0.004272460571337982,2.877762304429407,4.844532295293122,0.991578947368421,0.33228070175438595
users,system.K,12,,1009,Exact,2.5610228270466187,0.21341856892055155,0.015717957227635172,0.24539473684210528,152.77473684210526,0.01676339216799614,1.8769061077910905,3.422308832002907,0.9515789473684211,0.24539473684210525
users,system.K,12,,1009,Optimised,1.7750858318688296,0.14792381932240248,0.3933082578296145,0.148859649122807,384.0,0.004622619353825077,2.6628431029688793,4.530423151439419,0.9885964912280701,0.3395175438596491
users,system.K,12,,1009,Proposed,1.827305923218328,0.15227549360152734,0.36496428101079675,0.15758771929824558,384.0,0.004758609175047729,2.610623011619381,4.456604845272827,0.9787719298245614,0.3557894736842105
users,system.K,12,,1009,Baseline,2.336655376361554,0.1947212813634628,0.1272940544126504,0.2336842105263158,384.0,0.006085040042608213,2.1012735584761546,3.816082199354117,0.9547368421052631,0.5
users,system.K,12,,1009,prediction_only,1.2517822891404868,0.10431519076170724,0.5451122551484924,0.0,0.0,,3.186146645697222,5.251440109695301,0.9831578947368421,0.0
users,system.K,12,,1009,importance_only,2.1863512235185265,0.18219593529321054,0.2538260406927651,0.11074561403508772,384.0,0.0056936229779128295,2.2515777113191824,4.0649737540995075,0.9566666666666667,0.25
users,system.K,12,,1009,snr_threshold,1.690883864815318,0.14090698873460983,0.3208257403560691,0.2117543859649123,384.0,0.004403343397956557,2.7470450700223914,4.663400707928554,0.9596491228070175,0.5
users,system.K,12,,1009,full_feedback,2.514381571225422,0.20953179760211849,0.04348760609504947,0.3527192982456141,1536.0,0.0016369671687665507,1.9235473636122875,3.4975934337966224,0.9515789473684211,1.0
users,system.K,12,,1009,Proposed_no_confidence,1.7949610192283512,0.14958008493569594,0.3837103141336852,0.1531578947368421,384.0,0.004674377654240498,2.6429679156093577,4.541409778101153,0.9870175438596491,0.36714912280701756
users,system.K,12,,1009,Proposed_no_importance,1.5849797264150516,0.13208164386792096,0.41177086802040413,0.13653508771929823,384.0,0.00412755137087253,2.852949208422657,4.815184220688995,0.9875438596491228,0.3233333333333333
users,system.K,16,,1000,Exact,3.5004139215304617,0.21877587009565386,0.0158402079237721,0.24273026315789473,201.90315789473684,0.017337093476048646,2.5095958217547327,4.33491553772862,0.9625,0.24273026315789473
users,system.K,16,,1000,Optimised,2.7228448123284243,0.17017780077052652,0.3181267021849341,0.15786184210526316,512.0,0.005318056274078954,3.2871649309567705,5.413244703045453,0.9889473684210527,0.3551644736842105
users,system.K,16,,1000,Proposed,2.6477166729581825,0.1654822920598864,0.3475485685727587,0.15164473684210528,512.0,0.00517132162687145,3.362293070327013,5.542157059462082,0.9867105263157895,0.351875
users,system.K,16,,1000,Baseline,3.195586679944776,0.1997241674965485,0.1285387671696999,0.2350657894736842,512.0,0.006241380234267141,2.814423063340419,4.833719558695134,0.9644736842105263,0.5
users,system.K,16,,1000,prediction_only,0.800047035142298,0.050002939696393627,0.8179645454848189,0.0,0.0,,5.209962708142897,7.676523579805419,0.9998684210526316,0.0
users,system.K,16,,1000,importance_only,3.034937554917183,0.18968359718232394,0.2493562862950589,0.10973684210526316,512.0,0.005927612411947623,2.9750721883680122,5.073053950803284,0.9697368421052631,0.25
users,system.K,16,,1000,snr_threshold,2.5707493727310196,0.16067183579568872,0.3144735945913289,0.2199342105263158,512.0,0.005020994868615273,3.4392603705541758,5.576923789742066,0.9781578947368421,0.5
users,system.K,16,,1000,full_feedback,3.4450440238770956,0.21531525149231848,0.043538441326553094,0.3430921052631579,2048.0,0.001682150402283738,2.5649657194081,4.4095306675862584,0.9627631578947369,1.0
users,system.K,16,,1000,Proposed_no_confidence,2.151464165300933,0.13446651033130833,0.4377944704424117,0.1444736842105263,512.0,0.004202078447853385,3.858545577984262,6.206080838994139,0.9875,0.35118421052631577
users,system.K,16,,1000,Proposed_no_importance,2.174754393734013,0.13592214960837581,0.42953249488612827,0.13230263157894737,512.0,0.004247567175261744,3.8352553495511827,6.180210918893958,0.9923684210526316,0.31898026315789474
users,system.K,16,,1001,Exact,3.6390463858902353,0.2274403991181397,0.014700067702943437,0.2455921052631579,203.45263157894738,0.017886455228661648,2.4088209499834945,4.192929038136061,0.9435526315789474,0.2455921052631579
users,system.K,16,,1001,Optimised,2.5488513424929815,0.15930320890581134,0.3430008172478751,0.14529605263157894,512.0,0.0049782252783066045,3.4990159933807483,5.687431445846427,0.9735526315789473,0.3387171052631579
users,system.K,16,,1001,Proposed,2.6641318718471183,0.1665082419904449,0.3557436267962356,0.15118421052631578,512.0,0.005203382562201403,3.3837354640266115,5.532299430004939,0.9696052631578947,0.34825657894736844
users,system.K,16,,1001,Baseline,3.3233112907229656,0.20770695567018535,0.12825466953939296,0.23654605263157893,512.0,0.006490842364693292,2.7245560451507647,4.709623765990656,0.9468421052631579,0.5
users,system.K,16,,1001,prediction_only,1.3554565040405824,0.0847160315025364,0.6353892267854446,0.0,0.0,,4.692410831833147,7.129917393948639,0.969078947368421,0.0
users,system.K,16,,1001,importance_only,3.149029040782475,0.19681431504890468,0.2488445866723344,0.109375,512.0,0.006150447345278271,2.898838295091255,4.889804517759261,0.9511842105263157,0.25
users,system.K,16,,1001,snr_threshold,2.66069719688242,0.16629357480515125,0.2886289348737583,0.21398026315789473,512.0,0.005196674212660977,3.38717013899131,5.464907993935529,0.9544736842105264,0.5
users,system.K,16,,1001,full_feedback,3.579107706075992,0.2236942316297495,0.04359340200185539,0.3494078947368421,2048.0,0.001747611184607418,2.468759629797738,4.28805234056694,0.944078947368421,1.0
users,system.K,16,,1001,Proposed_no_confidence,2.021863230508737,0.12636645190679607,0.47753542327706644,0.14319078947368422,512.0,0.003948951622087377,4.026004105364992,6.285608780801637,0.9938157894736842,0.35595394736842106
users,system.K,16,,1001,Proposed_no_importance,2.4649597934015612,0.15405998708759758,0.3810392162447178,0.1400328947368421,512.0,0.004814374596487424,3.582907542472168,5.730507859191862,0.9698684210526316,0.32648026315789475
users,system.K,16,,1002,Exact,3.5408405475886644,0.22130253422429152,0.014618179751538932,0.23592105263157895,197.33894736842106,0.01794293825322838,2.426557040557197,4.223992553194447,0.9593421052631579,0.23592105263157895
users,system.K,16,,1002,Optimised,2.359073873702032,0.147442117106377,0.3927628054129754,0.13773026315789474,512.0,0.004607566159574281,3.608323714443829,5.832859685101295,0.9846052631578948,0.3358552631578947
users,system.K,16,,1002,Proposed,2.449665102147757,0.1531040688842348,0.40160871903533374,0.14470394736842104,512.0,0.004784502152632338,3.517732485998104,5.715212034286338,0.9927631578947368,0.3466776315789474
users,system.K,16,,1002,Baseline,3.2510469126801715,0.20319043204251072,0.12588656949161717,0.23078947368421052,512.0,0.00634970100132846,2.71635067546569,4.637912916329183,0.9622368421052632,0.5
users,system.K,16,,1002,prediction_only,1.4852660956212176,0.0928291309763261,0.6020225917744201,0.0,0.0,,4.482131492524642,6.880899354985653,0.9801315789473685,0.0
users,system.K,16,,1002,importance_only,3.100163937020614,0.1937602460637884,0.23477060794262916,0.10319078947368421,512.0,0.006055007689493387,2.8672336511252468,4.915761623613407,0.9661842105263158,0.25
users,system.K,16,,1002,snr_threshold,2.5823151093428276,0.16139469433392672,0.31053320126887807,0.21322368421052632,512.0,0.00504358419793521,3.385082478803034,5.559045820720929,0.979078947368421,0.5
users,system.K,16,,1002,full_feedback,3.489157272611815,0.21807232953823844,0.042087428694444574,0.3371710526315789,2048.0,0.0017036900745174878,2.478240315534046,4.314238631895863,0.9597368421052631,1.0
users,system.K,16,,1002,Proposed_no_confidence,2.1714353424737944,0.13571470890461215,0.4294012291294169,0.14332236842105264,512.0,0.00424108465326913,3.795962245672066,6.023308328185097,0.9877631578947368,0.3599342105263158
users,system.K,16,,1002,Proposed_no_importance,2.410651851318028,0.15066574070737676,0.3464834360743388,0.12375,512.0,0.004708304397105524,3.556745736827833,5.816330344531487,0.9743421052631579,0.3150328947368421
users,system.K,16,,1003,Exact,3.5233075063145938,0.2202067191446621,0.01541611269214741,0.24618421052631578,204.56421052631578,0.017223479597186647,2.514630300389625,4.189906061200399,0.945,0.24618421052631578
users,system.K,16,,1003,Optimised,2.3189331396874278,0.14493332123046423,0.4038162430930149,0.14263157894736841,512.0,0.004529166288452007,3.719004667016791,5.915270075900289,0.9814473684210526,0.3366447368421053
users,system.K,16,,1003,Proposed,2.340540493847851,0.14628378086549068,0.3975719535710366,0.1505592105263158,512.0,0.004571368152046584,3.697397312856367,5.828834190500971,0.9813157894736843,0.34457236842105265
users,system.K,16,,1003,Baseline,3.2089161595579747,0.20055725997237342,0.1296892317131246,0.23858552631578947,512.0,0.006267414374136669,2.8290216471462437,4.6552124044857495,0.9478947368421052,0.5
users,system.K,16,,1003,prediction_only,0.8199805280776697,0.05124878300485436,0.7378669567221371,0.0,0.0,,5.21795727862655,7.618220727044133,0.9802631578947368,0.0
users,system.K,16,,1003,importance_only,3.0138662470818827,0.18836664044261767,0.2584673825118493,0.11167763157894736,512.0,0.005886457513831802,3.0240715596223353,5.014635857743873,0.9543421052631579,0.25
users,system.K,16,,1003,snr_threshold,2.312396421355724,0.14452477633473276,0.34700868454750466,0.2150986842105263,512.0,0.004516399260460399,3.725541385348494,5.844532272250571,0.9606578947368422,0.5
users,system.K,16,,1003,full_feedback,3.4662552543226517,0.21664095339516573,0.043639785791678626,0.35098684210526315,2048.0,0.0016925074483997323,2.571682552381567,4.2938199518050295,0.945,1.0
users,system.K,16,,1003,Proposed_no_confidence,2.006934740703729,0.12543342129398305,0.44365912815184594,0.15223684210526317,512.0,0.00391979441543697,4.0310030660004905,6.35747608154596,0.986578947368421,0.364375
users,system.K,16,,1003,Proposed_no_importance,1.934157497503925,0.12088484359399532,0.49336086493678594,0.1305921052631579,512.0,0.0037776513623123537,4.103780309200293,6.391048362379716,0.9901315789473685,0.3132565789473684
users,system.K,16,,1004,Exact,3.559348937366109,0.22245930858538182,0.014323167628386584,0.23450657894736843,195.18315789473684,0.018235942976625483,2.4446187404075723,4.173347226158414,0.9617105263157895,0.23450657894736843
users,system.K,16,,1004,Optimised,2.653235774155954,0.16582723588474713,0.3491837996059247,0.14016447368421053,512.0,0.005182101121398348,3.3507319036177274,5.589630719008325,0.9875,0.3377631578947368
users,system.K,16,,1004,Proposed,2.61016519754271,0.16313532484641938,0.368476031144849,0.14592105263157895,512.0,0.0050979789014506055,3.393802480230972,5.533239298762345,0.985,0.3431907894736842
users,system.K,16,,1004,Baseline,3.2702387775396593,0.2043899235962287,0.12726342601500654,0.23148026315789474,512.0,0.006387185112382147,2.7337289002340217,4.654694632327814,0.9638157894736842,0.5
users,system.K,16,,1004,prediction_only,1.2269829393022746,0.07668643370639217,0.6556260712586771,0.0,0.0,,4.776984738471406,7.363452311198985,0.9944736842105263,0.0
users,system.K,16,,1004,importance_only,3.12055029472414,0.19503439342025874,0.2357928668679457,0.10470394736842105,512.0,0.006094824794383086,2.883417383049542,4.866128620297699,0.9667105263157895,0.25
users,system.K,16,,1004,snr_threshold,2.6722789030009664,0.1670174314375604,0.281291753671677,0.20898026315789472,512.0,0.0052192947324237625,3.3316887747727146,5.47843259121995,0.9746052631578948,0.5
users,system.K,16,,1004,full_feedback,3.5031233717002896,0.2189452107312681,0.042696993170608655,0.3349013157894737,2048.0,0.001710509458838032,2.5008443060733923,4.284455450917788,0.9618421052631579,1.0
users,system.K,16,,1004,Proposed_no_confidence,2.0700573130748365,0.12937858206717728,0.4328275638082754,0.13351973684210527,512.0,0.00404308068959929,3.9339103646988445,6.2930446587855196,0.9852631578947368,0.34575657894736844
users,system.K,16,,1004,Proposed_no_importance,2.4028952905576486,0.15018095565985304,0.3907384465787127,0.11726973684210526,512.0,0.0046931548643704074,3.601072387216033,5.793826326085806,0.986578947368421,0.305625
users,system.K,16,,1005,Exact,3.5019982561793723,0.21887489101121077,0.014453537798080363,0.24138157894736842,198.6863157894737,0.017625764724985185,2.476919510708594,4.318379098626077,0.9709210526315789,0.24138157894736842
users,system.K,16,,1005,Optimised,2.605527161695045,0.1628454476059403,0.3722561228782233,0.14286184210526315,512.0,0.0050889202376856344,3.373390605192922,5.535841906477845,0.9948684210526316,0.3405263157894737
users,system.K,16,,1005,Proposed,2.7410115732203995,0.17131322332627497,0.32821288497764056,0.1511513157894737,512.0,0.005353538228946093,3.237906193667568,5.563459741025374,0.9878947368421053,0.35411184210526314
users,system.K,16,,1005,Baseline,3.2144218488157774,0.2009013655509861,0.1271224786461361,0.2299342105263158,512.0,0.006278167673468315,2.7644959180721895,4.795261724165552,0.9722368421052632,0.5
users,system.K,16,,1005,prediction_only,1.5424722564641227,0.09640451602900767,0.5663618954785208,0.0,0.0,,4.4364455104238445,6.912285464930045,0.9973684210526316,0.0
users,system.K,16,,1005,importance_only,3.0357575585117167,0.1897348474069823,0.2458983837146454,0.10625,512.0,0.005929213981468197,2.9431602083762503,5.063491835776738,0.9781578947368421,0.25
users,system.K,16,,1005,snr_threshold,2.5962519478850195,0.16226574674281372,0.30211655721488834,0.21101973684210526,512.0,0.005070804585712929,3.382665819002948,5.614211988436872,0.9807894736842105,0.5
users,system.K,16,,1005,full_feedback,3.447341334756401,0.21545883342227506,0.04325031344515631,0.3438815789473684,2048.0,0.001683272136111524,2.531576432131566,4.415887421155155,0.9710526315789474,1.0
users,system.K,16,,1005,Proposed_no_confidence,2.1412542226891267,0.13382838891807042,0.4293080730364245,0.1425,512.0,0.0041821371536897006,3.83766354419884,6.271907537720573,0.9896052631578948,0.36078947368421055
users,system.K,16,,1005,Proposed_no_importance,2.287852759070045,0.14299079744187781,0.39956634007159414,0.12960526315789472,512.0,0.004468462420058682,3.6910650078179223,6.07463770575216,0.9928947368421053,0.3201973684210526
users,system.K,16,,1006,Exact,3.5028782011577344,0.2189298875723584,0.015763080569104422,0.2588815789473684,214.24842105263158,0.016349610344606594,2.5117821976961907,4.21323178292223,0.9596052631578947,0.2588815789473684
users,system.K,16,,1006,Optimised,2.6396132795327216,0.1649758299707951,0.3580781326318893,0.16154605263157895,512.0,0.005155494686587347,3.375047119321204,5.493423071502409,0.9805263157894737,0.35463815789473685
users,system.K,16,,1006,Proposed,2.6057272183106193,0.1628579511444137,0.3668178547476646,0.16131578947368422,512.0,0.005089310973262928,3.4089331805433063,5.4823946766265825,0.9830263157894736,0.3576644736842105
users,system.K,16,,1006,Baseline,3.191227998479133,0.19945174990494582,0.1320999818652835,0.24157894736842106,512.0,0.006232867184529557,2.823432400374792,4.693998022921671,0.9626315789473684,0.5
users,system.K,16,,1006,prediction_only,1.0378853554020666,0.06486783471262916,0.7259907145726302,0.0,0.0,,4.976775043451859,7.376123709141117,0.9919736842105263,0.0
users,system.K,16,,1006,importance_only,3.000984593794409,0.18756153711215057,0.2609682792257015,0.11358552631578947,512.0,0.005861298034754705,3.0136758050595156,4.974832490354682,0.966842105263158,0.25
users,system.K,16,,1006,snr_threshold,2.4007957884797904,0.1500497367799869,0.3533389653603655,0.22101973684210527,512.0,0.0046890542743745905,3.613864610374135,5.708271063780279,0.9778947368421053,0.5
users,system.K,16,,1006,full_feedback,3.447836736234825,0.21548979601467655,0.044210349026692825,0.36213815789473686,2048.0,0.0016835140313646605,2.566823662619101,4.3072222799644075,0.9598684210526316,1.0
users,system.K,16,,1006,Proposed_no_confidence,2.0884940897222912,0.1305308806076432,0.45052765523602367,0.14855263157894738,512.0,0.00407909001898885,3.926166309131635,6.141967548559164,0.985,0.3603618421052632
users,system.K,16,,1006,Proposed_no_importance,2.0823483454249225,0.13014677158905766,0.47622921286385234,0.1411184210526316,512.0,0.004067086612158052,3.932312053429003,6.124419825177465,0.9911842105263158,0.3243421052631579
users,system.K,16,,1007,Exact,3.545231772648207,0.22157698579051294,0.015562133300706622,0.2507236842105263,209.98736842105262,0.016883071583332316,2.416760618345736,4.168606324363308,0.9488157894736842,0.2507236842105263
users,system.K,16,,1007,Optimised,2.3427446406436405,0.14642154004022753,0.3802587033780106,0.15355263157894736,512.0,0.00457567312625711,3.619247750350303,6.118082496594979,0.9798684210526316,0.34625
users,system.K,16,,1007,Proposed,2.6265259726067183,0.1641578732879199,0.3496745530469435,0.16177631578947368,512.0,0.005129933540247497,3.3354664183872247,5.537227360209189,0.9838157894736842,0.35753289473684213
users,system.K,16,,1007,Baseline,3.236412427134671,0.20227577669591693,0.13203699058941767,0.24141447368421054,512.0,0.006321118021747404,2.725579963859272,4.673721582163179,0.9505263157894737,0.5
users,system.K,16,,1007,prediction_only,1.0775884019903121,0.06734927512439451,0.6951424701780289,0.0,0.0,,4.884403989003631,7.438826746288239,0.9827631578947369,0.0
users,system.K,16,,1007,importance_only,3.062201070154421,0.1913875668846513,0.2520034578678362,0.11085526315789473,512.0,0.005980861465145353,2.8997913208395225,4.8784033569363405,0.9581578947368421,0.25
users,system.K,16,,1007,snr_threshold,2.3347132524728886,0.14591957827955554,0.34867036046307526,0.21763157894736843,512.0,0.004559986821236111,3.627279138521054,5.864015697116641,0.9661842105263158,0.5
users,system.K,16,,1007,full_feedback,3.48660617767788,0.2179128861048675,0.04419382312420292,0.3611184210526316,2048.0,0.0017024444226942774,2.4753862133160633,4.286700968576993,0.9492105263157895,1.0
users,system.K,16,,1007,Proposed_no_confidence,1.9328486380260705,0.12080303987662941,0.478151588875638,0.14779605263157894,512.0,0.003775094996144669,4.029143752967872,6.421160133492578,0.9752631578947368,0.3463157894736842
users,system.K,16,,1007,Proposed_no_importance,2.0875916625404844,0.13047447890878028,0.4429499316936281,0.1437171052631579,512.0,0.004077327465899384,3.8744007284534585,6.29730079382084,0.9959210526315789,0.3282565789473684
users,system.K,16,,1008,Exact,3.54955716488744,0.221847322805465,0.01631265656345365,0.25532894736842104,214.87157894736842,0.016519435386831146,2.4639143991395276,4.182316036909368,0.9551315789473684,0.25532894736842104
users,system.K,16,,1008,Optimised,2.5801258671625376,0.1612578666976586,0.35238810105991075,0.1481578947368421,512.0,0.005039308334301831,3.4333456968644307,5.68810122170291,0.9901315789473685,0.34411184210526313
users,system.K,16,,1008,Proposed,2.501377108186997,0.1563360692616873,0.35910691325579436,0.1557565789473684,512.0,0.004885502164427728,3.512094455839971,5.701158231192099,0.9863157894736843,0.3550986842105263
users,system.K,16,,1008,Baseline,3.233684569458891,0.20210528559118068,0.13348658030616298,0.24335526315789474,512.0,0.006315790174724396,2.779786994568077,4.691920956924156,0.9592105263157895,0.5
users,system.K,16,,1008,prediction_only,0.8675158598673524,0.05421974124170952,0.734016895101982,0.0,0.0,,5.145955704159616,7.696032303057486,0.9940789473684211,0.0
users,system.K,16,,1008,importance_only,3.0836691044951006,0.19272931903094379,0.24570367811593424,0.11197368421052632,512.0,0.006022791219716993,2.9298024595318672,4.889917017352791,0.9610526315789474,0.25
users,system.K,16,,1008,snr_threshold,2.373736544967802,0.14835853406048763,0.34393984955086443,0.21661184210526316,512.0,0.004636204189390238,3.6397350190591657,5.840701355188945,0.9680263157894737,0.5
users,system.K,16,,1008,full_feedback,3.4909344214033404,0.21818340133770878,0.04531151763706752,0.3595065789473684,2048.0,0.0017045578229508498,2.5225371426236283,4.2670757238636385,0.9555263157894737,1.0
users,system.K,16,,1008,Proposed_no_confidence,1.6784516818926964,0.10490323011829353,0.5265528143736703,0.136875,512.0,0.0032782259411966727,4.335019882134271,6.74200068215445,0.9852631578947368,0.3419407894736842
users,system.K,16,,1008,Proposed_no_importance,2.073902313283141,0.12961889458019632,0.4692136995901172,0.13549342105263157,512.0,0.004050590455631135,3.9395692507438267,6.303720340444669,0.9905263157894737,0.32036184210526314
users,system.K,16,,1009,Exact,3.4172747950670206,0.2135796746916888,0.014790271890418327,0.25845394736842103,216.50526315789475,0.015783795484800026,2.458304799664075,4.234953220439468,0.9615789473684211,0.25845394736842103
users,system.K,16,,1009,Optimised,2.2803469430833636,0.14252168394271023,0.42026551830757636,0.1537171052631579,512.0,0.0044538026232096945,3.5952326516477315,5.786127041323889,0.9873684210526316,0.34269736842105264
users,system.K,16,,1009,Proposed,2.284255827736868,0.14276598923355424,0.4054277922019761,0.16013157894736843,512.0,0.00446143716354857,3.5913237669942273,5.7727927815469355,0.9838157894736842,0.3518092105263158
users,system.K,16,,1009,Baseline,3.1081543565804095,0.1942596472862756,0.13336004407592592,0.24723684210526317,512.0,0.006070613977696112,2.767425238150686,4.711504783451692,0.964078947368421,0.5
users,system.K,16,,1009,prediction_only,0.6907488315128025,0.04317180196955016,0.7647075092711211,0.0,0.0,,5.184830763218294,7.724735359070308,0.9768421052631578,0.0
users,system.K,16,,1009,importance_only,2.914869572940946,0.18217934830880914,0.26107004387185295,0.11513157894736842,512.0,0.0056931046346502855,2.9607100217901494,5.007668551840659,0.9661842105263158,0.25
users,system.K,16,,1009,snr_threshold,2.369983863534557,0.14812399147090982,0.31318861563820044,0.2200986842105263,512.0,0.004628874733465932,3.5055957311965384,5.667629000914877,0.9661842105263158,0.5
users,system.K,16,,1009,full_feedback,3.3579767816768618,0.20987354885480386,0.04337051950066879,0.3632565789473684,2048.0,0.0016396371004281552,2.517602813054234,4.361166267415395,0.9617105263157895,1.0
users,system.K,16,,1009,Proposed_no_confidence,1.9453525700886343,0.12158453563053964,0.4755682626274496,0.15513157894736843,512.0,0.003799516738454364,3.9302270246424613,6.262149868073251,0.9921052631578947,0.36411184210526315
users,system.K,16,,1009,Proposed_no_importance,2.1544208730299546,0.13465130456437216,0.46953001341967576,0.15342105263157896,512.0,0.00420785326763663,3.721158721701141,5.964303141762647,0.9988157894736842,0.33167763157894736
