sweep,param,x,x2,seed,scheme,utility,utility_per_user,regret,switch_rate,bits,utility_per_bit,loss,cvar,violation_rate,fb_share
speed_budget,channel.speed_kmh|feedback.budget_frac,3,0.05,1000,Exact,1.689644759486207,0.21120559493577587,0.0024680424430245287,0.018092105263157895,4.631578947368421,0.3648096639799765,1.2978903573238885,2.3864626583785538,0.9952631578947368,0.018092105263157895
speed_budget,channel.speed_kmh|feedback.budget_frac,3,0.05,1000,Optimised,1.403053399114476,0.1753816748893095,0.2216574833219865,0.005723684210526316,2.829473684210526,0.4958708069787025,1.5844817176956194,2.9364440215384087,0.9989473684210526,0.011052631578947368
speed_budget,channel.speed_kmh|feedback.budget_frac,3,0.05,1000,Proposed,1.403053399114476,0.1753816748893095,0.2216574833219865,0.005723684210526316,2.829473684210526,0.4958708069787025,1.5844817176956194,2.9364440215384087,0.9989473684210526,0.011052631578947368
speed_budget,channel.speed_kmh|feedback.budget_frac,3,0.05,1000,Baseline,0.40274327591155296,0.05034290948894412,0.7232787173429548,0.0,0.0,,2.5847918408985424,4.2848436927727,1.0,0.0
speed_budget,channel.speed_kmh|feedback.budget_frac,3,0.05,1000,full_feedback,1.651625953146872,0.206453244143359,0.04239913878660709,0.22210526315789475,1024.0,0.0016129159698699922,1.3359091636632232,2.473529080159597,0.9960526315789474,1.0
speed_budget,channel.speed_kmh|feedback.budget_frac,3,0.05,1001,Exact,1.7543914326880095,0.21929892908600118,0.00266818043910371,0.019078947368421053,4.88421052631579,0.359196521778795,1.233970691349228,2.492230448651497,0.983421052631579,0.019078947368421053
speed_budget,channel.speed_kmh|feedback.budget_frac,3,0.05,1001,Optimised,1.4436545391590427,0.18045681739488034,0.23169421492377243,0.006973684210526316,2.829473684210526,0.5102201682295724,1.544707584878195,3.093140747169627,0.983421052631579,0.011052631578947368
speed_budget,channel.speed_kmh|feedback.budget_frac,3,0.05,1001,Proposed,1.4436545391590427,0.18045681739488034,0.23169421492377243,0.006973684210526316,2.829473684210526,0.5102201682295724,1.544707584878195,3.093140747169627,0.983421052631579,0.011052631578947368
speed_budget,channel.speed_kmh|feedback.budget_frac,3,0.05,1001,Baseline,0.21610363303860686,0.027012954129825857,0.878827629368481,0.0,0.0,,2.772258490998631,4.670818835204753,1.0,0.0
speed_budget,channel.speed_kmh|feedback.budget_frac,3,0.05,1001,full_feedback,1.7107926356051424,0.2138490794506428,0.04531218843244579,0.2293421052631579,1024.0,0.0016706959332081469,1.2775694884320954,2.5682263665163494,0.983421052631579,1.0
speed_budget,channel.speed_kmh|feedback.budget_frac,3,0.05,1002,Exact,1.5597002047570905,0.1949625255946363,0.004219966418490171,0.02019736842105263,5.170526315789473,0.30165211614805293,1.4413061823739055,2.777695460133403,0.9955263157894737,0.02019736842105263
speed_budget,channel.speed_kmh|feedback.budget_frac,3,0.05,1002,Optimised,1.2102085216240606,0.15127606520300757,0.24528267487757519,0.005855263157894737,2.829473684210526,0.42771506530612263,1.7907978655069354,3.3988119469429523,1.0,0.011052631578947368
speed_budget,channel.speed_kmh|feedback.budget_frac,3,0.05,1002,Proposed,1.2102085216240606,0.15127606520300757,0.24528267487757519,0.005855263157894737,2.829473684210526,0.42771506530612263,1.7907978655069354,3.3988119469429523,1.0,0.011052631578947368
speed_budget,channel.speed_kmh|feedback.budget_frac,3,0.05,1002,Baseline,0.06006808723749908,0.007508510904687385,0.8627131927311977,0.0,0.0,,2.940938299893497,4.992903210197869,1.0,0.0
speed_budget,channel.speed_kmh|feedback.budget_frac,3,0.05,1002,full_feedback,1.5082642262372108,0.18853302827965135,0.05532527833539964,0.26361842105263156,1024.0,0.0014729142834347762,1.4927421608937852,2.870040757947082,0.9955263157894737,1.0
speed_budget,channel.speed_kmh|feedback.budget_frac,3,0.05,1003,Exact,1.9136792827045073,0.2392099103380634,0.00455158261514737,0.0175,4.48,0.42716055417511317,1.1463531470822212,2.262555515725069,0.8455263157894737,0.0175
speed_budget,channel.speed_kmh|feedback.budget_frac,3,0.05,1003,Optimised,1.4822181790639628,0.18527727238299535,0.2517746788070762,0.006447368421052631,2.829473684210526,0.5238494308447785,1.5778142507227657,2.864086988737942,0.8931578947368422,0.011052631578947368
speed_budget,channel.speed_kmh|feedback.budget_frac,3,0.05,1003,Proposed,1.4822181790639628,0.18527727238299535,0.2517746788070762,0.006447368421052631,2.829473684210526,0.5238494308447785,1.5778142507227657,2.864086988737942,0.8931578947368422,0.011052631578947368
speed_budget,channel.speed_kmh|feedback.budget_frac,3,0.05,1003,Baseline,0.5885566204483106,0.07356957755603882,0.6080528390644732,0.0,0.0,,2.471475809338418,4.133055179016583,1.0,0.0
speed_budget,channel.speed_kmh|feedback.budget_frac,3,0.05,1003,full_feedback,1.8623468853746956,0.23279336067183695,0.04867152993357292,0.21592105263157896,1024.0,0.0018186981302487262,1.197685544412033,2.3477079223313986,0.8481578947368421,1.0
speed_budget,channel.speed_kmh|feedback.budget_frac,3,0.05,1004,Exact,1.7082026686920913,0.2135253335865114,0.0031514721392210455,0.020394736842105264,5.221052631578948,0.32717591436642873,1.3370389216550977,2.518712564908956,0.9986842105263158,0.020394736842105264
speed_budget,channel.speed_kmh|feedback.budget_frac,3,0.05,1004,Optimised,1.4587079871106858,0.18233849838883573,0.21754153227118458,0.0060526315789473685,2.829473684210526,0.5155403972303392,1.5865336032365027,3.037681437430614,0.9986842105263158,0.011052631578947368
speed_budget,channel.speed_kmh|feedback.budget_frac,3,0.05,1004,Proposed,1.4587079871106858,0.18233849838883573,0.21754153227118458,0.0060526315789473685,2.829473684210526,0.5155403972303392,1.5865336032365027,3.037681437430614,0.9986842105263158,0.011052631578947368
speed_budget,channel.speed_kmh|feedback.budget_frac,3,0.05,1004,Baseline,0.616609546771844,0.0770761933464805,0.7880305596342536,0.0,0.0,,2.4286320435753446,4.220882397459096,1.0,0.0
speed_budget,channel.speed_kmh|feedback.budget_frac,3,0.05,1004,full_feedback,1.6649014183646373,0.20811267729557967,0.04756266905185756,0.26052631578947366,1024.0,0.0016258802913717162,1.3803401719825514,2.5901954154931377,0.9986842105263158,1.0
speed_budget,channel.speed_kmh|feedback.budget_frac,3,0.05,1005,Exact,1.5904008934009146,0.19880011167511433,0.004917316115199922,0.020986842105263158,5.372631578947368,0.2960189750648254,1.3623078237742303,2.5610261894482873,0.9673684210526315,0.020986842105263158
speed_budget,channel.speed_kmh|feedback.budget_frac,3,0.05,1005,Optimised,1.2731880733036656,0.1591485091629582,0.2576958900315828,0.006842105263157895,2.829473684210526,0.4499734634071735,1.6795206438714787,3.1031345049266186,0.9857894736842105,0.011052631578947368
speed_budget,channel.speed_kmh|feedback.budget_frac,3,0.05,1005,Proposed,1.2731880733036656,0.1591485091629582,0.2576958900315828,0.006842105263157895,2.829473684210526,0.4499734634071735,1.6795206438714787,3.1031345049266186,0.9857894736842105,0.011052631578947368
speed_budget,channel.speed_kmh|feedback.budget_frac,3,0.05,1005,Baseline,0.7335676151896501,0.09169595189870626,0.7732147372013537,0.0,0.0,,2.2191411019854947,3.9486990116292824,1.0,0.0
speed_budget,channel.speed_kmh|feedback.budget_frac,3,0.05,1005,full_feedback,1.549149133456394,0.19364364168204926,0.055745131622654785,0.255,1024.0,0.0015128409506410098,1.4035595837187502,2.633621841681095,0.9673684210526315,1.0
speed_budget,channel.speed_kmh|feedback.budget_frac,3,0.05,1006,Exact,1.5504753825384225,0.19380942281730282,0.0033174833966484697,0.01868421052631579,4.783157894736842,0.3241530839373903,1.4364323298860977,2.686557856732653,0.9913157894736843,0.01868421052631579
speed_budget,channel.speed_kmh|feedback.budget_frac,3,0.05,1006,Optimised,1.258459292134292,0.1573074115167865,0.21472061678501428,0.0061184210526315785,2.829473684210526,0.44476797899091425,1.728448420290228,3.319901187054163,0.9913157894736843,0.011052631578947368
speed_budget,channel.speed_kmh|feedback.budget_frac,3,0.05,1006,Proposed,1.258459292134292,0.1573074115167865,0.21472061678501428,0.0061184210526315785,2.829473684210526,0.44476797899091425,1.728448420290228,3.319901187054163,0.9913157894736843,0.011052631578947368
speed_budget,channel.speed_kmh|feedback.budget_frac,3,0.05,1006,Baseline,0.5222593667823212,0.06528242084779015,0.5240275283986067,0.0,0.0,,2.464648345642199,4.216982910028386,0.9913157894736843,0.0
speed_budget,channel.speed_kmh|feedback.budget_frac,3,0.05,1006,full_feedback,1.5113453749807158,0.18891817187258947,0.045091898802060416,0.21875,1024.0,0.0014759232177546052,1.4755623374438045,2.773982136220746,0.9913157894736843,1.0
speed_budget,channel.speed_kmh|feedback.budget_frac,3,0.05,1007,Exact,1.7446829385460951,0.2180853673182619,0.0032839292979733627,0.01855263157894737,4.7494736842105265,0.36734237402898723,1.156701897731485,2.3944523023228568,1.0,0.01855263157894737
speed_budget,channel.speed_kmh|feedback.budget_frac,3,0.05,1007,Optimised,1.3997768036771636,0.17497210045964545,0.2349498076568615,0.0061184210526315785,2.829473684210526,0.4947127840376881,1.5016080326004166,2.9263635643018295,1.0,0.011052631578947368
speed_budget,channel.speed_kmh|feedback.budget_frac,3,0.05,1007,Proposed,1.3997768036771636,0.17497210045964545,0.2349498076568615,0.0061184210526315785,2.829473684210526,0.4947127840376881,1.5016080326004166,2.9263635643018295,1.0,0.011052631578947368
speed_budget,channel.speed_kmh|feedback.budget_frac,3,0.05,1007,Baseline,0.46183718105099414,0.05772964763137427,0.7872101678720952,0.0,0.0,,2.4395476552265865,4.366377991792551,1.0,0.0
speed_budget,channel.speed_kmh|feedback.budget_frac,3,0.05,1007,full_feedback,1.6977292598593705,0.2122161574824213,0.045180072911506344,0.24493421052631578,1024.0,0.0016579387303314165,1.2036555764182097,2.4917616687314004,1.0,1.0
speed_budget,channel.speed_kmh|feedback.budget_frac,3,0.05,1008,Exact,1.7327162547456418,0.21658953184320523,0.003192588486670295,0.019276315789473683,4.934736842105263,0.3511263741485409,1.2563765302675012,2.5651085327887095,1.0,0.019276315789473683
speed_budget,channel.speed_kmh|feedback.budget_frac,3,0.05,1008,Optimised,1.4764328763367047,0.1845541095420881,0.20980697761343514,0.0060526315789473685,2.829473684210526,0.5218047740029277,1.5126599086764385,3.0996753868155844,1.0,0.011052631578947368
speed_budget,channel.speed_kmh|feedback.budget_frac,3,0.05,1008,Proposed,1.4764328763367047,0.1845541095420881,0.20980697761343514,0.0060526315789473685,2.829473684210526,0.5218047740029277,1.5126599086764385,3.0996753868155844,1.0,0.011052631578947368
speed_budget,channel.speed_kmh|feedback.budget_frac,3,0.05,1008,Baseline,0.4241503850155334,0.05301879812694168,0.7881089728191328,0.0,0.0,,2.56494239999761,4.432830260827754,1.0,0.0
speed_budget,channel.speed_kmh|feedback.budget_frac,3,0.05,1008,full_feedback,1.6909532124833522,0.21136915156041902,0.044693791339964414,0.2338815789473684,1024.0,0.0016513214965657736,1.298139572529791,2.6627451320754614,1.0,1.0
speed_budget,channel.speed_kmh|feedback.budget_frac,3,0.05,1009,Exact,1.868808284677885,0.23360103558473563,0.003267392438535344,0.019144736842105263,4.901052631578947,0.3813075323118537,1.1181291130473356,2.2633713480753457,0.9321052631578948,0.019144736842105263
speed_budget,channel.speed_kmh|feedback.budget_frac,3,0.05,1009,Optimised,1.51503295976115,0.18937911997014376,0.23859023333155063,0.006381578947368421,2.829473684210526,0.5354469165822517,1.4719044379640709,2.9099082446095172,0.9321052631578948,0.011052631578947368
speed_budget,channel.speed_kmh|feedback.budget_frac,3,0.05,1009,Proposed,1.51503295976115,0.18937911997014376,0.23859023333155063,0.006381578947368421,2.829473684210526,0.5354469165822517,1.4719044379640709,2.9099082446095172,0.9321052631578948,0.011052631578947368
speed_budget,channel.speed_kmh|feedback.budget_frac,3,0.05,1009,Baseline,0.3344312601377955,0.04180390751722444,0.7413523097107401,0.0,0.0,,2.6525061375874257,4.447508105092162,0.9321052631578948,0.0
speed_budget,channel.speed_kmh|feedback.budget_frac,3,0.05,1009,full_feedback,1.8284830342980225,0.2285603792872528,0.03977932407822837,0.21157894736842106,1024.0,0.0017856279631816626,1.1584543634271982,2.3528936355585937,0.9321052631578948,1.0
speed_budget,channel.speed_kmh|feedback.budget_frac,3,0.1,1000,Exact,1.6901803752507427,0.21127254690634284,0.0015599226357936248,0.02019736842105263,6.08,0.27799019329781954,1.2973547415593523,2.3852513549787533,0.9952631578947368,0.02019736842105263
speed_budget,channel.speed_kmh|feedback.budget_frac,3,0.1,1000,Optimised,1.5692954752579982,0.19616193440724977,0.11515605554701674,0.05157894736842105,64.99368421052631,0.024145353418876303,1.4182396415520968,2.6415884439640314,0.9957894736842106,0.12888157894736843
speed_budget,channel.speed_kmh|feedback.budget_frac,3,0.1,1000,Proposed,1.5763152143151986,0.19703940178939983,0.10444128541823273,0.02006578947368421,29.911578947368422,0.0526991643299352,1.4112199024948964,2.6056670183902444,0.9968421052631579,0.05842105263157895
speed_budget,channel.speed_kmh|feedback.budget_frac,3,0.1,1000,Baseline,1.234060196358369,0.15425752454479613,0.35396080752007425,0.03684210526315789,64.0,0.019282190568099516,1.7534749204517261,3.15454651753084,1.0,0.125
speed_budget,channel.speed_kmh|feedback.budget_frac,3,0.1,1000,full_feedback,1.651625953146872,0.206453244143359,0.04239913878660709,0.22210526315789475,1024.0,0.0016129159698699922,1.3359091636632232,2.473529080159597,0.9960526315789474,1.0
speed_budget,channel.speed_kmh|feedback.budget_frac,3,0.1,1001,Exact,1.7553134308226388,0.21941417885282985,0.0017747451835626242,0.021644736842105262,6.568421052631579,0.26723521783357485,1.2330486932145988,2.490616502203697,0.983421052631579,0.021644736842105262
speed_budget,channel.speed_kmh|feedback.budget_frac,3,0.1,1001,Optimised,1.6247374999644009,0.2030921874955501,0.11896349443310476,0.04842105263157895,64.92631578947369,0.025024329198543784,1.363624624072837,2.777314633693886,0.983421052631579,0.12861842105263158
speed_budget,channel.speed_kmh|feedback.budget_frac,3,0.1,1001,Proposed,1.6462108162697113,0.20577635203371392,0.10041901458338785,0.02019736842105263,30.989473684210527,0.05312161261739897,1.3421513077675262,2.6688972423062465,0.983421052631579,0.060526315789473685
speed_budget,channel.speed_kmh|feedback.budget_frac,3,0.1,1001,Baseline,1.278041610656786,0.15975520133209825,0.3813593017716395,0.047960526315789474,64.0,0.01996940016651228,1.7103205133804515,3.127881657294144,1.0,0.125
speed_budget,channel.speed_kmh|feedback.budget_frac,3,0.1,1001,full_feedback,1.7107926356051424,0.2138490794506428,0.04531218843244579,0.2293421052631579,1024.0,0.0016706959332081469,1.2775694884320954,2.5682263665163494,0.983421052631579,1.0
speed_budget,channel.speed_kmh|feedback.budget_frac,3,0.1,1002,Exact,1.5610604111110158,0.19513255138887697,0.002002666696243012,0.023289473684210527,7.225263157894737,0.21605585526740456,1.4399459760199802,2.7772586519429168,0.9955263157894737,0.023289473684210527
speed_budget,channel.speed_kmh|feedback.budget_frac,3,0.1,1002,Optimised,1.4196487737056227,0.17745609671320284,0.14405355826545657,0.051381578947368424,64.77473684210527,0.02191670461226504,1.5813576134253733,3.0628364632079683,0.9955263157894737,0.12802631578947368
speed_budget,channel.speed_kmh|feedback.budget_frac,3,0.1,1002,Proposed,1.4373466567450048,0.1796683320931256,0.11503465664638642,0.022828947368421053,30.282105263157895,0.047465215653078235,1.5636597303859914,3.023704015618449,0.9955263157894737,0.059144736842105264
speed_budget,channel.speed_kmh|feedback.budget_frac,3,0.1,1002,Baseline,1.0963693325822534,0.13704616657278168,0.378914997366815,0.05026315789473684,64.0,0.01713077082159771,1.9046370545487425,3.425221330162538,1.0,0.125
speed_budget,channel.speed_kmh|feedback.budget_frac,3,0.1,1002,full_feedback,1.5082642262372108,0.18853302827965135,0.05532527833539964,0.26361842105263156,1024.0,0.0014729142834347762,1.4927421608937852,2.870040757947082,0.9955263157894737,1.0
speed_budget,channel.speed_kmh|feedback.budget_frac,3,0.1,1003,Exact,1.9154528394408088,0.2394316049301011,0.0026216146244064475,0.020526315789473684,6.534736842105263,0.2931185885097887,1.1445795903459197,2.245841541116765,0.8455263157894737,0.020526315789473684
speed_budget,channel.speed_kmh|feedback.budget_frac,3,0.1,1003,Optimised,1.764572618682997,0.22057157733537464,0.127399557014714,0.045394736842105265,64.99368421052631,0.027149909104509706,1.2954598111037314,2.509557327831721,0.8478947368421053,0.12888157894736843
speed_budget,channel.speed_kmh|feedback.budget_frac,3,0.1,1003,Proposed,1.7779134948229163,0.22223918685286453,0.11095697138003716,0.018947368421052633,31.19157894736842,0.0569997914444442,1.2821189349638122,2.55010191934555,0.8547368421052631,0.060921052631578945
speed_budget,channel.speed_kmh|feedback.budget_frac,3,0.1,1003,Baseline,1.2120777325943797,0.15150971657429746,0.35268192894769634,0.03736842105263158,64.0,0.018938714571787182,1.8479546971923488,3.2712709880731543,1.0,0.125
speed_budget,channel.speed_kmh|feedback.budget_frac,3,0.1,1003,full_feedback,1.8623468853746956,0.23279336067183695,0.04867152993357292,0.21592105263157896,1024.0,0.0018186981302487262,1.197685544412033,2.3477079223313986,0.8481578947368421,1.0
speed_budget,channel.speed_kmh|feedback.budget_frac,3,0.1,1004,Exact,1.7090369319336078,0.21362961649170098,0.0018743251131000515,0.025,7.511578947368421,0.2275203314653766,1.3362046584135807,2.517459126299855,0.9986842105263158,0.025
speed_budget,channel.speed_kmh|feedback.budget_frac,3,0.1,1004,Optimised,1.6053925915201193,0.2006740739400149,0.11098941233666237,0.049605263157894736,64.82526315789474,0.0247649220892458,1.4398489988270697,2.774509320407293,0.9986842105263158,0.12822368421052632
speed_budget,channel.speed_kmh|feedback.budget_frac,3,0.1,1004,Proposed,1.596829336228086,0.19960366702851076,0.10190072053303346,0.02138157894736842,30.349473684210526,0.052614729100190126,1.4484122541191025,2.7401643589055755,0.9986842105263158,0.059276315789473684
speed_budget,channel.speed_kmh|feedback.budget_frac,3,0.1,1004,Baseline,1.264608996462597,0.15807612455782463,0.4202091771845745,0.04368421052631579,64.0,0.01975951556972808,1.7806325938845915,3.1917366169994743,1.0,0.125
speed_budget,channel.speed_kmh|feedback.budget_frac,3,0.1,1004,full_feedback,1.6649014183646373,0.20811267729557967,0.04756266905185756,0.26052631578947366,1024.0,0.0016258802913717162,1.3803401719825514,2.5901954154931377,0.9986842105263158,1.0
speed_budget,channel.speed_kmh|feedback.budget_frac,3,0.1,1005,Exact,1.5910974133266675,0.19888717666583344,0.0034561159593458762,0.02625,8.16842105263158,0.194786410136641,1.3616113038484772,2.5579752744940465,0.9673684210526315,0.02625
speed_budget,channel.speed_kmh|feedback.budget_frac,3,0.1,1005,Optimised,1.4721298241541154,0.18401622801926443,0.15273429177705314,0.04105263157894737,64.74105263157895,0.02273873785357716,1.4805788930210293,2.811266280931599,0.9676315789473684,0.12789473684210526
speed_budget,channel.speed_kmh|feedback.budget_frac,3,0.1,1005,Proposed,1.4731138864403974,0.18413923580504968,0.12298311763605684,0.023421052631578947,29.810526315789474,0.04941589661434949,1.479594830734747,2.7684564539308654,0.9676315789473684,0.058223684210526316
speed_budget,channel.speed_kmh|feedback.budget_frac,3,0.1,1005,Baseline,1.1386496766068859,0.14233120957586073,0.44653646517820456,0.05171052631578947,64.0,0.017791401196982592,1.8140590405682586,3.276745500923739,1.0,0.125
speed_budget,channel.speed_kmh|feedback.budget_frac,3,0.1,1005,full_feedback,1.549149133456394,0.19364364168204926,0.055745131622654785,0.255,1024.0,0.0015128409506410098,1.4035595837187502,2.633621841681095,0.9673684210526315,1.0
speed_budget,channel.speed_kmh|feedback.budget_frac,3,0.1,1006,Exact,1.551303423835619,0.19391292797945237,0.001945154730969471,0.02243421052631579,6.686315789473684,0.23201168964795937,1.435604288588901,2.6865550821102078,0.9913157894736843,0.02243421052631579
speed_budget,channel.speed_kmh|feedback.budget_frac,3,0.1,1006,Optimised,1.442652378322044,0.1803315472902555,0.12061412078344536,0.04105263157894737,64.84210526315789,0.0222486973929536,1.544255334102476,2.8822455673823932,0.9913157894736843,0.12828947368421054
speed_budget,channel.speed_kmh|feedback.budget_frac,3,0.1,1006,Proposed,1.4351677195282,0.179395964941025,0.10203390927299963,0.017960526315789475,29.372631578947367,0.048860712928318166,1.55173999289632,2.9368613660935057,0.9913157894736843,0.057368421052631575
speed_budget,channel.speed_kmh|feedback.budget_frac,3,0.1,1006,Baseline,1.4489526565874307,0.18111908207342883,0.10878253775222262,0.03572368421052632,64.0,0.022639885259178604,1.5379550558370896,2.9512533717207767,0.9913157894736843,0.125
speed_budget,channel.speed_kmh|feedback.budget_frac,3,0.1,1006,full_feedback,1.5113453749807158,0.18891817187258947,0.045091898802060416,0.21875,1024.0,0.0014759232177546052,1.4755623374438045,2.773982136220746,0.9913157894736843,1.0
speed_budget,channel.speed_kmh|feedback.budget_frac,3,0.1,1007,Exact,1.745569974079193,0.21819624675989913,0.0016020912004356361,0.021973684210526315,7.056842105263158,0.24735851362995726,1.155814862198387,2.3928066160331847,1.0,0.021973684210526315
speed_budget,channel.speed_kmh|feedback.budget_frac,3,0.1,1007,Optimised,1.6343740884355469,0.20429676105444336,0.12133650678598285,0.05348684210526316,64.82526315789474,0.02521199311531842,1.2670107478420334,2.6412633489776915,1.0,0.12822368421052632
speed_budget,channel.speed_kmh|feedback.budget_frac,3,0.1,1007,Proposed,1.6249502329836836,0.20311877912296045,0.10594011564467724,0.02368421052631579,30.72,0.05289551539660429,1.2764346032938967,2.6694035460309795,1.0,0.06
speed_budget,channel.speed_kmh|feedback.budget_frac,3,0.1,1007,Baseline,1.2556259851022866,0.15695324813778583,0.36988901092868404,0.04651315789473684,64.0,0.01961915601722323,1.6457588511752936,3.1876128108883925,1.0,0.125
speed_budget,channel.speed_kmh|feedback.budget_frac,3,0.1,1007,full_feedback,1.6977292598593705,0.2122161574824213,0.045180072911506344,0.24493421052631578,1024.0,0.0016579387303314165,1.2036555764182097,2.4917616687314004,1.0,1.0
speed_budget,channel.speed_kmh|feedback.budget_frac,3,0.1,1008,Exact,1.7335926964888435,0.21669908706110544,0.0018911054211774513,0.02388157894736842,7.258947368421053,0.23882149966131108,1.2555000885242995,2.5629405129836016,1.0,0.02388157894736842
speed_budget,channel.speed_kmh|feedback.budget_frac,3,0.1,1008,Optimised,1.6348556052558936,0.2043569506569867,0.12856588998467794,0.05407894736842105,64.97684210526316,0.025160588792656473,1.3542371797572494,2.724846181944691,1.0,0.12881578947368422
speed_budget,channel.speed_kmh|feedback.budget_frac,3,0.1,1008,Proposed,1.625384760554014,0.20317309506925174,0.1039322250231368,0.020394736842105264,30.012631578947367,0.054156689201961046,1.3637080244591293,2.7640338303570657,1.0,0.05861842105263158
speed_budget,channel.speed_kmh|feedback.budget_frac,3,0.1,1008,Baseline,1.3789710396643906,0.17237137995804883,0.32225908575341145,0.040986842105263155,64.0,0.021546422494756103,1.6101217453487529,3.060784985717253,1.0,0.125
speed_budget,channel.speed_kmh|feedback.budget_frac,3,0.1,1008,full_feedback,1.6909532124833522,0.21136915156041902,0.044693791339964414,0.2338815789473684,1024.0,0.0016513214965657736,1.298139572529791,2.6627451320754614,1.0,1.0
speed_budget,channel.speed_kmh|feedback.budget_frac,3,0.1,1009,Exact,1.8705906513711816,0.2338238314213977,0.001989319375625948,0.021973684210526315,6.450526315789474,0.2899903914495141,1.1163467463540393,2.2589954208351495,0.9321052631578948,0.021973684210526315
speed_budget,channel.speed_kmh|feedback.budget_frac,3,0.1,1009,Optimised,1.7169131645235705,0.2146141455654463,0.12687733857786962,0.04684210526315789,64.87578947368421,0.026464620753786864,1.2700242332016503,2.545230697772698,0.9321052631578948,0.12842105263157894
speed_budget,channel.speed_kmh|feedback.budget_frac,3,0.1,1009,Proposed,1.7633887346846056,0.2204235918355757,0.09162319152360923,0.020394736842105264,31.52842105263158,0.0559301314753731,1.2235486630406154,2.482879824628985,0.9321052631578948,0.06157894736842105
speed_budget,channel.speed_kmh|feedback.budget_frac,3,0.1,1009,Baseline,1.4865816091225388,0.18582270114031735,0.22447065028082477,0.04638157894736842,64.0,0.02322783764253967,1.5003557886026824,2.843855513714238,0.9321052631578948,0.125
speed_budget,channel.speed_kmh|feedback.budget_frac,3,0.1,1009,full_feedback,1.8284830342980225,0.2285603792872528,0.03977932407822837,0.21157894736842106,1024.0,0.0017856279631816626,1.1584543634271982,2.3528936355585937,0.9321052631578948,1.0
speed_budget,channel.speed_kmh|feedback.budget_frac,3,0.2,1000,Exact,1.690711558800775,0.21133894485009688,0.0010751469709915115,0.022828947368421053,10.458947368421052,0.16165217198678908,1.2968235580093204,2.3847782616422384,0.9952631578947368,0.022828947368421053
speed_budget,channel.speed_kmh|feedback.budget_frac,3,0.2,1000,Optimised,1.607551612475207,0.20094395155940087,0.10665613144384403,0.08006578947368422,192.0,0.008372664648308369,1.379983504334888,2.5612215465093593,0.996578947368421,0.2501973684210526
speed_budget,channel.speed_kmh|feedback.budget_frac,3,0.2,1000,Proposed,1.630253322610289,0.20378166532628614,0.06816966164773386,0.04256578947368421,144.50526315789475,0.011281619001163859,1.3572817941998063,2.490141375588751,0.9957894736842106,0.15723684210526315
speed_budget,channel.speed_kmh|feedback.budget_frac,3,0.2,1000,Baseline,1.6051441053124578,0.20064301316405722,0.08086220024863301,0.10993421052631579,170.6442105263158,0.009406378923502485,1.3823910114976377,2.5470895482032505,0.9978947368421053,0.3332894736842105
speed_budget,channel.speed_kmh|feedback.budget_frac,3,0.2,1000,full_feedback,1.651625953146872,0.206453244143359,0.04239913878660709,0.22210526315789475,1024.0,0.0016129159698699922,1.3359091636632232,2.473529080159597,0.9960526315789474,1.0
speed_budget,channel.speed_kmh|feedback.budget_frac,3,0.2,1001,Exact,1.756028229309476,0.2195035286636845,0.001225142492584477,0.02394736842105263,9.970526315789474,0.1761219191135982,1.2323338947277616,2.4904045855857935,0.983421052631579,0.02394736842105263
speed_budget,channel.speed_kmh|feedback.budget_frac,3,0.2,1001,Optimised,1.6546676238243163,0.20683345297803954,0.10786931955430461,0.07019736842105263,192.0,0.008618060540751647,1.3336945002129212,2.6502332984104346,0.983421052631579,0.2501973684210526
speed_budget,channel.speed_kmh|feedback.budget_frac,3,0.2,1001,Proposed,1.6854094760945957,0.21067618451182446,0.07745471044874347,0.03914473684210526,145.81894736842105,0.0115582337310137,1.3029526479426419,2.6483609387466154,0.983421052631579,0.15980263157894736
speed_budget,channel.speed_kmh|feedback.budget_frac,3,0.2,1001,Baseline,1.6575920150199,0.2071990018774875,0.09128065579594336,0.11375,170.6442105263158,0.009713731335551378,1.3307701090173378,2.663263766570665,0.983421052631579,0.3332894736842105
speed_budget,channel.speed_kmh|feedback.budget_frac,3,0.2,1001,full_feedback,1.7107926356051424,0.2138490794506428,0.04531218843244579,0.2293421052631579,1024.0,0.0016706959332081469,1.2775694884320954,2.5682263665163494,0.983421052631579,1.0
speed_budget,channel.speed_kmh|feedback.budget_frac,3,0.2,1002,Exact,1.5616960786734981,0.19521200983418727,0.001436717014019931,0.025592105263157895,11.065263157894737,0.14113501472030282,1.439310308457498,2.7770311179653975,0.9955263157894737,0.025592105263157895
speed_budget,channel.speed_kmh|feedback.budget_frac,3,0.2,1002,Optimised,1.469674749474123,0.18370934368426536,0.10303146144593056,0.08144736842105263,192.0,0.0076545559868443904,1.531331637656873,2.955466377483497,0.9955263157894737,0.25
speed_budget,channel.speed_kmh|feedback.budget_frac,3,0.2,1002,Proposed,1.4776925741453986,0.18471157176817482,0.09264845913516025,0.044539473684210525,144.50526315789475,0.010225873728424597,1.5233138129855974,2.9706319289438126,0.9955263157894737,0.15723684210526315
speed_budget,channel.speed_kmh|feedback.budget_frac,3,0.2,1002,Baseline,1.446458110921427,0.18080726386517837,0.10131016839562867,0.1244078947368421,170.6442105263158,0.008476455816814027,1.5545482762095693,2.9626360650551935,0.9955263157894737,0.3332894736842105
speed_budget,channel.speed_kmh|feedback.budget_frac,3,0.2,1002,full_feedback,1.5082642262372108,0.18853302827965135,0.05532527833539964,0.26361842105263156,1024.0,0.0014729142834347762,1.4927421608937852,2.870040757947082,0.9955263157894737,1.0
speed_budget,channel.speed_kmh|feedback.budget_frac,3,0.2,1003,Exact,1.9161478067166025,0.2395184758395753,0.0016619288220503894,0.023421052631578947,10.458947368421052,0.18320656364540785,1.143884623070126,2.245118427304736,0.8455263157894737,0.023421052631578947
speed_budget,channel.speed_kmh|feedback.budget_frac,3,0.2,1003,Optimised,1.744963609548954,0.21812045119361925,0.12311922026684323,0.07592105263157894,192.0,0.00908835213306747,1.3150688202377745,2.630059410090113,0.8468421052631578,0.2500657894736842
speed_budget,channel.speed_kmh|feedback.budget_frac,3,0.2,1003,Proposed,1.8452095303574139,0.23065119129467673,0.08292093343361713,0.04138157894736842,145.4821052631579,0.012683412348341219,1.2148228994293147,2.383397226692241,0.8502631578947368,0.15914473684210526
speed_budget,channel.speed_kmh|feedback.budget_frac,3,0.2,1003,Baseline,1.797589899869526,0.22469873748369076,0.09138301627113748,0.10197368421052631,170.6442105263158,0.010534139390520442,1.2624425299172024,2.4643330783282145,0.8531578947368421,0.3332894736842105
speed_budget,channel.speed_kmh|feedback.budget_frac,3,0.2,1003,full_feedback,1.8623468853746956,0.23279336067183695,0.04867152993357292,0.21592105263157896,1024.0,0.0018186981302487262,1.197685544412033,2.3477079223313986,0.8481578947368421,1.0
speed_budget,channel.speed_kmh|feedback.budget_frac,3,0.2,1004,Exact,1.709563057938148,0.2136953822422685,0.0011393608091853729,0.0275,11.654736842105264,0.1466839690246785,1.3356785324090408,2.5165347532491604,0.9986842105263158,0.0275
speed_budget,channel.speed_kmh|feedback.budget_frac,3,0.2,1004,Optimised,1.6284211592661997,0.20355264490827496,0.08713558974356161,0.08236842105263158,192.0,0.008481360204511457,1.4168204310809889,2.700802255410115,0.9986842105263158,0.2500657894736842
speed_budget,channel.speed_kmh|feedback.budget_frac,3,0.2,1004,Proposed,1.642010829778178,0.20525135372227224,0.07266392907835577,0.04335526315789474,145.28,0.011302387319508384,1.4032307605690106,2.6586616194016157,0.9986842105263158,0.15875
speed_budget,channel.speed_kmh|feedback.budget_frac,3,0.2,1004,Baseline,1.614893344418154,0.20186166805226924,0.08462866453863017,0.11651315789473685,170.6442105263158,0.009463510888751272,1.4303482459290349,2.717642990020504,0.9986842105263158,0.3332894736842105
speed_budget,channel.speed_kmh|feedback.budget_frac,3,0.2,1004,full_feedback,1.6649014183646373,0.20811267729557967,0.04756266905185756,0.26052631578947366,1024.0,0.0016258802913717162,1.3803401719825514,2.5901954154931377,0.9986842105263158,1.0
speed_budget,channel.speed_kmh|feedback.budget_frac,3,0.2,1005,Exact,1.5913933578059243,0.19892416972574054,0.0027128830178837697,0.02756578947368421,11.688421052631579,0.1361512689045054,1.3613153593692207,2.5577737991405765,0.9673684210526315,0.02756578947368421
speed_budget,channel.speed_kmh|feedback.budget_frac,3,0.2,1005,Optimised,1.4973865258505645,0.18717331573132057,0.12232921381252485,0.06960526315789474,192.0,0.0077988881554716906,1.45532219132458,2.7272950992174634,0.9676315789473684,0.2501973684210526
speed_budget,channel.speed_kmh|feedback.budget_frac,3,0.2,1005,Proposed,1.5221576418196203,0.19026970522745254,0.09909219931177296,0.03901315789473684,143.86526315789473,0.010580439005272765,1.430551075355524,2.728752971469651,0.9673684210526315,0.15598684210526315
speed_budget,channel.speed_kmh|feedback.budget_frac,3,0.2,1005,Baseline,1.4955201149965711,0.1869400143745714,0.10600943591403075,0.12513157894736843,170.6442105263158,0.008763966327272148,1.4571886021785736,2.742643744235807,0.9697368421052631,0.3332894736842105
speed_budget,channel.speed_kmh|feedback.budget_frac,3,0.2,1005,full_feedback,1.549149133456394,0.19364364168204926,0.055745131622654785,0.255,1024.0,0.0015128409506410098,1.4035595837187502,2.633621841681095,0.9673684210526315,1.0
speed_budget,channel.speed_kmh|feedback.budget_frac,3,0.2,1006,Exact,1.5520157232555654,0.19400196540694567,0.0012020931173823458,0.02513157894736842,10.745263157894737,0.1444371999503122,1.4348919891689547,2.685086721172543,0.9913157894736843,0.02513157894736842
speed_budget,channel.speed_kmh|feedback.budget_frac,3,0.2,1006,Optimised,1.483383167956185,0.18542289599452313,0.08357668695397961,0.06894736842105263,192.0,0.007725953999771797,1.503524544468335,2.8212691308365963,0.9913157894736843,0.2500657894736842
speed_budget,channel.speed_kmh|feedback.budget_frac,3,0.2,1006,Proposed,1.4882060094469522,0.18602575118086903,0.07259497321010742,0.03302631578947368,143.29263157894738,0.010385781830149599,1.498701702977568,2.853276243747814,0.9913157894736843,0.15486842105263157
speed_budget,channel.speed_kmh|feedback.budget_frac,3,0.2,1006,Baseline,1.4513853752909134,0.18142317191136417,0.085650842404433,0.1011842105263158,170.6442105263158,0.008505330305753848,1.5355223371336066,2.9030642651420075,0.9913157894736843,0.3332894736842105
speed_budget,channel.speed_kmh|feedback.budget_frac,3,0.2,1006,full_feedback,1.5113453749807158,0.18891817187258947,0.045091898802060416,0.21875,1024.0,0.0014759232177546052,1.4755623374438045,2.773982136220746,0.9913157894736843,1.0
speed_budget,channel.speed_kmh|feedback.budget_frac,3,0.2,1007,Exact,1.7460503113687906,0.21825628892109883,0.0011532324515097685,0.024605263157894738,10.492631578947368,0.166407282885268,1.1553345249087896,2.3901175798773147,1.0,0.024605263157894738
speed_budget,channel.speed_kmh|feedback.budget_frac,3,0.2,1007,Optimised,1.6591029962458548,0.20738787453073185,0.09385184799709732,0.08460526315789474,192.0,0.008641161438780494,1.2422818400317255,2.582148964260924,1.0,0.2501315789473684
speed_budget,channel.speed_kmh|feedback.budget_frac,3,0.2,1007,Proposed,1.6754848965720004,0.20943561207150005,0.07112303427632582,0.044276315789473684,144.77473684210526,0.01157304743298773,1.2258999397055796,2.5258016617696413,1.0,0.15776315789473686
speed_budget,channel.speed_kmh|feedback.budget_frac,3,0.2,1007,Baseline,1.6326311595640048,0.2040788949455006,0.09664751753144694,0.12578947368421053,170.6442105263158,0.00956745707650146,1.2687536767135752,2.6026975333661957,1.0,0.3332894736842105
speed_budget,channel.speed_kmh|feedback.budget_frac,3,0.2,1007,full_feedback,1.6977292598593705,0.2122161574824213,0.045180072911506344,0.24493421052631578,1024.0,0.0016579387303314165,1.2036555764182097,2.4917616687314004,1.0,1.0
speed_budget,channel.speed_kmh|feedback.budget_frac,3,0.2,1008,Exact,1.7337336045904852,0.21671670057381065,0.0014728376309661062,0.024934210526315788,9.987368421052631,0.17359263536688038,1.255359180422658,2.562200938099821,1.0,0.024934210526315788
speed_budget,channel.speed_kmh|feedback.budget_frac,3,0.2,1008,Optimised,1.6569085075487484,0.20711356344359355,0.10790438338900873,0.08513157894736842,192.0,0.008629731810149732,1.332184277464395,2.6853213523548476,1.0,0.2500657894736842
speed_budget,channel.speed_kmh|feedback.budget_frac,3,0.2,1008,Proposed,1.6789152924837258,0.20986441156046573,0.0782713962363851,0.047828947368421054,145.34736842105264,0.011551053938727835,1.3101774925294174,2.6657739630822204,1.0,0.15888157894736843
speed_budget,channel.speed_kmh|feedback.budget_frac,3,0.2,1008,Baseline,1.632223044916227,0.20402788061452837,0.09321079698594362,0.11802631578947369,170.6442105263158,0.009565065465051419,1.3568697400969165,2.7359664603040135,1.0,0.3332894736842105
speed_budget,channel.speed_kmh|feedback.budget_frac,3,0.2,1008,full_feedback,1.6909532124833522,0.21136915156041902,0.044693791339964414,0.2338815789473684,1024.0,0.0016513214965657736,1.298139572529791,2.6627451320754614,1.0,1.0
speed_budget,channel.speed_kmh|feedback.budget_frac,3,0.2,1009,Exact,1.8712512007673867,0.23390640009592334,0.0012029540253191851,0.024407894736842104,10.425263157894737,0.1794919871495373,1.1156861969578342,2.2587047271877845,0.9321052631578948,0.024407894736842104
speed_budget,channel.speed_kmh|feedback.budget_frac,3,0.2,1009,Optimised,1.796140707697228,0.2245175884621535,0.08878998463737149,0.07019736842105263,192.0,0.009354899519256396,1.1907966900279927,2.4319671386589437,0.9323684210526316,0.2500657894736842
speed_budget,channel.speed_kmh|feedback.budget_frac,3,0.2,1009,Proposed,1.7883932203522335,0.22354915254402918,0.07233517643543837,0.03986842105263158,145.4821052631579,0.012292874213754787,1.1985441773729875,2.425349527265702,0.9321052631578948,0.15914473684210526
speed_budget,channel.speed_kmh|feedback.budget_frac,3,0.2,1009,Baseline,1.7616521541084664,0.2202065192635583,0.08651495535103412,0.11276315789473684,170.6442105263158,0.010323538950867567,1.2252852436167543,2.477339399190637,0.9321052631578948,0.3332894736842105
speed_budget,channel.speed_kmh|feedback.budget_frac,3,0.2,1009,full_feedback,1.8284830342980225,0.2285603792872528,0.03977932407822837,0.21157894736842106,1024.0,0.0017856279631816626,1.1584543634271982,2.3528936355585937,0.9321052631578948,1.0
speed_budget,channel.speed_kmh|feedback.budget_frac,3,0.3,1000,Exact,1.690712282853268,0.2113390353566585,0.0010644417110789197,0.022828947368421053,10.509473684210526,0.16087506697822562,1.2968228339568275,2.3847782616422384,0.9952631578947368,0.022828947368421053
speed_budget,channel.speed_kmh|feedback.budget_frac,3,0.3,1000,Optimised,1.627813370921144,0.203476671365143,0.08238140169103399,0.06447368421052632,256.7578947368421,0.006339876608622035,1.3597217458889514,2.5406612613230295,0.9957894736842106,0.25467105263157896
speed_budget,channel.speed_kmh|feedback.budget_frac,3,0.3,1000,Proposed,1.64152124457297,0.20519015557162126,0.05804876615712408,0.06421052631578947,256.6063157894737,0.006397041473911794,1.3460138722371247,2.492959821969176,0.9957894736842106,0.2532236842105263
speed_budget,channel.speed_kmh|feedback.budget_frac,3,0.3,1000,Baseline,1.598446561286315,0.19980582016078938,0.0843384357732642,0.1661842105263158,256.0,0.006243931880024668,1.3890885555237802,2.5690781636672613,0.9971052631578947,0.5
speed_budget,channel.speed_kmh|feedback.budget_frac,3,0.3,1000,full_feedback,1.651625953146872,0.206453244143359,0.04239913878660709,0.22210526315789475,1024.0,0.0016129159698699922,1.3359091636632232,2.473529080159597,0.9960526315789474,1.0
speed_budget,channel.speed_kmh|feedback.budget_frac,3,0.3,1001,Exact,1.7560287667387255,0.2195035958423407,0.0012221900100047186,0.024078947368421054,10.054736842105264,0.17464691461492768,1.232333357298512,2.4904045855857935,0.983421052631579,0.024078947368421054
speed_budget,channel.speed_kmh|feedback.budget_frac,3,0.3,1001,Optimised,1.6791712234283884,0.20989640292854855,0.09384584873087692,0.05776315789473684,256.6905263157895,0.006541617439213999,1.3091909006088491,2.633413667242165,0.983421052631579,0.2544736842105263
speed_budget,channel.speed_kmh|feedback.budget_frac,3,0.3,1001,Proposed,1.6940118765213374,0.21175148456516718,0.08373985074263757,0.05743421052631579,256.6063157894737,0.006601598527727384,1.2943502475159,2.6312866419088254,0.983421052631579,0.25282894736842104
speed_budget,channel.speed_kmh|feedback.budget_frac,3,0.3,1001,Baseline,1.6554027748077227,0.20692534685096534,0.08975624082494706,0.1719736842105263,256.0,0.006466417089092667,1.332959349229515,2.652187920057594,0.983421052631579,0.5
speed_budget,channel.speed_kmh|feedback.budget_frac,3,0.3,1001,full_feedback,1.7107926356051424,0.2138490794506428,0.04531218843244579,0.2293421052631579,1024.0,0.0016706959332081469,1.2775694884320954,2.5682263665163494,0.983421052631579,1.0
speed_budget,channel.speed_kmh|feedback.budget_frac,3,0.3,1002,Exact,1.5616974787849398,0.19521218484811748,0.0014344134465104263,0.025592105263157895,11.031578947368422,0.1415660882486348,1.4393089083460564,2.7770311179653975,0.9955263157894737,0.025592105263157895
speed_budget,channel.speed_kmh|feedback.budget_frac,3,0.3,1002,Optimised,1.4855698193809954,0.18569622742262443,0.10027208267724974,0.06519736842105263,256.5389473684211,0.0057908159155558424,1.5154365677500006,2.923971084461519,0.9955263157894737,0.2538815789473684
speed_budget,channel.speed_kmh|feedback.budget_frac,3,0.3,1002,Proposed,1.4947311380363322,0.18684139225454152,0.08418551594763274,0.06592105263157895,256.42105263157896,0.005829205998089144,1.5062752490946638,2.8761641193449425,0.9955263157894737,0.2524342105263158
speed_budget,channel.speed_kmh|feedback.budget_frac,3,0.3,1002,Baseline,1.445371061079147,0.18067138263489338,0.1000333090325276,0.18217105263157896,256.0,0.005645980707340418,1.555635326051849,2.9905770320044556,0.9955263157894737,0.5
speed_budget,channel.speed_kmh|feedback.budget_frac,3,0.3,1002,full_feedback,1.5082642262372108,0.18853302827965135,0.05532527833539964,0.26361842105263156,1024.0,0.0014729142834347762,1.4927421608937852,2.870040757947082,0.9955263157894737,1.0
speed_budget,channel.speed_kmh|feedback.budget_frac,3,0.3,1003,Exact,1.916148075698853,0.23951850946235662,0.0016546266277019592,0.023421052631578947,10.543157894736842,0.18174327794667636,1.1438843540878756,2.2451165448724284,0.8455263157894737,0.023421052631578947
speed_budget,channel.speed_kmh|feedback.budget_frac,3,0.3,1003,Optimised,1.8368903695675984,0.2296112961959498,0.08524429520662433,0.061776315789473686,256.70736842105265,0.007155581005975341,1.2231420602191299,2.3911291716369902,0.848421052631579,0.25434210526315787
speed_budget,channel.speed_kmh|feedback.budget_frac,3,0.3,1003,Proposed,1.8477404633002574,0.23096755791253218,0.08633370980463313,0.061052631578947365,256.58947368421053,0.0072011545788285385,1.2122919664864715,2.3752949500951477,0.8486842105263158,0.25296052631578947
speed_budget,channel.speed_kmh|feedback.budget_frac,3,0.3,1003,Baseline,1.7964307160129485,0.22455383950161856,0.09065816262328694,0.15335526315789474,256.0,0.00701730748442558,1.2636017137737805,2.4580116287300684,0.8531578947368421,0.5
speed_budget,channel.speed_kmh|feedback.budget_frac,3,0.3,1003,full_feedback,1.8623468853746956,0.23279336067183695,0.04867152993357292,0.21592105263157896,1024.0,0.0018186981302487262,1.197685544412033,2.3477079223313986,0.8481578947368421,1.0
speed_budget,channel.speed_kmh|feedback.budget_frac,3,0.3,1004,Exact,1.709570051760242,0.21369625647003024,0.0011240259302784249,0.0275,11.738947368421053,0.14563231251544384,1.3356715385869466,2.5165347532491604,0.9986842105263158,0.0275
speed_budget,channel.speed_kmh|feedback.budget_frac,3,0.3,1004,Optimised,1.6444327011672286,0.20555408764590358,0.08760588389326167,0.07019736842105263,256.58947368421053,0.006408808114985507,1.4008088891799597,2.646491552549446,0.9986842105263158,0.25434210526315787
speed_budget,channel.speed_kmh|feedback.budget_frac,3,0.3,1004,Proposed,1.6554056814155134,0.20692571017693917,0.07311389396040002,0.06802631578947368,256.4042105263158,0.006456234388731352,1.3898359089316754,2.623578621423073,0.9986842105263158,0.2525
speed_budget,channel.speed_kmh|feedback.budget_frac,3,0.3,1004,Baseline,1.6112839963056855,0.2014104995382107,0.0851760058366086,0.1757236842105263,256.0,0.006294078110569084,1.4339575940415035,2.763772259826068,0.9986842105263158,0.5
speed_budget,channel.speed_kmh|feedback.budget_frac,3,0.3,1004,full_feedback,1.6649014183646373,0.20811267729557967,0.04756266905185756,0.26052631578947366,1024.0,0.0016258802913717162,1.3803401719825514,2.5901954154931377,0.9986842105263158,1.0
speed_budget,channel.speed_kmh|feedback.budget_frac,3,0.3,1005,Exact,1.5913943556252588,0.19892429445315735,0.0027102849980706637,0.02756578947368421,11.688421052631579,0.13615135427269415,1.3613143615498857,2.5577737991405765,0.9673684210526315,0.02756578947368421
speed_budget,channel.speed_kmh|feedback.budget_frac,3,0.3,1005,Optimised,1.5227019846217533,0.19033774807771917,0.10494271751918728,0.0506578947368421,256.6063157894737,0.0059340004159173405,1.4300067325533912,2.7057481254784186,0.9673684210526315,0.2542763157894737
speed_budget,channel.speed_kmh|feedback.budget_frac,3,0.3,1005,Proposed,1.5202978144980859,0.19003722681226073,0.09865092595811531,0.0505921052631579,256.48842105263157,0.00592735456929699,1.4324109026770584,2.707292543097295,0.9673684210526315,0.25282894736842104
speed_budget,channel.speed_kmh|feedback.budget_frac,3,0.3,1005,Baseline,1.489958085145796,0.1862447606432245,0.10404875347025198,0.18486842105263157,256.0,0.005820148770100766,1.4627506320293484,2.7844688956060404,0.968421052631579,0.5
speed_budget,channel.speed_kmh|feedback.budget_frac,3,0.3,1005,full_feedback,1.549149133456394,0.19364364168204926,0.055745131622654785,0.255,1024.0,0.0015128409506410098,1.4035595837187502,2.633621841681095,0.9673684210526315,1.0
speed_budget,channel.speed_kmh|feedback.budget_frac,3,0.3,1006,Exact,1.5520170688617596,0.19400213360771995,0.001188964577434988,0.02539473684210526,11.014736842105263,0.1409036903114174,1.4348906435627606,2.6850747391454632,0.9913157894736843,0.02539473684210526
speed_budget,channel.speed_kmh|feedback.budget_frac,3,0.3,1006,Optimised,1.494175039250329,0.18677187990629113,0.08224515454208424,0.05256578947368421,256.65684210526314,0.005821684031464551,1.4927326731741912,2.795938545559066,0.9913157894736843,0.2538815789473684
speed_budget,channel.speed_kmh|feedback.budget_frac,3,0.3,1006,Proposed,1.4950265538427476,0.18687831923034345,0.0805886424917613,0.05223684210526316,256.5389473684211,0.005827678678729854,1.4918811585817724,2.8012781542890024,0.9913157894736843,0.25296052631578947
speed_budget,channel.speed_kmh|feedback.budget_frac,3,0.3,1006,Baseline,1.464650560081475,0.18308132001018437,0.08460858625533507,0.15335526315789474,256.0,0.005721291250318262,1.5222571523430453,2.8625050824845504,0.9913157894736843,0.5
speed_budget,channel.speed_kmh|feedback.budget_frac,3,0.3,1006,full_feedback,1.5113453749807158,0.18891817187258947,0.045091898802060416,0.21875,1024.0,0.0014759232177546052,1.4755623374438045,2.773982136220746,0.9913157894736843,1.0
speed_budget,channel.speed_kmh|feedback.budget_frac,3,0.3,1007,Exact,1.746074526359357,0.2182593157949196,0.001146480626417333,0.024736842105263158,10.593684210526316,0.1648222178101539,1.1553103099182231,2.3901175798773147,1.0,0.024736842105263158
speed_budget,channel.speed_kmh|feedback.budget_frac,3,0.3,1007,Optimised,1.6837569976044102,0.21046962470055128,0.08497675129176656,0.06980263157894737,256.65684210526314,0.006560343312078343,1.21762783867317,2.5413373717301635,1.0,0.2542105263157895
speed_budget,channel.speed_kmh|feedback.budget_frac,3,0.3,1007,Proposed,1.6922465388694579,0.21153081735868223,0.07710996630460704,0.06835526315789474,256.58947368421053,0.006595151837569679,1.2091382974081222,2.505570923631513,1.0,0.25296052631578947
speed_budget,channel.speed_kmh|feedback.budget_frac,3,0.3,1007,Baseline,1.6313422446675412,0.20391778058344265,0.0948985640967483,0.1855921052631579,256.0,0.006372430643232583,1.270042591610039,2.617766926363202,1.0,0.5
speed_budget,channel.speed_kmh|feedback.budget_frac,3,0.3,1007,full_feedback,1.6977292598593705,0.2122161574824213,0.045180072911506344,0.24493421052631578,1024.0,0.0016579387303314165,1.2036555764182097,2.4917616687314004,1.0,1.0
speed_budget,channel.speed_kmh|feedback.budget_frac,3,0.3,1008,Exact,1.733735218035732,0.2167169022544665,0.0014661874100339813,0.024934210526315788,9.987368421052631,0.17359279691546642,1.2553575669774115,2.562200938099821,1.0,0.024934210526315788
speed_budget,channel.speed_kmh|feedback.budget_frac,3,0.3,1008,Optimised,1.6859262055289208,0.2107407756911151,0.08087351641459098,0.07171052631578947,256.9263157894737,0.006561905503328723,1.3031665794842222,2.6761722422690633,1.0,0.25513157894736843
speed_budget,channel.speed_kmh|feedback.budget_frac,3,0.3,1008,Proposed,1.6722162700359784,0.2090270337544973,0.07676408786559777,0.07125,256.8252631578947,0.0065111050582586545,1.3168765149771648,2.6878595520345945,1.0,0.2534868421052632
speed_budget,channel.speed_kmh|feedback.budget_frac,3,0.3,1008,Baseline,1.6337401015903097,0.2042175126987887,0.0914917820740025,0.17401315789473684,256.0,0.006381797271837147,1.3553526834228335,2.7313685399427974,1.0,0.5
speed_budget,channel.speed_kmh|feedback.budget_frac,3,0.3,1008,full_feedback,1.6909532124833522,0.21136915156041902,0.044693791339964414,0.2338815789473684,1024.0,0.0016513214965657736,1.298139572529791,2.6627451320754614,1.0,1.0
speed_budget,channel.speed_kmh|feedback.budget_frac,3,0.3,1009,Exact,1.8712544118057968,0.2339068014757246,0.0011749829440504498,0.024407894736842104,10.47578947368421,0.17862657668966106,1.1156829859194237,2.2587047271877845,0.9321052631578948,0.024407894736842104
speed_budget,channel.speed_kmh|feedback.budget_frac,3,0.3,1009,Optimised,1.8014245800147586,0.22517807250184482,0.08415002775510703,0.05789473684210526,256.70736842105265,0.007017424513736798,1.1855128177104621,2.398800512818952,0.9321052631578948,0.25473684210526315
speed_budget,channel.speed_kmh|feedback.budget_frac,3,0.3,1009,Proposed,1.811966121802535,0.22649576522531686,0.06901367200238424,0.05618421052631579,256.5052631578947,0.0070640504584389705,1.1749712759226858,2.372617272466419,0.9321052631578948,0.25276315789473686
speed_budget,channel.speed_kmh|feedback.budget_frac,3,0.3,1009,Baseline,1.7673695893632912,0.2209211986704114,0.0826743402375307,0.16394736842105262,256.0,0.0069037874584503564,1.2195678083619292,2.4345043207504755,0.9321052631578948,0.5
speed_budget,channel.speed_kmh|feedback.budget_frac,3,0.3,1009,full_feedback,1.8284830342980225,0.2285603792872528,0.03977932407822837,0.21157894736842106,1024.0,0.0017856279631816626,1.1584543634271982,2.3528936355585937,0.9321052631578948,1.0
speed_budget,channel.speed_kmh|feedback.budget_frac,3,0.5,1000,Exact,1.690712282853268,0.2113390353566585,0.0010644417110789197,0.022828947368421053,10.509473684210526,0.16087506697822562,1.2968228339568275,2.3847782616422384,0.9952631578947368,0.022828947368421053
speed_budget,channel.speed_kmh|feedback.budget_frac,3,0.5,1000,Optimised,1.6479619321844452,0.20599524152305565,0.05868092611083423,0.12131578947368421,512.0,0.0032186756487977445,1.33957318462565,2.481494622799118,0.9963157894736843,0.5028289473684211
speed_budget,channel.speed_kmh|feedback.budget_frac,3,0.5,1000,Proposed,1.6495199113137684,0.20618998891422105,0.05041155734824055,0.12131578947368421,512.0,0.003221718576784704,1.3380152054963266,2.479209512976772,0.9960526315789474,0.5010526315789474
speed_budget,channel.speed_kmh|feedback.budget_frac,3,0.5,1000,Baseline,1.6022483361928994,0.20028104202411243,0.08173688676302672,0.31914473684210526,512.0,0.0031293912816267567,1.3852867806171956,2.5794815252029926,0.9968421052631579,1.0
speed_budget,channel.speed_kmh|feedback.budget_frac,3,0.5,1000,full_feedback,1.651625953146872,0.206453244143359,0.04239913878660709,0.22210526315789475,1024.0,0.0016129159698699922,1.3359091636632232,2.473529080159597,0.9960526315789474,1.0
speed_budget,channel.speed_kmh|feedback.budget_frac,3,0.5,1001,Exact,1.7560287667387255,0.2195035958423407,0.0012221900100047186,0.024078947368421054,10.054736842105264,0.17464691461492768,1.232333357298512,2.4904045855857935,0.983421052631579,0.024078947368421054
speed_budget,channel.speed_kmh|feedback.budget_frac,3,0.5,1001,Optimised,1.705130367059206,0.21314129588240074,0.06984047994822888,0.11907894736842105,512.0,0.0033303327481625116,1.2832317569780318,2.572079644224746,0.983421052631579,0.5026973684210526
speed_budget,channel.speed_kmh|feedback.budget_frac,3,0.5,1001,Proposed,1.7076327682924684,0.21345409603655854,0.05730726606287724,0.11763157894736842,512.0,0.0033352202505712272,1.2807293557447692,2.571511833972047,0.983421052631579,0.5009868421052631
speed_budget,channel.speed_kmh|feedback.budget_frac,3,0.5,1001,Baseline,1.6560860964143749,0.20701076205179686,0.0903406955114335,0.3451315789473684,512.0,0.003234543157059326,1.332276027622863,2.6697598909690305,0.983421052631579,1.0
speed_budget,channel.speed_kmh|feedback.budget_frac,3,0.5,1001,full_feedback,1.7107926356051424,0.2138490794506428,0.04531218843244579,0.2293421052631579,1024.0,0.0016706959332081469,1.2775694884320954,2.5682263665163494,0.983421052631579,1.0
speed_budget,channel.speed_kmh|feedback.budget_frac,3,0.5,1002,Exact,1.5616974787849398,0.19521218484811748,0.0014344134465104263,0.025592105263157895,11.031578947368422,0.1415660882486348,1.4393089083460564,2.7770311179653975,0.9955263157894737,0.025592105263157895
speed_budget,channel.speed_kmh|feedback.budget_frac,3,0.5,1002,Optimised,1.5052272087142538,0.18815340108928172,0.07696258445314894,0.13671052631578948,512.0,0.002939896892020027,1.4957791784167425,2.8778640100872344,0.9955263157894737,0.501907894736842
speed_budget,channel.speed_kmh|feedback.budget_frac,3,0.5,1002,Proposed,1.505197906750559,0.18814973834381987,0.06981888975160183,0.13565789473684212,512.0,0.0029398396616221855,1.495808480380437,2.879400900059175,0.9955263157894737,0.500328947368421
speed_budget,channel.speed_kmh|feedback.budget_frac,3,0.5,1002,Baseline,1.449907002226711,0.1812383752783389,0.10005518692172972,0.3678947368421053,512.0,0.002831849613724045,1.551099384904285,2.9968117388351048,0.9955263157894737,1.0
speed_budget,channel.speed_kmh|feedback.budget_frac,3,0.5,1002,full_feedback,1.5082642262372108,0.18853302827965135,0.05532527833539964,0.26361842105263156,1024.0,0.0014729142834347762,1.4927421608937852,2.870040757947082,0.9955263157894737,1.0
speed_budget,channel.speed_kmh|feedback.budget_frac,3,0.5,1003,Exact,1.916148075698853,0.23951850946235662,0.0016546266277019592,0.023421052631578947,10.543157894736842,0.18174327794667636,1.1438843540878756,2.2451165448724284,0.8455263157894737,0.023421052631578947
speed_budget,channel.speed_kmh|feedback.budget_frac,3,0.5,1003,Optimised,1.8483550528535893,0.23104438160669866,0.07835337503401595,0.11881578947368421,512.0,0.0036100684626046665,1.211677376933139,2.367884170293653,0.8478947368421053,0.5025657894736842
speed_budget,channel.speed_kmh|feedback.budget_frac,3,0.5,1003,Proposed,1.8604053875645212,0.23255067344556515,0.05811123703057337,0.11822368421052631,512.0,0.0036336042725869555,1.1996270422222075,2.3571543707000173,0.8478947368421053,0.5008552631578947
speed_budget,channel.speed_kmh|feedback.budget_frac,3,0.5,1003,Baseline,1.7992386896027495,0.22490483620034368,0.08980736768924695,0.31164473684210525,512.0,0.00351413806563037,1.2607937401839788,2.4564645385641386,0.8539473684210527,1.0
speed_budget,channel.speed_kmh|feedback.budget_frac,3,0.5,1003,full_feedback,1.8623468853746956,0.23279336067183695,0.04867152993357292,0.21592105263157896,1024.0,0.0018186981302487262,1.197685544412033,2.3477079223313986,0.8481578947368421,1.0
speed_budget,channel.speed_kmh|feedback.budget_frac,3,0.5,1004,Exact,1.709570051760242,0.21369625647003024,0.0011240259302784249,0.0275,11.738947368421053,0.14563231251544384,1.3356715385869466,2.5165347532491604,0.9986842105263158,0.0275
speed_budget,channel.speed_kmh|feedback.budget_frac,3,0.5,1004,Optimised,1.6595898335947947,0.20744872919934934,0.07439491824031126,0.14164473684210527,512.0,0.0032413863937398335,1.3856517567523943,2.605284599511229,0.9986842105263158,0.5018421052631579
speed_budget,channel.speed_kmh|feedback.budget_frac,3,0.5,1004,Proposed,1.6619470083555068,0.20774337604443835,0.07080617175743575,0.13973684210526316,512.0,0.003245990250694349,1.3832945819916818,2.5995262739983986,0.9986842105263158,0.5005921052631579
speed_budget,channel.speed_kmh|feedback.budget_frac,3,0.5,1004,Baseline,1.613831943501848,0.201728992937731,0.08653442020415988,0.36125,512.0,0.003152015514652047,1.4314096468453408,2.7152805059894884,0.9986842105263158,1.0
speed_budget,channel.speed_kmh|feedback.budget_frac,3,0.5,1004,full_feedback,1.6649014183646373,0.20811267729557967,0.04756266905185756,0.26052631578947366,1024.0,0.0016258802913717162,1.3803401719825514,2.5901954154931377,0.9986842105263158,1.0
speed_budget,channel.speed_kmh|feedback.budget_frac,3,0.5,1005,Exact,1.5913943556252588,0.19892429445315735,0.0027102849980706637,0.02756578947368421,11.688421052631579,0.13615135427269415,1.3613143615498857,2.5577737991405765,0.9673684210526315,0.02756578947368421
speed_budget,channel.speed_kmh|feedback.budget_frac,3,0.5,1005,Optimised,1.5387293857234507,0.19234117321543134,0.08776339149661654,0.10776315789473684,512.0,0.0030053308314911147,1.4139793314516937,2.6643775850227134,0.9673684210526315,0.5022368421052632
speed_budget,channel.speed_kmh|feedback.budget_frac,3,0.5,1005,Proposed,1.5396010653992638,0.19245013317490797,0.08426082662206515,0.10796052631578948,512.0,0.003007033330857937,1.413107651775881,2.6623497391489064,0.9673684210526315,0.5007894736842106
speed_budget,channel.speed_kmh|feedback.budget_frac,3,0.5,1005,Baseline,1.4904855829431127,0.1863106978678891,0.1050126922220898,0.3730263157894737,512.0,0.002911104654185767,1.4622231342320318,2.7555079811185585,0.9681578947368421,1.0
speed_budget,channel.speed_kmh|feedback.budget_frac,3,0.5,1005,full_feedback,1.549149133456394,0.19364364168204926,0.055745131622654785,0.255,1024.0,0.0015128409506410098,1.4035595837187502,2.633621841681095,0.9673684210526315,1.0
speed_budget,channel.speed_kmh|feedback.budget_frac,3,0.5,1006,Exact,1.5520170688617596,0.19400213360771995,0.001188964577434988,0.02539473684210526,11.014736842105263,0.1409036903114174,1.4348906435627606,2.6850747391454632,0.9913157894736843,0.02539473684210526
speed_budget,channel.speed_kmh|feedback.budget_frac,3,0.5,1006,Optimised,1.4895807674017327,0.1861975959252166,0.06862283719917536,0.10855263157894737,512.0,0.0029093374363315092,1.4973269450227875,2.7883323909289683,0.9913157894736843,0.5019736842105263
speed_budget,channel.speed_kmh|feedback.budget_frac,3,0.5,1006,Proposed,1.5063582076893105,0.1882947759611638,0.0581987823141409,0.10861842105263157,512.0,0.0029421058743931846,1.4805495047352095,2.7781870536623954,0.9913157894736843,0.5005921052631579
speed_budget,channel.speed_kmh|feedback.budget_frac,3,0.5,1006,Baseline,1.4650633062995544,0.1831329132874443,0.08310693606418847,0.3007236842105263,512.0,0.002861451770116317,1.5218444061249656,2.8307973560695574,0.9913157894736843,1.0
speed_budget,channel.speed_kmh|feedback.budget_frac,3,0.5,1006,full_feedback,1.5113453749807158,0.18891817187258947,0.045091898802060416,0.21875,1024.0,0.0014759232177546052,1.4755623374438045,2.773982136220746,0.9913157894736843,1.0
speed_budget,channel.speed_kmh|feedback.budget_frac,3,0.5,1007,Exact,1.746074526359357,0.2182593157949196,0.001146480626417333,0.024736842105263158,10.593684210526316,0.1648222178101539,1.1553103099182231,2.3901175798773147,1.0,0.024736842105263158
speed_budget,channel.speed_kmh|feedback.budget_frac,3,0.5,1007,Optimised,1.6969376594937136,0.2121172074367142,0.06180837900117337,0.12828947368421054,512.0,0.0033143313661986593,1.2044471767838667,2.495596415985402,1.0,0.5023026315789474
speed_budget,channel.speed_kmh|feedback.budget_frac,3,0.5,1007,Proposed,1.6982091154924115,0.21227613943655144,0.058461377863330125,0.12769736842105264,512.0,0.003316814678696116,1.203175720785169,2.4955467497430295,1.0,0.500328947368421
speed_budget,channel.speed_kmh|feedback.budget_frac,3,0.5,1007,Baseline,1.6297435343967812,0.20371794179959765,0.09417669358276856,0.3705921052631579,512.0,0.0031830928406187133,1.2716413018807988,2.6122779402974947,1.0,1.0
speed_budget,channel.speed_kmh|feedback.budget_frac,3,0.5,1007,full_feedback,1.6977292598593705,0.2122161574824213,0.045180072911506344,0.24493421052631578,1024.0,0.0016579387303314165,1.2036555764182097,2.4917616687314004,1.0,1.0
speed_budget,channel.speed_kmh|feedback.budget_frac,3,0.5,1008,Exact,1.733735218035732,0.2167169022544665,0.0014661874100339813,0.024934210526315788,9.987368421052631,0.17359279691546642,1.2553575669774115,2.562200938099821,1.0,0.024934210526315788
speed_budget,channel.speed_kmh|feedback.budget_frac,3,0.5,1008,Optimised,1.6902358270965363,0.21127947838706704,0.0644843348159875,0.13335526315789473,512.0,0.0033012418497979225,1.2988569579166067,2.667134611592456,1.0,0.5024342105263158
speed_budget,channel.speed_kmh|feedback.budget_frac,3,0.5,1008,Proposed,1.6892260039267268,0.21115325049084085,0.05546175221267136,0.13361842105263158,512.0,0.0032992695389193884,1.2998667810864162,2.6683857772388677,1.0,0.5009210526315789
speed_budget,channel.speed_kmh|feedback.budget_frac,3,0.5,1008,Baseline,1.6358506692764532,0.20448133365955665,0.08969386865175412,0.34559210526315787,512.0,0.0031950208384305726,1.35324211573669,2.750888491056168,1.0,1.0
speed_budget,channel.speed_kmh|feedback.budget_frac,3,0.5,1008,full_feedback,1.6909532124833522,0.21136915156041902,0.044693791339964414,0.2338815789473684,1024.0,0.0016513214965657736,1.298139572529791,2.6627451320754614,1.0,1.0
speed_budget,channel.speed_kmh|feedback.budget_frac,3,0.5,1009,Exact,1.8712544118057968,0.2339068014757246,0.0011749829440504498,0.024407894736842104,10.47578947368421,0.17862657668966106,1.1156829859194237,2.2587047271877845,0.9321052631578948,0.024407894736842104
speed_budget,channel.speed_kmh|feedback.budget_frac,3,0.5,1009,Optimised,1.8167696889981,0.2270962111247625,0.06310398087391107,0.10796052631578948,512.0,0.003548378298824414,1.170167708727121,2.365245472658236,0.9321052631578948,0.5023026315789474
speed_budget,channel.speed_kmh|feedback.budget_frac,3,0.5,1009,Proposed,1.8239472683330338,0.22799340854162922,0.05450781717018281,0.10644736842105264,512.0,0.0035623970084629566,1.1629901293921872,2.3638337291970433,0.9321052631578948,0.5007236842105263
speed_budget,channel.speed_kmh|feedback.budget_frac,3,0.5,1009,Baseline,1.7670378255359447,0.22087972819199309,0.08280256615390717,0.32467105263157897,512.0,0.003451245752999892,1.2198995721892765,2.4493339170210273,0.9323684210526316,1.0
speed_budget,channel.speed_kmh|feedback.budget_frac,3,0.5,1009,full_feedback,1.8284830342980225,0.2285603792872528,0.03977932407822837,0.21157894736842106,1024.0,0.0017856279631816626,1.1584543634271982,2.3528936355585937,0.9321052631578948,1.0
speed_budget,channel.speed_kmh|feedback.budget_frac,3,0.75,1000,Exact,1.690712282853268,0.2113390353566585,0.0010644417110789197,0.022828947368421053,10.509473684210526,0.16087506697822562,1.2968228339568275,2.3847782616422384,0.9952631578947368,0.022828947368421053
speed_budget,channel.speed_kmh|feedback.budget_frac,3,0.75,1000,Optimised,1.6512280799461037,0.20640350999326296,0.0560548752292692,0.1794078947368421,768.0,0.0021500365624298225,1.3363070368639915,2.4748862427643785,0.9960526315789474,0.7509210526315789
speed_budget,channel.speed_kmh|feedback.budget_frac,3,0.75,1000,Proposed,1.6513578646817946,0.20641973308522432,0.05692760240391417,0.17934210526315789,768.0,0.0021502055529710865,1.3361772521283006,2.4744322511980905,0.9960526315789474,0.7501315789473684
speed_budget,channel.speed_kmh|feedback.budget_frac,3,0.75,1000,Baseline,1.6022483361928994,0.20028104202411243,0.08173688676302672,0.31914473684210526,512.0,0.0031293912816267567,1.3852867806171956,2.5794815252029926,0.9968421052631579,1.0
speed_budget,channel.speed_kmh|feedback.budget_frac,3,0.75,1000,full_feedback,1.651625953146872,0.206453244143359,0.04239913878660709,0.22210526315789475,1024.0,0.0016129159698699922,1.3359091636632232,2.473529080159597,0.9960526315789474,1.0
speed_budget,channel.speed_kmh|feedback.budget_frac,3,0.75,1001,Exact,1.7560287667387255,0.2195035958423407,0.0012221900100047186,0.024078947368421054,10.054736842105264,0.17464691461492768,1.232333357298512,2.4904045855857935,0.983421052631579,0.024078947368421054
speed_budget,channel.speed_kmh|feedback.budget_frac,3,0.75,1001,Optimised,1.7103619839323634,0.21379524799154542,0.05013622037433587,0.17664473684210527,768.0,0.0022270338332452647,1.2780001401048742,2.5685739556186014,0.983421052631579,0.7506578947368421
speed_budget,channel.speed_kmh|feedback.budget_frac,3,0.75,1001,Proposed,1.7102987009520012,0.21378733761900015,0.05065384766280751,0.17782894736842106,768.0,0.0022269514335312517,1.2780634230852368,2.5692914589194578,0.983421052631579,0.7502631578947369
speed_budget,channel.speed_kmh|feedback.budget_frac,3,0.75,1001,Baseline,1.6560860964143749,0.20701076205179686,0.0903406955114335,0.3451315789473684,512.0,0.003234543157059326,1.332276027622863,2.6697598909690305,0.983421052631579,1.0
speed_budget,channel.speed_kmh|feedback.budget_frac,3,0.75,1001,full_feedback,1.7107926356051424,0.2138490794506428,0.04531218843244579,0.2293421052631579,1024.0,0.0016706959332081469,1.2775694884320954,2.5682263665163494,0.983421052631579,1.0
speed_budget,channel.speed_kmh|feedback.budget_frac,3,0.75,1002,Exact,1.5616974787849398,0.19521218484811748,0.0014344134465104263,0.025592105263157895,11.031578947368422,0.1415660882486348,1.4393089083460564,2.7770311179653975,0.9955263157894737,0.025592105263157895
speed_budget,channel.speed_kmh|feedback.budget_frac,3,0.75,1002,Optimised,1.5063923896425921,0.18829904870532402,0.06729266609716189,0.20848684210526316,768.0,0.0019614484240137917,1.4946139974884038,2.8751973998443963,0.9955263157894737,0.7507894736842106
speed_budget,channel.speed_kmh|feedback.budget_frac,3,0.75,1002,Proposed,1.506725484883096,0.188340685610387,0.06691235806017101,0.20855263157894738,768.0,0.0019618821417748647,1.4942809022479,2.8746503660819727,0.9955263157894737,0.7500657894736842
speed_budget,channel.speed_kmh|feedback.budget_frac,3,0.75,1002,Baseline,1.449907002226711,0.1812383752783389,0.10005518692172972,0.3678947368421053,512.0,0.002831849613724045,1.551099384904285,2.9968117388351048,0.9955263157894737,1.0
speed_budget,channel.speed_kmh|feedback.budget_frac,3,0.75,1002,full_feedback,1.5082642262372108,0.18853302827965135,0.05532527833539964,0.26361842105263156,1024.0,0.0014729142834347762,1.4927421608937852,2.870040757947082,0.9955263157894737,1.0
speed_budget,channel.speed_kmh|feedback.budget_frac,3,0.75,1003,Exact,1.916148075698853,0.23951850946235662,0.0016546266277019592,0.023421052631578947,10.543157894736842,0.18174327794667636,1.1438843540878756,2.2451165448724284,0.8455263157894737,0.023421052631578947
speed_budget,channel.speed_kmh|feedback.budget_frac,3,0.75,1003,Optimised,1.8575796202042485,0.23219745252553106,0.06447489964612714,0.1705263157894737,768.0,0.0024187234638076154,1.2024528095824802,2.3597905472759013,0.8481578947368421,0.75125
speed_budget,channel.speed_kmh|feedback.budget_frac,3,0.75,1003,Proposed,1.8614871022123642,0.23268588777654553,0.06266514491282292,0.16967105263157894,768.0,0.0024238113310056826,1.1985453275743647,2.350327447343626,0.8481578947368421,0.7501973684210527
speed_budget,channel.speed_kmh|feedback.budget_frac,3,0.75,1003,Baseline,1.7992386896027495,0.22490483620034368,0.08980736768924695,0.31164473684210525,512.0,0.00351413806563037,1.2607937401839788,2.4564645385641386,0.8539473684210527,1.0
speed_budget,channel.speed_kmh|feedback.budget_frac,3,0.75,1003,full_feedback,1.8623468853746956,0.23279336067183695,0.04867152993357292,0.21592105263157896,1024.0,0.0018186981302487262,1.197685544412033,2.3477079223313986,0.8481578947368421,1.0
speed_budget,channel.speed_kmh|feedback.budget_frac,3,0.75,1004,Exact,1.709570051760242,0.21369625647003024,0.0011240259302784249,0.0275,11.738947368421053,0.14563231251544384,1.3356715385869466,2.5165347532491604,0.9986842105263158,0.0275
speed_budget,channel.speed_kmh|feedback.budget_frac,3,0.75,1004,Optimised,1.664486156511689,0.20806076956396113,0.05758901573665511,0.21407894736842106,768.0,0.0021672996829579286,1.3807554338354993,2.591367571100803,0.9986842105263158,0.750328947368421
speed_budget,channel.speed_kmh|feedback.budget_frac,3,0.75,1004,Proposed,1.6644215086084688,0.2080526885760586,0.05643747071018683,0.21348684210526317,768.0,0.0021672155060006104,1.3808200817387197,2.5902948725530845,0.9986842105263158,0.7500657894736842
speed_budget,channel.speed_kmh|feedback.budget_frac,3,0.75,1004,Baseline,1.613831943501848,0.201728992937731,0.08653442020415988,0.36125,512.0,0.003152015514652047,1.4314096468453408,2.7152805059894884,0.9986842105263158,1.0
speed_budget,channel.speed_kmh|feedback.budget_frac,3,0.75,1004,full_feedback,1.6649014183646373,0.20811267729557967,0.04756266905185756,0.26052631578947366,1024.0,0.0016258802913717162,1.3803401719825514,2.5901954154931377,0.9986842105263158,1.0
speed_budget,channel.speed_kmh|feedback.budget_frac,3,0.75,1005,Exact,1.5913943556252588,0.19892429445315735,0.0027102849980706637,0.02756578947368421,11.688421052631579,0.13615135427269415,1.3613143615498857,2.5577737991405765,0.9673684210526315,0.02756578947368421
speed_budget,channel.speed_kmh|feedback.budget_frac,3,0.75,1005,Optimised,1.548193703373898,0.19352421292173724,0.06846316341236293,0.18052631578947367,768.0,0.002015877217934763,1.4045150138012465,2.6367167786346166,0.9673684210526315,0.7505921052631579
speed_budget,channel.speed_kmh|feedback.budget_frac,3,0.75,1005,Proposed,1.5481170561388469,0.19351463201735586,0.06922216853777548,0.17986842105263157,768.0,0.002015777416847457,1.4045916610362976,2.6368693636369698,0.9673684210526315,0.7500657894736842
speed_budget,channel.speed_kmh|feedback.budget_frac,3,0.75,1005,Baseline,1.4904855829431127,0.1863106978678891,0.1050126922220898,0.3730263157894737,512.0,0.002911104654185767,1.4622231342320318,2.7555079811185585,0.9681578947368421,1.0
speed_budget,channel.speed_kmh|feedback.budget_frac,3,0.75,1005,full_feedback,1.549149133456394,0.19364364168204926,0.055745131622654785,0.255,1024.0,0.0015128409506410098,1.4035595837187502,2.633621841681095,0.9673684210526315,1.0
speed_budget,channel.speed_kmh|feedback.budget_frac,3,0.75,1006,Exact,1.5520170688617596,0.19400213360771995,0.001188964577434988,0.02539473684210526,11.014736842105263,0.1409036903114174,1.4348906435627606,2.6850747391454632,0.9913157894736843,0.02539473684210526
speed_budget,channel.speed_kmh|feedback.budget_frac,3,0.75,1006,Optimised,1.5094759780485425,0.1886844972560678,0.05300464533667848,0.1701315789473684,768.0,0.00196546351308404,1.4774317343759775,2.7793037236907816,0.9913157894736843,0.7508552631578947
speed_budget,channel.speed_kmh|feedback.budget_frac,3,0.75,1006,Proposed,1.5100471535456252,0.18875589419320316,0.051844604533175166,0.17032894736842105,768.0,0.0019662072311791997,1.476860558878895,2.7769909197487292,0.9913157894736843,0.7500657894736842
speed_budget,channel.speed_kmh|feedback.budget_frac,3,0.75,1006,Baseline,1.4650633062995544,0.1831329132874443,0.08310693606418847,0.3007236842105263,512.0,0.002861451770116317,1.5218444061249656,2.8307973560695574,0.9913157894736843,1.0
speed_budget,channel.speed_kmh|feedback.budget_frac,3,0.75,1006,full_feedback,1.5113453749807158,0.18891817187258947,0.045091898802060416,0.21875,1024.0,0.0014759232177546052,1.4755623374438045,2.773982136220746,0.9913157894736843,1.0
speed_budget,channel.speed_kmh|feedback.budget_frac,3,0.75,1007,Exact,1.746074526359357,0.2182593157949196,0.001146480626417333,0.024736842105263158,10.593684210526316,0.1648222178101539,1.1553103099182231,2.3901175798773147,1.0,0.024736842105263158
speed_budget,channel.speed_kmh|feedback.budget_frac,3,0.75,1007,Optimised,1.6980192765922555,0.21225240957403194,0.053875430108028206,0.18480263157894736,768.0,0.0022109625997294995,1.2033655596853245,2.4909846263368394,1.0,0.7506578947368421
speed_budget,channel.speed_kmh|feedback.budget_frac,3,0.75,1007,Proposed,1.6982081362431074,0.21227601703038843,0.05009957333947721,0.18368421052631578,768.0,0.0022112085107332128,1.2031767000344724,2.4903523784317465,1.0,0.7500657894736842
speed_budget,channel.speed_kmh|feedback.budget_frac,3,0.75,1007,Baseline,1.6297435343967812,0.20371794179959765,0.09417669358276856,0.3705921052631579,512.0,0.0031830928406187133,1.2716413018807988,2.6122779402974947,1.0,1.0
speed_budget,channel.speed_kmh|feedback.budget_frac,3,0.75,1007,full_feedback,1.6977292598593705,0.2122161574824213,0.045180072911506344,0.24493421052631578,1024.0,0.0016579387303314165,1.2036555764182097,2.4917616687314004,1.0,1.0
speed_budget,channel.speed_kmh|feedback.budget_frac,3,0.75,1008,Exact,1.733735218035732,0.2167169022544665,0.0014661874100339813,0.024934210526315788,9.987368421052631,0.17359279691546642,1.2553575669774115,2.562200938099821,1.0,0.024934210526315788
speed_budget,channel.speed_kmh|feedback.budget_frac,3,0.75,1008,Optimised,1.6896285061609564,0.21120356327011955,0.06141563726219354,0.18177631578947367,768.0,0.0022000371173970788,1.2994642788521864,2.664188348667678,1.0,0.7510526315789474
speed_budget,channel.speed_kmh|feedback.budget_frac,3,0.75,1008,Proposed,1.6908289331977593,0.2113536166497199,0.05779891102882262,0.18072368421052631,768.0,0.0022016001734345824,1.2982638518153842,2.664617608421207,1.0,0.7500657894736842
speed_budget,channel.speed_kmh|feedback.budget_frac,3,0.75,1008,Baseline,1.6358506692764532,0.20448133365955665,0.08969386865175412,0.34559210526315787,512.0,0.0031950208384305726,1.35324211573669,2.750888491056168,1.0,1.0
speed_budget,channel.speed_kmh|feedback.budget_frac,3,0.75,1008,full_feedback,1.6909532124833522,0.21136915156041902,0.044693791339964414,0.2338815789473684,1024.0,0.0016513214965657736,1.298139572529791,2.6627451320754614,1.0,1.0
speed_budget,channel.speed_kmh|feedback.budget_frac,3,0.75,1009,Exact,1.8712544118057968,0.2339068014757246,0.0011749829440504498,0.024407894736842104,10.47578947368421,0.17862657668966106,1.1156829859194237,2.2587047271877845,0.9321052631578948,0.024407894736842104
speed_budget,channel.speed_kmh|feedback.budget_frac,3,0.75,1009,Optimised,1.8254102064063997,0.22817627580079997,0.048282819282121844,0.1599342105263158,768.0,0.002376836206258333,1.1615271913188214,2.3556979297994514,0.9321052631578948,0.7508552631578947
speed_budget,channel.speed_kmh|feedback.budget_frac,3,0.75,1009,Proposed,1.8284257085822764,0.22855321357278455,0.04609495711980184,0.15861842105263158,768.0,0.0023807626413831725,1.1585116891429443,2.3543341019959114,0.9321052631578948,0.7500657894736842
speed_budget,channel.speed_kmh|feedback.budget_frac,3,0.75,1009,Baseline,1.7670378255359447,0.22087972819199309,0.08280256615390717,0.32467105263157897,512.0,0.003451245752999892,1.2198995721892765,2.4493339170210273,0.9323684210526316,1.0
speed_budget,channel.speed_kmh|feedback.budget_frac,3,0.75,1009,full_feedback,1.8284830342980225,0.2285603792872528,0.03977932407822837,0.21157894736842106,1024.0,0.0017856279631816626,1.1584543634271982,2.3528936355585937,0.9321052631578948,1.0
speed_budget,channel.speed_kmh|feedback.budget_frac,3,1.0,1000,Exact,1.690712282853268,0.2113390353566585,0.0010644417110789197,0.022828947368421053,10.509473684210526,0.16087506697822562,1.2968228339568275,2.3847782616422384,0.9952631578947368,0.022828947368421053
speed_budget,channel.speed_kmh|feedback.budget_frac,3,1.0,1000,Optimised,1.651625953146872,0.206453244143359,0.04239913878660709,0.22210526315789475,1024.0,0.0016129159698699922,1.3359091636632232,2.473529080159597,0.9960526315789474,1.0
speed_budget,channel.speed_kmh|feedback.budget_frac,3,1.0,1000,Proposed,1.651625953146872,0.206453244143359,0.04239913878660709,0.22210526315789475,1024.0,0.0016129159698699922,1.3359091636632232,2.473529080159597,0.9960526315789474,1.0
speed_budget,channel.speed_kmh|feedback.budget_frac,3,1.0,1000,Baseline,1.6022483361928994,0.20028104202411243,0.08173688676302672,0.31914473684210526,512.0,0.0031293912816267567,1.3852867806171956,2.5794815252029926,0.9968421052631579,1.0
speed_budget,channel.speed_kmh|feedback.budget_frac,3,1.0,1000,full_feedback,1.651625953146872,0.206453244143359,0.04239913878660709,0.22210526315789475,1024.0,0.0016129159698699922,1.3359091636632232,2.473529080159597,0.9960526315789474,1.0
speed_budget,channel.speed_kmh|feedback.budget_frac,3,1.0,1001,Exact,1.7560287667387255,0.2195035958423407,0.0012221900100047186,0.024078947368421054,10.054736842105264,0.17464691461492768,1.232333357298512,2.4904045855857935,0.983421052631579,0.024078947368421054
speed_budget,channel.speed_kmh|feedback.budget_frac,3,1.0,1001,Optimised,1.7107926356051424,0.2138490794506428,0.04531218843244579,0.2293421052631579,1024.0,0.0016706959332081469,1.2775694884320954,2.5682263665163494,0.983421052631579,1.0
speed_budget,channel.speed_kmh|feedback.budget_frac,3,1.0,1001,Proposed,1.7107926356051424,0.2138490794506428,0.04531218843244579,0.2293421052631579,1024.0,0.0016706959332081469,1.2775694884320954,2.5682263665163494,0.983421052631579,1.0
speed_budget,channel.speed_kmh|feedback.budget_frac,3,1.0,1001,Baseline,1.6560860964143749,0.20701076205179686,0.0903406955114335,0.3451315789473684,512.0,0.003234543157059326,1.332276027622863,2.6697598909690305,0.983421052631579,1.0
speed_budget,channel.speed_kmh|feedback.budget_frac,3,1.0,1001,full_feedback,1.7107926356051424,0.2138490794506428,0.04531218843244579,0.2293421052631579,1024.0,0.0016706959332081469,1.2775694884320954,2.5682263665163494,0.983421052631579,1.0
speed_budget,channel.speed_kmh|feedback.budget_frac,3,1.0,1002,Exact,1.5616974787849398,0.19521218484811748,0.0014344134465104263,0.025592105263157895,11.031578947368422,0.1415660882486348,1.4393089083460564,2.7770311179653975,0.9955263157894737,0.025592105263157895
speed_budget,channel.speed_kmh|feedback.budget_frac,3,1.0,1002,Optimised,1.5082642262372108,0.18853302827965135,0.05532527833539964,0.26361842105263156,1024.0,0.0014729142834347762,1.4927421608937852,2.870040757947082,0.9955263157894737,1.0
speed_budget,channel.speed_kmh|feedback.budget_frac,3,1.0,1002,Proposed,1.5082642262372108,0.18853302827965135,0.05532527833539964,0.26361842105263156,1024.0,0.0014729142834347762,1.4927421608937852,2.870040757947082,0.9955263157894737,1.0
speed_budget,channel.speed_kmh|feedback.budget_frac,3,1.0,1002,Baseline,1.449907002226711,0.1812383752783389,0.10005518692172972,0.3678947368421053,512.0,0.002831849613724045,1.551099384904285,2.9968117388351048,0.9955263157894737,1.0
speed_budget,channel.speed_kmh|feedback.budget_frac,3,1.0,1002,full_feedback,1.5082642262372108,0.18853302827965135,0.05532527833539964,0.26361842105263156,1024.0,0.0014729142834347762,1.4927421608937852,2.870040757947082,0.9955263157894737,1.0
speed_budget,channel.speed_kmh|feedback.budget_frac,3,1.0,1003,Exact,1.916148075698853,0.23951850946235662,0.0016546266277019592,0.023421052631578947,10.543157894736842,0.18174327794667636,1.1438843540878756,2.2451165448724284,0.8455263157894737,0.023421052631578947
speed_budget,channel.speed_kmh|feedback.budget_frac,3,1.0,1003,Optimised,1.8623468853746956,0.23279336067183695,0.04867152993357292,0.21592105263157896,1024.0,0.0018186981302487262,1.197685544412033,2.3477079223313986,0.8481578947368421,1.0
speed_budget,channel.speed_kmh|feedback.budget_frac,3,1.0,1003,Proposed,1.8623468853746956,0.23279336067183695,0.04867152993357292,0.21592105263157896,1024.0,0.0018186981302487262,1.197685544412033,2.3477079223313986,0.8481578947368421,1.0
speed_budget,channel.speed_kmh|feedback.budget_frac,3,1.0,1003,Baseline,1.7992386896027495,0.22490483620034368,0.08980736768924695,0.31164473684210525,512.0,0.00351413806563037,1.2607937401839788,2.4564645385641386,0.8539473684210527,1.0
speed_budget,channel.speed_kmh|feedback.budget_frac,3,1.0,1003,full_feedback,1.8623468853746956,0.23279336067183695,0.04867152993357292,0.21592105263157896,1024.0,0.0018186981302487262,1.197685544412033,2.3477079223313986,0.8481578947368421,1.0
speed_budget,channel.speed_kmh|feedback.budget_frac,3,1.0,1004,Exact,1.709570051760242,0.21369625647003024,0.0011240259302784249,0.0275,11.738947368421053,0.14563231251544384,1.3356715385869466,2.5165347532491604,0.9986842105263158,0.0275
speed_budget,channel.speed_kmh|feedback.budget_frac,3,1.0,1004,Optimised,1.6649014183646373,0.20811267729557967,0.04756266905185756,0.26052631578947366,1024.0,0.0016258802913717162,1.3803401719825514,2.5901954154931377,0.9986842105263158,1.0
speed_budget,channel.speed_kmh|feedback.budget_frac,3,1.0,1004,Proposed,1.6649014183646373,0.20811267729557967,0.04756266905185756,0.26052631578947366,1024.0,0.0016258802913717162,1.3803401719825514,2.5901954154931377,0.9986842105263158,1.0
speed_budget,channel.speed_kmh|feedback.budget_frac,3,1.0,1004,Baseline,1.613831943501848,0.201728992937731,0.08653442020415988,0.36125,512.0,0.003152015514652047,1.4314096468453408,2.7152805059894884,0.9986842105263158,1.0
speed_budget,channel.speed_kmh|feedback.budget_frac,3,1.0,1004,full_feedback,1.6649014183646373,0.20811267729557967,0.04756266905185756,0.26052631578947366,1024.0,0.0016258802913717162,1.3803401719825514,2.5901954154931377,0.9986842105263158,1.0
speed_budget,channel.speed_kmh|feedback.budget_frac,3,1.0,1005,Exact,1.5913943556252588,0.19892429445315735,0.0027102849980706637,0.02756578947368421,11.688421052631579,0.13615135427269415,1.3613143615498857,2.5577737991405765,0.9673684210526315,0.02756578947368421
speed_budget,channel.speed_kmh|feedback.budget_frac,3,1.0,1005,Optimised,1.549149133456394,0.19364364168204926,0.055745131622654785,0.255,1024.0,0.0015128409506410098,1.4035595837187502,2.633621841681095,0.9673684210526315,1.0
speed_budget,channel.speed_kmh|feedback.budget_frac,3,1.0,1005,Proposed,1.549149133456394,0.19364364168204926,0.055745131622654785,0.255,1024.0,0.0015128409506410098,1.4035595837187502,2.633621841681095,0.9673684210526315,1.0
speed_budget,channel.speed_kmh|feedback.budget_frac,3,1.0,1005,Baseline,1.4904855829431127,0.1863106978678891,0.1050126922220898,0.3730263157894737,512.0,0.002911104654185767,1.4622231342320318,2.7555079811185585,0.9681578947368421,1.0
speed_budget,channel.speed_kmh|feedback.budget_frac,3,1.0,1005,full_feedback,1.549149133456394,0.19364364168204926,0.055745131622654785,0.255,1024.0,0.0015128409506410098,1.4035595837187502,2.633621841681095,0.9673684210526315,1.0
speed_budget,channel.speed_kmh|feedback.budget_frac,3,1.0,1006,Exact,1.5520170688617596,0.19400213360771995,0.001188964577434988,0.02539473684210526,11.014736842105263,0.1409036903114174,1.4348906435627606,2.6850747391454632,0.9913157894736843,0.02539473684210526
speed_budget,channel.speed_kmh|feedback.budget_frac,3,1.0,1006,Optimised,1.5113453749807158,0.18891817187258947,0.045091898802060416,0.21875,1024.0,0.0014759232177546052,1.4755623374438045,2.773982136220746,0.9913157894736843,1.0
speed_budget,channel.speed_kmh|feedback.budget_frac,3,1.0,1006,Proposed,1.5113453749807158,0.18891817187258947,0.045091898802060416,0.21875,1024.0,0.0014759232177546052,1.4755623374438045,2.773982136220746,0.9913157894736843,1.0
speed_budget,channel.speed_kmh|feedback.budget_frac,3,1.0,1006,Baseline,1.4650633062995544,0.1831329132874443,0.08310693606418847,0.3007236842105263,512.0,0.002861451770116317,1.5218444061249656,2.8307973560695574,0.9913157894736843,1.0
speed_budget,channel.speed_kmh|feedback.budget_frac,3,1.0,1006,full_feedback,1.5113453749807158,0.18891817187258947,0.045091898802060416,0.21875,1024.0,0.0014759232177546052,1.4755623374438045,2.773982136220746,0.9913157894736843,1.0
speed_budget,channel.speed_kmh|feedback.budget_frac,3,1.0,1007,Exact,1.746074526359357,0.2182593157949196,0.001146480626417333,0.024736842105263158,10.593684210526316,0.1648222178101539,1.1553103099182231,2.3901175798773147,1.0,0.024736842105263158
speed_budget,channel.speed_kmh|feedback.budget_frac,3,1.0,1007,Optimised,1.6977292598593705,0.2122161574824213,0.045180072911506344,0.24493421052631578,1024.0,0.0016579387303314165,1.2036555764182097,2.4917616687314004,1.0,1.0
speed_budget,channel.speed_kmh|feedback.budget_frac,3,1.0,1007,Proposed,1.6977292598593705,0.2122161574824213,0.045180072911506344,0.24493421052631578,1024.0,0.0016579387303314165,1.2036555764182097,2.4917616687314004,1.0,1.0
speed_budget,channel.speed_kmh|feedback.budget_frac,3,1.0,1007,Baseline,1.6297435343967812,0.20371794179959765,0.09417669358276856,0.3705921052631579,512.0,0.0031830928406187133,1.2716413018807988,2.6122779402974947,1.0,1.0
speed_budget,channel.speed_kmh|feedback.budget_frac,3,1.0,1007,full_feedback,1.6977292598593705,0.2122161574824213,0.045180072911506344,0.24493421052631578,1024.0,0.0016579387303314165,1.2036555764182097,2.4917616687314004,1.0,1.0
speed_budget,channel.speed_kmh|feedback.budget_frac,3,1.0,1008,Exact,1.733735218035732,0.2167169022544665,0.0014661874100339813,0.024934210526315788,9.987368421052631,0.17359279691546642,1.2553575669774115,2.562200938099821,1.0,0.024934210526315788
speed_budget,channel.speed_kmh|feedback.budget_frac,3,1.0,1008,Optimised,1.6909532124833522,0.21136915156041902,0.044693791339964414,0.2338815789473684,1024.0,0.0016513214965657736,1.298139572529791,2.6627451320754614,1.0,1.0
speed_budget,channel.speed_kmh|feedback.budget_frac,3,1.0,1008,Proposed,1.6909532124833522,0.21136915156041902,0.044693791339964414,0.2338815789473684,1024.0,0.0016513214965657736,1.298139572529791,2.6627451320754614,1.0,1.0
speed_budget,channel.speed_kmh|feedback.budget_frac,3,1.0,1008,Baseline,1.6358506692764532,0.20448133365955665,0.08969386865175412,0.34559210526315787,512.0,0.0031950208384305726,1.35324211573669,2.750888491056168,1.0,1.0
speed_budget,channel.speed_kmh|feedback.budget_frac,3,1.0,1008,full_feedback,1.6909532124833522,0.21136915156041902,0.044693791339964414,0.2338815789473684,1024.0,0.0016513214965657736,1.298139572529791,2.6627451320754614,1.0,1.0
speed_budget,channel.speed_kmh|feedback.budget_frac,3,1.0,1009,Exact,1.8712544118057968,0.2339068014757246,0.0011749829440504498,0.024407894736842104,10.47578947368421,0.17862657668966106,1.1156829859194237,2.2587047271877845,0.9321052631578948,0.024407894736842104
speed_budget,channel.speed_kmh|feedback.budget_frac,3,1.0,1009,Optimised,1.8284830342980225,0.2285603792872528,0.03977932407822837,0.21157894736842106,1024.0,0.0017856279631816626,1.1584543634271982,2.3528936355585937,0.9321052631578948,1.0
speed_budget,channel.speed_kmh|feedback.budget_frac,3,1.0,1009,Proposed,1.8284830342980225,0.2285603792872528,0.03977932407822837,0.21157894736842106,1024.0,0.0017856279631816626,1.1584543634271982,2.3528936355585937,0.9321052631578948,1.0
speed_budget,channel.speed_kmh|feedback.budget_frac,3,1.0,1009,Baseline,1.7670378255359447,0.22087972819199309,0.08280256615390717,0.32467105263157897,512.0,0.003451245752999892,1.2198995721892765,2.4493339170210273,0.9323684210526316,1.0
speed_budget,channel.speed_kmh|feedback.budget_frac,3,1.0,1009,full_feedback,1.8284830342980225,0.2285603792872528,0.03977932407822837,0.21157894736842106,1024.0,0.0017856279631816626,1.1584543634271982,2.3528936355585937,0.9321052631578948,1.0
speed_budget,channel.speed_kmh|feedback.budget_frac,10,0.05,1000,Exact,1.8730276936998358,0.23412846171247947,0.015489339819933206,0.05039473684210526,12.901052631578947,0.14518409832040177,1.1145074231102596,2.215328369434071,0.9486842105263158,0.05039473684210526
speed_budget,channel.speed_kmh|feedback.budget_frac,10,0.05,1000,Optimised,1.5810305877454232,0.1976288234681779,0.20294266828862206,0.06138157894736842,32.0,0.049407205867044474,1.4065045290646718,2.7960750606750056,0.9586842105263158,0.125
speed_budget,channel.speed_kmh|feedback.budget_frac,10,0.05,1000,Proposed,1.5067285904487442,0.18834107380609302,0.24399576991532979,0.022039473684210525,10.307368421052631,0.14617975499655914,1.4808065263613508,2.925015407520447,0.9621052631578947,0.04026315789473684
speed_budget,channel.speed_kmh|feedback.budget_frac,10,0.05,1000,Baseline,0.4435121977536044,0.05543902471920055,0.7774140274557036,0.0,0.0,,2.5440229190564905,4.302884229727217,0.9992105263157894,0.0
speed_budget,channel.speed_kmh|feedback.budget_frac,10,0.05,1000,full_feedback,1.8500902725791606,0.23126128407239507,0.036320683889872224,0.20046052631578948,1024.0,0.0018067287818155865,1.137444844230935,2.2670584594599656,0.9486842105263158,1.0
speed_budget,channel.speed_kmh|feedback.budget_frac,10,0.05,1001,Exact,1.765022680638799,0.22062783507984987,0.022900299301358853,0.05578947368421053,14.282105263157895,0.1235828085647744,1.2233394433984393,2.5725805725447626,0.9555263157894737,0.05578947368421053
speed_budget,channel.speed_kmh|feedback.budget_frac,10,0.05,1001,Optimised,1.459443100096185,0.18243038751202312,0.2305462659327258,0.07105263157894737,32.0,0.04560759687800578,1.5289190239410528,3.145319587400336,0.9615789473684211,0.125
speed_budget,channel.speed_kmh|feedback.budget_frac,10,0.05,1001,Proposed,1.3353562552023994,0.16691953190029993,0.2883506650355407,0.024407894736842104,9.903157894736841,0.13484145859292937,1.6530058688348381,3.184494185504838,0.9592105263157895,0.038684210526315786
speed_budget,channel.speed_kmh|feedback.budget_frac,10,0.05,1001,Baseline,0.23030180640874065,0.02878772580109258,0.8254399014281922,0.0,0.0,,2.7580603176284972,4.640558274936881,1.0,0.0
speed_budget,channel.speed_kmh|feedback.budget_frac,10,0.05,1001,full_feedback,1.7372365067618163,0.21715456334522704,0.048569754050745435,0.2536842105263158,1024.0,0.0016965200261345862,1.251125617275421,2.616259779637906,0.9563157894736842,1.0
speed_budget,channel.speed_kmh|feedback.budget_frac,10,0.05,1002,Exact,1.7403621617869287,0.2175452702233661,0.02255347817037226,0.056842105263157895,14.551578947368421,0.11959954092141076,1.2606442253440673,2.5559211116996665,0.9657894736842105,0.056842105263157895
speed_budget,channel.speed_kmh|feedback.budget_frac,10,0.05,1002,Optimised,1.4404251209972012,0.18005314012465015,0.21727702357332054,0.06848684210526315,32.0,0.04501328503116254,1.5605812661337948,3.1557602752976397,0.9710526315789474,0.125
speed_budget,channel.speed_kmh|feedback.budget_frac,10,0.05,1002,Proposed,1.2752448805919936,0.1594056100739992,0.29764168491919546,0.02394736842105263,10.037894736842105,0.1270430617200497,1.7257615065390024,3.4190213729881465,0.9747368421052631,0.03921052631578947
speed_budget,channel.speed_kmh|feedback.budget_frac,10,0.05,1002,Baseline,0.19843028278097205,0.024803785347621506,0.8044581384913488,0.0,0.0,,2.802576104350024,4.792131835998903,1.0,0.0
speed_budget,channel.speed_kmh|feedback.budget_frac,10,0.05,1002,full_feedback,1.7135508871878309,0.21419386089847886,0.04229088705882845,0.24414473684210528,1024.0,0.001673389538269366,1.287455499943165,2.612148649465727,0.9671052631578947,1.0
speed_budget,channel.speed_kmh|feedback.budget_frac,10,0.05,1003,Exact,1.8318987961266417,0.22898734951583022,0.018317485259266384,0.05118421052631579,13.103157894736842,0.13980590105400945,1.228133633660087,2.3842232142534203,0.9494736842105264,0.05118421052631579
speed_budget,channel.speed_kmh|feedback.budget_frac,10,0.05,1003,Optimised,1.5304046835873872,0.1913005854484234,0.21441163200129212,0.06552631578947368,32.0,0.04782514636210585,1.5296277461993413,2.903705043803129,0.9597368421052631,0.125
speed_budget,channel.speed_kmh|feedback.budget_frac,10,0.05,1003,Proposed,1.4530610421484054,0.18163263026855067,0.25787247978812555,0.02151315789473684,10.105263157894736,0.14379249896260263,1.6069713876383231,3.022631283523756,0.9623684210526315,0.039473684210526314
speed_budget,channel.speed_kmh|feedback.budget_frac,10,0.05,1003,Baseline,0.9246056559640706,0.11557570699550883,0.519134213157714,0.0,0.0,,2.135426773822658,3.7196046989359743,1.0,0.0
speed_budget,channel.speed_kmh|feedback.budget_frac,10,0.05,1003,full_feedback,1.8092158193271644,0.22615197741589554,0.038901533594322045,0.22835526315789473,1024.0,0.001766812323561684,1.2508166104595642,2.436293428206183,0.9494736842105264,1.0
speed_budget,channel.speed_kmh|feedback.budget_frac,10,0.05,1004,Exact,1.7914913742320115,0.22393642177900144,0.023979598001228352,0.055197368421052634,14.130526315789474,0.12678164522649069,1.2537502161151772,2.5584565427564527,0.963421052631579,0.055197368421052634
speed_budget,channel.speed_kmh|feedback.budget_frac,10,0.05,1004,Optimised,1.4748192362560606,0.18435240453200757,0.22394136678840623,0.07013157894736842,32.0,0.046088101133001894,1.570422354091128,3.0850077737109713,0.9681578947368421,0.125
speed_budget,channel.speed_kmh|feedback.budget_frac,10,0.05,1004,Proposed,1.353976940126414,0.16924711751580174,0.2982350533447941,0.022960526315789473,9.953684210526315,0.13602771712352932,1.6912646502207744,3.432739720131922,0.9710526315789474,0.03888157894736842
speed_budget,channel.speed_kmh|feedback.budget_frac,10,0.05,1004,Baseline,0.691150526340399,0.08639381579254987,0.7546955241390978,0.0,0.0,,2.3540910640067896,4.135794778712987,1.0,0.0
speed_budget,channel.speed_kmh|feedback.budget_frac,10,0.05,1004,full_feedback,1.7700369831418845,0.22125462289273556,0.04202675807349713,0.24243421052631578,1024.0,0.0017285517413494966,1.2752046072053043,2.5984576964765913,0.963421052631579,1.0
speed_budget,channel.speed_kmh|feedback.budget_frac,10,0.05,1005,Exact,1.624363029048571,0.2030453786310714,0.02465866488657998,0.06006578947368421,15.376842105263158,0.10563697135789585,1.3283456881265734,2.62922718479625,0.9789473684210527,0.06006578947368421
speed_budget,channel.speed_kmh|feedback.budget_frac,10,0.05,1005,Optimised,1.3568807178086641,0.16961008972608302,0.23313606889515287,0.07197368421052631,32.0,0.042402522431520755,1.5958279993664803,3.1601587805791382,0.9823684210526316,0.125
speed_budget,channel.speed_kmh|feedback.budget_frac,10,0.05,1005,Proposed,1.2065658690761532,0.15082073363451914,0.30410752896701043,0.02388157894736842,9.785263157894736,0.1233043863621284,1.7461428480989911,3.4864184230806896,0.9913157894736843,0.03822368421052631
speed_budget,channel.speed_kmh|feedback.budget_frac,10,0.05,1005,Baseline,0.6010800152687472,0.0751350019085934,0.7691553661807821,0.0,0.0,,2.3516287019063973,4.2030415979562905,1.0,0.0
speed_budget,channel.speed_kmh|feedback.budget_frac,10,0.05,1005,full_feedback,1.59962015294413,0.19995251911801626,0.04715486943795671,0.2546052631578947,1024.0,0.001562129055609502,1.3530885642310146,2.6958735840828516,0.9792105263157894,1.0
speed_budget,channel.speed_kmh|feedback.budget_frac,10,0.05,1006,Exact,1.7645548750554032,0.2205693593819254,0.022602839563898382,0.05598684210526316,14.33263157894737,0.12311450729308408,1.222352837369117,2.4635112114895605,0.953421052631579,0.05598684210526316
speed_budget,channel.speed_kmh|feedback.budget_frac,10,0.05,1006,Optimised,1.4909691098205842,0.18637113872757302,0.21582488433755617,0.06539473684210527,32.0,0.046592784681893255,1.4959386026039356,2.917381392863625,0.96,0.125
speed_budget,channel.speed_kmh|feedback.budget_frac,10,0.05,1006,Proposed,1.392114283943079,0.17401428549288486,0.2719441796951171,0.02230263157894737,9.936842105263159,0.14009624679511917,1.5947934284814413,3.124663100943241,0.9573684210526315,0.03881578947368421
speed_budget,channel.speed_kmh|feedback.budget_frac,10,0.05,1006,Baseline,0.6542745073671236,0.08178431342089044,0.5777304735557384,0.0,0.0,,2.332633205057397,4.084528381965722,0.9544736842105264,0.0
speed_budget,channel.speed_kmh|feedback.budget_frac,10,0.05,1006,full_feedback,1.7440370972358878,0.21800463715448598,0.0404566987669098,0.23125,1024.0,0.0017031612277694217,1.2428706151886322,2.509313041844696,0.953421052631579,1.0
speed_budget,channel.speed_kmh|feedback.budget_frac,10,0.05,1007,Exact,1.6871619727587077,0.21089524659483846,0.020453151307457788,0.05855263157894737,14.989473684210527,0.1125564518343239,1.2142228635188725,2.618294571074022,0.9773684210526316,0.05855263157894737
speed_budget,channel.speed_kmh|feedback.budget_frac,10,0.05,1007,Optimised,1.391363527381091,0.17392044092263637,0.2242472866747247,0.07144736842105263,32.0,0.04348011023065909,1.5100213088964893,3.096183034741175,0.9792105263157894,0.125
speed_budget,channel.speed_kmh|feedback.budget_frac,10,0.05,1007,Proposed,1.264027572993436,0.1580034466241795,0.2993913559844579,0.02381578947368421,10.08842105263158,0.1252948867220121,1.6373572632841442,3.3612521662430193,0.9807894736842105,0.03940789473684211
speed_budget,channel.speed_kmh|feedback.budget_frac,10,0.05,1007,Baseline,0.382241599238086,0.04778019990476075,0.8026660013761375,0.0,0.0,,2.519143237039494,4.401627990521146,1.0,0.0
speed_budget,channel.speed_kmh|feedback.budget_frac,10,0.05,1007,full_feedback,1.6554113812155828,0.20692642265194786,0.045034155321189095,0.2480921052631579,1024.0,0.0016166126769683426,1.2459734550619974,2.6950679513875744,0.9776315789473684,1.0
speed_budget,channel.speed_kmh|feedback.budget_frac,10,0.05,1008,Exact,1.7024864640522128,0.2128108080065266,0.021620944758353324,0.05592105263157895,14.31578947368421,0.11892368682717663,1.2866063209609302,2.689856629752985,0.9739473684210527,0.05592105263157895
speed_budget,channel.speed_kmh|feedback.budget_frac,10,0.05,1008,Optimised,1.4141341583806806,0.17676676979758507,0.22097361205734867,0.06907894736842106,32.0,0.04419169244939627,1.5749586266324627,3.1997388421224797,0.9760526315789474,0.125
speed_budget,channel.speed_kmh|feedback.budget_frac,10,0.05,1008,Proposed,1.2578340187643937,0.15722925234554921,0.30357082520804635,0.023486842105263157,9.701052631578948,0.12965953969468033,1.7312587662487495,3.32677893540385,0.9826315789473684,0.037894736842105266
speed_budget,channel.speed_kmh|feedback.budget_frac,10,0.05,1008,Baseline,0.3947890421043865,0.04934863026304831,0.7770266135779043,0.0,0.0,,2.594303742908757,4.486467051529422,0.9828947368421053,0.0
speed_budget,channel.speed_kmh|feedback.budget_frac,10,0.05,1008,full_feedback,1.6732432414445757,0.20915540518057196,0.04555554618689625,0.2505921052631579,1024.0,0.0016340266029732185,1.3158495435685673,2.7378226255892466,0.9739473684210527,1.0
speed_budget,channel.speed_kmh|feedback.budget_frac,10,0.05,1009,Exact,1.7974067888530805,0.22467584860663506,0.022184621953996883,0.05592105263157895,14.31578947368421,0.12555415069194312,1.1895306088721402,2.4887043722607416,0.9392105263157895,0.05592105263157895
speed_budget,channel.speed_kmh|feedback.budget_frac,10,0.05,1009,Optimised,1.4641952256495445,0.18302440320619306,0.22838567073116228,0.07032894736842105,32.0,0.045756100801548266,1.5227421720756764,3.0095083712651554,0.9486842105263158,0.125
speed_budget,channel.speed_kmh|feedback.budget_frac,10,0.05,1009,Proposed,1.3632719981389825,0.1704089997673728,0.2814870430845901,0.023092105263157896,9.76842105263158,0.13955909463707256,1.6236653995862387,3.220378424828434,0.9476315789473684,0.038157894736842106
speed_budget,channel.speed_kmh|feedback.budget_frac,10,0.05,1009,Baseline,0.33855012097649717,0.042318765122062146,0.7317636268686949,0.0,0.0,,2.6483872767487235,4.406798062272623,0.9515789473684211,0.0
speed_budget,channel.speed_kmh|feedback.budget_frac,10,0.05,1009,full_feedback,1.7673996904679317,0.22092496130849146,0.045512018393035515,0.2450657894736842,1024.0,0.0017259762602225895,1.2195377072572893,2.557612596908908,0.9389473684210526,1.0
speed_budget,channel.speed_kmh|feedback.budget_frac,10,0.1,1000,Exact,1.8787423761649111,0.2348427970206139,0.00783835139309069,0.062434210526315786,18.930526315789475,0.09924406457721671,1.108792740645184,2.2033574792814306,0.9486842105263158,0.062434210526315786
speed_budget,channel.speed_kmh|feedback.budget_frac,10,0.1,1000,Optimised,1.7367221687461216,0.2170902710932652,0.13709530983014312,0.07776315789473684,83.09894736842105,0.02089944847371321,1.2508129480639736,2.4387595672941176,0.9510526315789474,0.19960526315789473
speed_budget,channel.speed_kmh|feedback.budget_frac,10,0.1,1000,Proposed,1.7248188453330333,0.21560235566662916,0.13405400009277244,0.05473684210526316,69.33894736842105,0.024875180699939,1.262716271477062,2.490425738239499,0.955,0.14585526315789474
speed_budget,channel.speed_kmh|feedback.budget_frac,10,0.1,1000,Baseline,1.3213578289987684,0.16516972862484605,0.3697211682617827,0.03835526315789474,64.0,0.020646216078105756,1.6661772878113266,3.0895007298372734,0.9992105263157894,0.125
speed_budget,channel.speed_kmh|feedback.budget_frac,10,0.1,1000,full_feedback,1.8500902725791606,0.23126128407239507,0.036320683889872224,0.20046052631578948,1024.0,0.0018067287818155865,1.137444844230935,2.2670584594599656,0.9486842105263158,1.0
speed_budget,channel.speed_kmh|feedback.budget_frac,10,0.1,1001,Exact,1.7743790982685086,0.22179738728356357,0.011759229667513136,0.07263157894736842,22.366315789473685,0.0793326498190457,1.213983025768729,2.5331036494774795,0.9555263157894737,0.07263157894736842
speed_budget,channel.speed_kmh|feedback.budget_frac,10,0.1,1001,Optimised,1.6050998688337572,0.20063748360421965,0.16634738022089327,0.08960526315789474,82.66105263157895,0.01941784937082403,1.3832622552034806,2.8423519037706453,0.9578947368421052,0.19789473684210526
speed_budget,channel.speed_kmh|feedback.budget_frac,10,0.1,1001,Proposed,1.6056330835925599,0.20070413544906998,0.16409149312600155,0.059407894736842104,68.88421052631578,0.023309159984916443,1.382729040444678,2.801989109728289,0.9563157894736842,0.14407894736842106
speed_budget,channel.speed_kmh|feedback.budget_frac,10,0.1,1001,Baseline,1.3354772580671603,0.16693465725839504,0.35848445815277513,0.04690789473684211,64.0,0.02086683215729938,1.6528848659700774,3.143662707996385,1.0,0.125
speed_budget,channel.speed_kmh|feedback.budget_frac,10,0.1,1001,full_feedback,1.7372365067618163,0.21715456334522704,0.048569754050745435,0.2536842105263158,1024.0,0.0016965200261345862,1.251125617275421,2.616259779637906,0.9563157894736842,1.0
speed_budget,channel.speed_kmh|feedback.budget_frac,10,0.1,1002,Exact,1.750879849587149,0.21885998119839362,0.010458423669284095,0.07223684210526315,22.31578947368421,0.07845923854282036,1.250126537543847,2.53955915067783,0.9657894736842105,0.07223684210526315
speed_budget,channel.speed_kmh|feedback.budget_frac,10,0.1,1002,Optimised,1.5810064649158393,0.1976258081144799,0.16042114650353972,0.08480263157894737,82.71157894736842,0.019114693311826095,1.419999922215157,2.8946293712375826,0.9681578947368421,0.1980921052631579
speed_budget,channel.speed_kmh|feedback.budget_frac,10,0.1,1002,Proposed,1.5805580285121965,0.19756975356402456,0.15887925945535097,0.058223684210526316,68.6821052631579,0.023012661339605608,1.4204483586187995,2.8820694234399995,0.9726315789473684,0.14328947368421052
speed_budget,channel.speed_kmh|feedback.budget_frac,10,0.1,1002,Baseline,1.3333604178582827,0.16667005223228534,0.3348144977103372,0.04855263157894737,64.0,0.020833756529035668,1.6676459692727135,3.198719235004231,1.0,0.125
speed_budget,channel.speed_kmh|feedback.budget_frac,10,0.1,1002,full_feedback,1.7135508871878309,0.21419386089847886,0.04229088705882845,0.24414473684210528,1024.0,0.001673389538269366,1.287455499943165,2.612148649465727,0.9671052631578947,1.0
speed_budget,channel.speed_kmh|feedback.budget_frac,10,0.1,1003,Exact,1.842310553313367,0.23028881916417088,0.008412958595412011,0.06480263157894736,19.99157894736842,0.09215432948861092,1.2177218764733617,2.365590721432284,0.9494736842105264,0.06480263157894736
speed_budget,channel.speed_kmh|feedback.budget_frac,10,0.1,1003,Optimised,1.6831465155578977,0.21039331444473722,0.14239271173646767,0.08190789473684211,82.84631578947368,0.020316492043352345,1.3768859142288308,2.60868724131588,0.9494736842105264,0.19861842105263158
speed_budget,channel.speed_kmh|feedback.budget_frac,10,0.1,1003,Proposed,1.6595953039862874,0.20744941299828593,0.15788762005287416,0.055065789473684214,69.12,0.02401034872665346,1.400437125800441,2.663716994964531,0.9502631578947368,0.145
speed_budget,channel.speed_kmh|feedback.budget_frac,10,0.1,1003,Baseline,1.4035063372463135,0.17543829215578918,0.32506907415779757,0.042236842105263156,64.0,0.021929786519473648,1.6565260925404148,2.9717451663044265,1.0,0.125
speed_budget,channel.speed_kmh|feedback.budget_frac,10,0.1,1003,full_feedback,1.8092158193271644,0.22615197741589554,0.038901533594322045,0.22835526315789473,1024.0,0.001766812323561684,1.2508166104595642,2.436293428206183,0.9494736842105264,1.0
speed_budget,channel.speed_kmh|feedback.budget_frac,10,0.1,1004,Exact,1.8041028088481366,0.22551285110601707,0.009790072756973432,0.06914473684210526,21.591578947368422,0.08355585356892208,1.241138781499052,2.5390067318170257,0.963421052631579,0.06914473684210526
speed_budget,channel.speed_kmh|feedback.budget_frac,10,0.1,1004,Optimised,1.6354369200077028,0.20442961500096285,0.15786802223586505,0.08625,82.64421052631579,0.019788886718047148,1.409804670339486,2.8469304606091117,0.9657894736842105,0.19782894736842105
speed_budget,channel.speed_kmh|feedback.budget_frac,10,0.1,1004,Proposed,1.6248283406996726,0.20310354258745908,0.16660118966185739,0.06098684210526316,68.49684210526316,0.023721215325557675,1.4204132496475161,2.844385508978294,0.9671052631578947,0.1425657894736842
speed_budget,channel.speed_kmh|feedback.budget_frac,10,0.1,1004,Baseline,1.280458060018321,0.16005725750229013,0.4316174492595938,0.045921052631578946,64.0,0.020007157187786267,1.7647835303288675,3.2681294630885835,1.0,0.125
speed_budget,channel.speed_kmh|feedback.budget_frac,10,0.1,1004,full_feedback,1.7700369831418845,0.22125462289273556,0.04202675807349713,0.24243421052631578,1024.0,0.0017285517413494966,1.2752046072053043,2.5984576964765913,0.963421052631579,1.0
speed_budget,channel.speed_kmh|feedback.budget_frac,10,0.1,1005,Exact,1.6348473743498417,0.20435592179373022,0.011128231663023921,0.07532894736842105,22.821052631578947,0.07163768476163974,1.3178613428253023,2.602015333031794,0.9789473684210527,0.07532894736842105
speed_budget,channel.speed_kmh|feedback.budget_frac,10,0.1,1005,Optimised,1.462975564395544,0.182871945549443,0.16918836813331384,0.09296052631578948,82.39157894736842,0.01775637247260536,1.4897331527796005,2.9083493056866625,0.9839473684210527,0.1968421052631579
speed_budget,channel.speed_kmh|feedback.budget_frac,10,0.1,1005,Proposed,1.4652897296504772,0.18316121620630965,0.16936812179453026,0.060789473684210525,68.51368421052632,0.021386818509832123,1.4874189875246673,2.91687234484581,0.98,0.14263157894736841
speed_budget,channel.speed_kmh|feedback.budget_frac,10,0.1,1005,Baseline,1.1808713153949817,0.1476089144243727,0.442647553545056,0.05171052631578947,64.0,0.01845111430304659,1.7718374017801632,3.274150126456069,1.0,0.125
speed_budget,channel.speed_kmh|feedback.budget_frac,10,0.1,1005,full_feedback,1.59962015294413,0.19995251911801626,0.04715486943795671,0.2546052631578947,1024.0,0.001562129055609502,1.3530885642310146,2.6958735840828516,0.9792105263157894,1.0
speed_budget,channel.speed_kmh|feedback.budget_frac,10,0.1,1006,Exact,1.7732510281271665,0.2216563785158958,0.01004322246890096,0.07157894736842105,21.945263157894736,0.08080336131623217,1.2136566842973537,2.442170295613165,0.953421052631579,0.07157894736842105
speed_budget,channel.speed_kmh|feedback.budget_frac,10,0.1,1006,Optimised,1.611690918190709,0.20146136477383864,0.1541047234351605,0.08677631578947369,82.84631578947368,0.019453984197514405,1.375216794233811,2.7883536624147562,0.9560526315789474,0.19861842105263158
speed_budget,channel.speed_kmh|feedback.budget_frac,10,0.1,1006,Proposed,1.6329446867096042,0.20411808583870053,0.14691635808096354,0.05592105263157895,68.59789473684211,0.023804588945097654,1.3539630257149158,2.7572508438334835,0.953421052631579,0.14296052631578948
speed_budget,channel.speed_kmh|feedback.budget_frac,10,0.1,1006,Baseline,1.5646840492662566,0.19558550615828207,0.17343994697436654,0.04407894736842105,64.0,0.02444818826978526,1.4222236631582637,2.825198394624281,0.9544736842105264,0.125
speed_budget,channel.speed_kmh|feedback.budget_frac,10,0.1,1006,full_feedback,1.7440370972358878,0.21800463715448598,0.0404566987669098,0.23125,1024.0,0.0017031612277694217,1.2428706151886322,2.509313041844696,0.953421052631579,1.0
speed_budget,channel.speed_kmh|feedback.budget_frac,10,0.1,1007,Exact,1.6959818980444508,0.21199773725555635,0.009271943665255604,0.07322368421052632,22.181052631578947,0.0764608391772128,1.2054029382331293,2.6038021081122316,0.9773684210526316,0.07322368421052632
speed_budget,channel.speed_kmh|feedback.budget_frac,10,0.1,1007,Optimised,1.5211033630559878,0.19013792038199848,0.1686888351812907,0.09085526315789473,82.54315789473684,0.018427976368383857,1.3802814732215924,2.947627483814456,0.9776315789473684,0.1974342105263158
speed_budget,channel.speed_kmh|feedback.budget_frac,10,0.1,1007,Proposed,1.5359608366491553,0.1919951045811444,0.15972067683418378,0.06118421052631579,68.74947368421053,0.022341419567869572,1.3654239996284248,2.896262462596389,0.9778947368421053,0.14355263157894738
speed_budget,channel.speed_kmh|feedback.budget_frac,10,0.1,1007,Baseline,1.2325767848757188,0.15407209810946484,0.3715544899366384,0.05052631578947368,64.0,0.019259012263683106,1.668808051401862,3.273083654521637,1.0,0.125
speed_budget,channel.speed_kmh|feedback.budget_frac,10,0.1,1007,full_feedback,1.6554113812155828,0.20692642265194786,0.045034155321189095,0.2480921052631579,1024.0,0.0016166126769683426,1.2459734550619974,2.6950679513875744,0.9776315789473684,1.0
speed_budget,channel.speed_kmh|feedback.budget_frac,10,0.1,1008,Exact,1.712242560048354,0.21403032000604424,0.011598280079283364,0.07427631578947369,23.12421052631579,0.07404544938300875,1.2768502249647893,2.6701763623432124,0.9739473684210527,0.07427631578947369
speed_budget,channel.speed_kmh|feedback.budget_frac,10,0.1,1008,Optimised,1.5367194708419558,0.19208993385524448,0.16141089281534327,0.09013157894736842,82.54315789473684,0.0186171635546299,1.4523733141711876,2.9714604278494905,0.975,0.1974342105263158
speed_budget,channel.speed_kmh|feedback.budget_frac,10,0.1,1008,Proposed,1.551727110397021,0.19396588879962762,0.16804520625326738,0.06197368421052631,68.37894736842105,0.02269305349256727,1.437365674616122,2.9687180115551444,0.9739473684210527,0.14210526315789473
speed_budget,channel.speed_kmh|feedback.budget_frac,10,0.1,1008,Baseline,1.293275302011639,0.16165941275145487,0.3451100977220594,0.049605263157894736,64.0,0.02020742659393186,1.6958174830015043,3.255237020070849,0.9828947368421053,0.125
speed_budget,channel.speed_kmh|feedback.budget_frac,10,0.1,1008,full_feedback,1.6732432414445757,0.20915540518057196,0.04555554618689625,0.2505921052631579,1024.0,0.0016340266029732185,1.3158495435685673,2.7378226255892466,0.9739473684210527,1.0
speed_budget,channel.speed_kmh|feedback.budget_frac,10,0.1,1009,Exact,1.8064298454278085,0.22580373067847606,0.011022508346539159,0.0719078947368421,22.197894736842105,0.08137843101083166,1.1805075522974122,2.4800666869859134,0.9386842105263158,0.0719078947368421
speed_budget,channel.speed_kmh|feedback.budget_frac,10,0.1,1009,Optimised,1.6239299746391072,0.2029912468298884,0.1606852420849122,0.0861842105263158,82.29052631578948,0.01973410606717089,1.3630074230861133,2.78866559118161,0.9442105263157895,0.19644736842105262
speed_budget,channel.speed_kmh|feedback.budget_frac,10,0.1,1009,Proposed,1.5978882682425324,0.19973603353031655,0.16715604040552007,0.05973684210526316,68.29473684210527,0.023396945974574687,1.3890491294826883,2.873310732362668,0.9457894736842105,0.1417763157894737
speed_budget,channel.speed_kmh|feedback.budget_frac,10,0.1,1009,Baseline,1.4351764704006937,0.17939705880008672,0.25870174115785793,0.05296052631578947,64.0,0.02242463235001084,1.551760927324527,3.010379297439667,0.9515789473684211,0.125
speed_budget,channel.speed_kmh|feedback.budget_frac,10,0.1,1009,full_feedback,1.7673996904679317,0.22092496130849146,0.045512018393035515,0.2450657894736842,1024.0,0.0017259762602225895,1.2195377072572893,2.557612596908908,0.9389473684210526,1.0
speed_budget,channel.speed_kmh|feedback.budget_frac,10,0.2,1000,Exact,1.881696966309416,0.235212120788677,0.0050444716062837455,0.06717105263157895,27.50315789473684,0.0684174876758246,1.1058381505006794,2.1901660616962366,0.9486842105263158,0.06717105263157895
speed_budget,channel.speed_kmh|feedback.budget_frac,10,0.2,1000,Optimised,1.6912184551707248,0.2114023068963406,0.16206186370470427,0.06947368421052631,192.0,0.008808429454014192,1.2963166616393706,2.5607735949071007,0.9507894736842105,0.2546052631578947
speed_budget,channel.speed_kmh|feedback.budget_frac,10,0.2,1000,Proposed,1.7550118735467155,0.21937648419333944,0.1179943038405138,0.07138157894736842,192.0,0.009140686841389143,1.23252324326338,2.465307749949584,0.95,0.2523684210526316
speed_budget,channel.speed_kmh|feedback.budget_frac,10,0.2,1000,Baseline,1.7903099745677684,0.22378874682097105,0.08137497791858143,0.10138157894736842,170.6442105263158,0.010491477964859974,1.1972251422423266,2.393874312621603,0.9497368421052632,0.3332894736842105
speed_budget,channel.speed_kmh|feedback.budget_frac,10,0.2,1000,full_feedback,1.8500902725791606,0.23126128407239507,0.036320683889872224,0.20046052631578948,1024.0,0.0018067287818155865,1.137444844230935,2.2670584594599656,0.9486842105263158,1.0
speed_budget,channel.speed_kmh|feedback.budget_frac,10,0.2,1001,Exact,1.7787018606625646,0.22233773258282058,0.007694029111708998,0.07960526315789473,34.44210526315789,0.05164323861948156,1.209660263374673,2.5212929714791428,0.9555263157894737,0.07960526315789473
speed_budget,channel.speed_kmh|feedback.budget_frac,10,0.2,1001,Optimised,1.6305099342413478,0.20381374178016848,0.14572778510428508,0.08776315789473685,192.0,0.008492239240840353,1.3578521897958897,2.7625506973299125,0.9576315789473684,0.25493421052631576
speed_budget,channel.speed_kmh|feedback.budget_frac,10,0.2,1001,Proposed,1.6431775342275614,0.20539719177844518,0.15367391539417602,0.08348684210526315,192.0,0.008558216324101883,1.3451845898096764,2.7434664139626586,0.9573684210526315,0.25276315789473686
speed_budget,channel.speed_kmh|feedback.budget_frac,10,0.2,1001,Baseline,1.6640149262299757,0.20800186577874696,0.1055021268498505,0.12407894736842105,170.6442105263158,0.009751370533448954,1.3243471978072623,2.7614226666813284,0.9578947368421052,0.3332894736842105
speed_budget,channel.speed_kmh|feedback.budget_frac,10,0.2,1001,full_feedback,1.7372365067618163,0.21715456334522704,0.048569754050745435,0.2536842105263158,1024.0,0.0016965200261345862,1.251125617275421,2.616259779637906,0.9563157894736842,1.0
speed_budget,channel.speed_kmh|feedback.budget_frac,10,0.2,1002,Exact,1.7539318343735235,0.21924147929669044,0.006574777922968027,0.08,34.57684210526316,0.050725622340929345,1.2470745527574725,2.5352186161689034,0.9657894736842105,0.08
speed_budget,channel.speed_kmh|feedback.budget_frac,10,0.2,1002,Optimised,1.5299997244912624,0.1912499655614078,0.1878383312621096,0.08302631578947368,192.0,0.007968748565058659,1.4710066626397336,2.9079812951125312,0.9794736842105263,0.25375
speed_budget,channel.speed_kmh|feedback.budget_frac,10,0.2,1002,Proposed,1.5981117649027121,0.19976397061283901,0.14769414526002558,0.08296052631578947,192.0,0.00832349877553496,1.4028946222282843,2.9154263731118317,0.97,0.2530921052631579
speed_budget,channel.speed_kmh|feedback.budget_frac,10,0.2,1002,Baseline,1.6504808684075414,0.20631010855094267,0.09261967174464554,0.11697368421052631,170.6442105263158,0.009672058977664605,1.3505255187234544,2.7239490698804243,0.9692105263157895,0.3332894736842105
speed_budget,channel.speed_kmh|feedback.budget_frac,10,0.2,1002,full_feedback,1.7135508871878309,0.21419386089847886,0.04229088705882845,0.24414473684210528,1024.0,0.001673389538269366,1.287455499943165,2.612148649465727,0.9671052631578947,1.0
speed_budget,channel.speed_kmh|feedback.budget_frac,10,0.2,1003,Exact,1.845834292949032,0.230729286618629,0.004984306394810535,0.07230263157894737,31.61263157894737,0.05838913753002065,1.2141981368376968,2.358381487477661,0.9494736842105264,0.07230263157894737
speed_budget,channel.speed_kmh|feedback.budget_frac,10,0.2,1003,Optimised,1.6208835974550273,0.2026104496818784,0.1553002449344891,0.08407894736842106,192.0,0.008442102070078268,1.4391488323317012,2.7722502679470686,0.9655263157894737,0.2536842105263158
speed_budget,channel.speed_kmh|feedback.budget_frac,10,0.2,1003,Proposed,1.7184991674709533,0.21481239593386917,0.1272325778999713,0.0793421052631579,192.0,0.008950516497244548,1.3415332623157754,2.602728874684868,0.9497368421052632,0.2530921052631579
speed_budget,channel.speed_kmh|feedback.budget_frac,10,0.2,1003,Baseline,1.738328164287537,0.21729102053594213,0.08779438016859019,0.11276315789473684,170.6442105263158,0.010186856963538542,1.3217042654991915,2.5730877027602714,0.9497368421052632,0.3332894736842105
speed_budget,channel.speed_kmh|feedback.budget_frac,10,0.2,1003,full_feedback,1.8092158193271644,0.22615197741589554,0.038901533594322045,0.22835526315789473,1024.0,0.001766812323561684,1.2508166104595642,2.436293428206183,0.9494736842105264,1.0
speed_budget,channel.speed_kmh|feedback.budget_frac,10,0.2,1004,Exact,1.8080273525865695,0.2260034190733212,0.006066674750030441,0.07631578947368421,32.80842105263158,0.05510863658102031,1.2372142377606188,2.5251147053161103,0.963421052631579,0.07631578947368421
speed_budget,channel.speed_kmh|feedback.budget_frac,10,0.2,1004,Optimised,1.6127254156587811,0.20159067695734764,0.1980990890246806,0.07855263157894737,192.0,0.008399611539889485,1.4325161746884076,2.842052255391924,0.9731578947368421,0.2542763157894737
speed_budget,channel.speed_kmh|feedback.budget_frac,10,0.2,1004,Proposed,1.648113613696226,0.20601420171202825,0.17415828991092436,0.08375,192.0,0.00858392507133451,1.3971279766509626,2.833359182554286,0.9644736842105263,0.2526973684210526
speed_budget,channel.speed_kmh|feedback.budget_frac,10,0.2,1004,Baseline,1.68577644692688,0.21072205586586,0.09928903487041393,0.1231578947368421,170.6442105263158,0.009878896223478434,1.3594651434203087,2.7800111812524695,0.9642105263157895,0.3332894736842105
speed_budget,channel.speed_kmh|feedback.budget_frac,10,0.2,1004,full_feedback,1.7700369831418845,0.22125462289273556,0.04202675807349713,0.24243421052631578,1024.0,0.0017285517413494966,1.2752046072053043,2.5984576964765913,0.963421052631579,1.0
speed_budget,channel.speed_kmh|feedback.budget_frac,10,0.2,1005,Exact,1.6393938910453296,0.2049242363806662,0.00668940335990792,0.08335526315789474,36.22736842105263,0.0452529113346427,1.313314826129815,2.586469934176869,0.9789473684210527,0.08335526315789474
speed_budget,channel.speed_kmh|feedback.budget_frac,10,0.2,1005,Optimised,1.4689217532784593,0.1836152191598074,0.18960985618563972,0.09019736842105264,192.0,0.007650634131658642,1.4837869638966852,2.8970323974626058,0.9813157894736843,0.25526315789473686
speed_budget,channel.speed_kmh|feedback.budget_frac,10,0.2,1005,Proposed,1.5079772047791629,0.18849715059739536,0.14822253359315765,0.0894078947368421,192.0,0.00785404794155814,1.4447315123959814,2.864559002303871,0.98,0.25263157894736843
speed_budget,channel.speed_kmh|feedback.budget_frac,10,0.2,1005,Baseline,1.5331626453364247,0.19164533066705308,0.10051785265437253,0.1244078947368421,170.6442105263158,0.008984557053577794,1.41954607183872,2.781294203866706,0.9815789473684211,0.3332894736842105
speed_budget,channel.speed_kmh|feedback.budget_frac,10,0.2,1005,full_feedback,1.59962015294413,0.19995251911801626,0.04715486943795671,0.2546052631578947,1024.0,0.001562129055609502,1.3530885642310146,2.6958735840828516,0.9792105263157894,1.0
speed_budget,channel.speed_kmh|feedback.budget_frac,10,0.2,1006,Exact,1.7764824531868524,0.22206030664835655,0.006206450553773883,0.07940789473684211,32.858947368421056,0.054063888087119094,1.2104252592376674,2.4375554998544517,0.953421052631579,0.07940789473684211
speed_budget,channel.speed_kmh|feedback.budget_frac,10,0.2,1006,Optimised,1.5572178510870722,0.19465223138588403,0.1932317749187434,0.08335526315789474,192.0,0.008110509641078501,1.4296898613374474,2.8232772887566475,0.9786842105263158,0.25355263157894736
speed_budget,channel.speed_kmh|feedback.budget_frac,10,0.2,1006,Proposed,1.612618726693609,0.20157734083670112,0.1595827320083747,0.08585526315789474,192.0,0.00839905586819588,1.374288985730911,2.743513720776042,0.9886842105263158,0.2525
speed_budget,channel.speed_kmh|feedback.budget_frac,10,0.2,1006,Baseline,1.6801397831108975,0.2100174728888622,0.0914423039474455,0.11421052631578947,170.6442105263158,0.009845864550158857,1.3067679293136227,2.6071708500013724,0.9555263157894737,0.3332894736842105
speed_budget,channel.speed_kmh|feedback.budget_frac,10,0.2,1006,full_feedback,1.7440370972358878,0.21800463715448598,0.0404566987669098,0.23125,1024.0,0.0017031612277694217,1.2428706151886322,2.509313041844696,0.953421052631579,1.0
speed_budget,channel.speed_kmh|feedback.budget_frac,10,0.2,1007,Exact,1.6997199131058187,0.21246498913822734,0.005990193998894488,0.07907894736842105,32.218947368421055,0.052755290036935694,1.2016649231717615,2.5980443493090655,0.9773684210526316,0.07907894736842105
speed_budget,channel.speed_kmh|feedback.budget_frac,10,0.2,1007,Optimised,1.5213176306005374,0.19016470382506717,0.17793789127289408,0.08625,192.0,0.007923529326044466,1.3800672056770427,2.951065398688127,0.9776315789473684,0.2542105263157895
speed_budget,channel.speed_kmh|feedback.budget_frac,10,0.2,1007,Proposed,1.5629065819747174,0.19536332274683968,0.14681903784731276,0.0886842105263158,192.0,0.008140138447784986,1.3384782543028628,2.860012538520471,0.9776315789473684,0.2530263157894737
speed_budget,channel.speed_kmh|feedback.budget_frac,10,0.2,1007,Baseline,1.5880871170039046,0.19851088962548807,0.0965094029746294,0.12394736842105263,170.6442105263158,0.0093064224804685,1.3132977192736754,2.78625188117653,0.9792105263157894,0.3332894736842105
speed_budget,channel.speed_kmh|feedback.budget_frac,10,0.2,1007,full_feedback,1.6554113812155828,0.20692642265194786,0.045034155321189095,0.2480921052631579,1024.0,0.0016166126769683426,1.2459734550619974,2.6950679513875744,0.9776315789473684,1.0
speed_budget,channel.speed_kmh|feedback.budget_frac,10,0.2,1008,Exact,1.716471762779519,0.21455897034743987,0.007041628822514157,0.08230263157894736,36.008421052631576,0.047668620633785755,1.2726210222336245,2.6463656314478885,0.9739473684210527,0.08230263157894736
speed_budget,channel.speed_kmh|feedback.budget_frac,10,0.2,1008,Optimised,1.545413664693873,0.19317670808673412,0.18121920891571577,0.08710526315789474,192.0,0.008049029503613922,1.4436791203192705,3.031005242821102,0.9765789473684211,0.255
speed_budget,channel.speed_kmh|feedback.budget_frac,10,0.2,1008,Proposed,1.535919713179836,0.1919899641474795,0.20066810894026166,0.08348684210526315,192.0,0.007999581839478314,1.453173071833307,2.991237843446116,0.9810526315789474,0.2525
speed_budget,channel.speed_kmh|feedback.budget_frac,10,0.2,1008,Baseline,1.5859063418076604,0.19823829272595755,0.1036012392343318,0.12763157894736843,170.6442105263158,0.009293642819268639,1.403186443205483,2.9162893096724614,0.9747368421052631,0.3332894736842105
speed_budget,channel.speed_kmh|feedback.budget_frac,10,0.2,1008,full_feedback,1.6732432414445757,0.20915540518057196,0.04555554618689625,0.2505921052631579,1024.0,0.0016340266029732185,1.3158495435685673,2.7378226255892466,0.9739473684210527,1.0
speed_budget,channel.speed_kmh|feedback.budget_frac,10,0.2,1009,Exact,1.8095478902267634,0.22619348627834543,0.0075901458873695125,0.08052631578947368,33.76842105263158,0.053586985527288813,1.177389507498457,2.475645754804053,0.9386842105263158,0.08052631578947368
speed_budget,channel.speed_kmh|feedback.budget_frac,10,0.2,1009,Optimised,1.5780325413505127,0.1972540676688141,0.18919208020679634,0.0855921052631579,192.0,0.008218919486200587,1.4089048563747082,2.89369968692159,0.9455263157894737,0.25493421052631576
speed_budget,channel.speed_kmh|feedback.budget_frac,10,0.2,1009,Proposed,1.5517340042020487,0.19396675052525608,0.22055079395283655,0.08480263157894737,192.0,0.008081947938552337,1.435203393523172,2.803648615132149,0.9760526315789474,0.25184210526315787
speed_budget,channel.speed_kmh|feedback.budget_frac,10,0.2,1009,Baseline,1.6926692893738422,0.21158366117173028,0.09919276514484207,0.12236842105263158,170.6442105263158,0.009919289287067892,1.2942681083513785,2.6572523563350314,0.9407894736842105,0.3332894736842105
speed_budget,channel.speed_kmh|feedback.budget_frac,10,0.2,1009,full_feedback,1.7673996904679317,0.22092496130849146,0.045512018393035515,0.2450657894736842,1024.0,0.0017259762602225895,1.2195377072572893,2.557612596908908,0.9389473684210526,1.0
speed_budget,channel.speed_kmh|feedback.budget_frac,10,0.3,1000,Exact,1.8817879066903478,0.23522348833629347,0.004865657017238712,0.06796052631578947,28.22736842105263,0.06666536811440299,1.1057472101197476,2.190044843758118,0.9486842105263158,0.06796052631578947
speed_budget,channel.speed_kmh|feedback.budget_frac,10,0.3,1000,Optimised,1.8050921452204292,0.22563651815255364,0.09947838437521563,0.09440789473684211,269.17052631578946,0.006706128527247089,1.1824429715896658,2.352056223022303,0.9486842105263158,0.33901315789473685
speed_budget,channel.speed_kmh|feedback.budget_frac,10,0.3,1000,Proposed,1.8004945495562215,0.22506181869452768,0.09450641064375899,0.07677631578947368,260.1431578947368,0.00692116819111101,1.1870405672538737,2.3604268743243164,0.9486842105263158,0.29907894736842106
speed_budget,channel.speed_kmh|feedback.budget_frac,10,0.3,1000,Baseline,1.7947669989903758,0.22434587487379698,0.07710109418950765,0.15092105263157896,256.0,0.007010808589806156,1.1927681178197196,2.3673717712819267,0.9486842105263158,0.5
speed_budget,channel.speed_kmh|feedback.budget_frac,10,0.3,1000,full_feedback,1.8500902725791606,0.23126128407239507,0.036320683889872224,0.20046052631578948,1024.0,0.0018067287818155865,1.137444844230935,2.2670584594599656,0.9486842105263158,1.0
speed_budget,channel.speed_kmh|feedback.budget_frac,10,0.3,1001,Exact,1.7788445110313014,0.22235556387891267,0.007286122791395037,0.08026315789473684,35.26736842105263,0.050438821796792516,1.2095176130059364,2.52096622664254,0.9555263157894737,0.08026315789473684
speed_budget,channel.speed_kmh|feedback.budget_frac,10,0.3,1001,Optimised,1.6682356130539402,0.20852945163174252,0.12487867075322287,0.11671052631578947,268.49684210526317,0.006213241094284136,1.3201265109832974,2.7277160376212373,0.9560526315789474,0.3385526315789474
speed_budget,channel.speed_kmh|feedback.budget_frac,10,0.3,1001,Proposed,1.676482223091267,0.20956027788640838,0.119570759216409,0.09539473684210527,259.50315789473683,0.006460353841903166,1.3118799009459705,2.7496946686220727,0.9560526315789474,0.29875
speed_budget,channel.speed_kmh|feedback.budget_frac,10,0.3,1001,Baseline,1.6742146647135054,0.20927683308918818,0.09851599242899256,0.18361842105263157,256.0,0.006539901034037131,1.3141474593237326,2.721053065073763,0.9568421052631579,0.5
speed_budget,channel.speed_kmh|feedback.budget_frac,10,0.3,1001,full_feedback,1.7372365067618163,0.21715456334522704,0.048569754050745435,0.2536842105263158,1024.0,0.0016965200261345862,1.251125617275421,2.616259779637906,0.9563157894736842,1.0
speed_budget,channel.speed_kmh|feedback.budget_frac,10,0.3,1002,Exact,1.753972585572501,0.21924657319656263,0.006344045043680103,0.08013157894736841,34.93052631578947,0.05021317370702375,1.2470338015584952,2.5352186161689034,0.9657894736842105,0.08013157894736841
speed_budget,channel.speed_kmh|feedback.budget_frac,10,0.3,1002,Optimised,1.6470199989940246,0.20587749987425308,0.11597292828814101,0.10855263157894737,268.6821052631579,0.006129995138235455,1.3539863881369714,2.773948969307335,0.9707894736842105,0.3383552631578947
speed_budget,channel.speed_kmh|feedback.budget_frac,10,0.3,1002,Proposed,1.652414546811561,0.20655181835144512,0.11764174575096724,0.09098684210526316,259.50315789473683,0.006367608626488606,1.348591840319435,2.72880379538049,0.9697368421052631,0.29927631578947367
speed_budget,channel.speed_kmh|feedback.budget_frac,10,0.3,1002,Baseline,1.6536843763044482,0.20671054703805603,0.08985992646261627,0.17703947368421052,256.0,0.006459704594939251,1.347322010826548,2.704902644234759,0.9707894736842105,0.5
speed_budget,channel.speed_kmh|feedback.budget_frac,10,0.3,1002,full_feedback,1.7135508871878309,0.21419386089847886,0.04229088705882845,0.24414473684210528,1024.0,0.001673389538269366,1.287455499943165,2.612148649465727,0.9671052631578947,1.0
speed_budget,channel.speed_kmh|feedback.budget_frac,10,0.3,1003,Exact,1.845748875287637,0.23071860941095462,0.004932120096836251,0.07296052631578948,32.18526315789474,0.057347639701833306,1.2142835544990915,2.358381487477661,0.9494736842105264,0.07296052631578948
speed_budget,channel.speed_kmh|feedback.budget_frac,10,0.3,1003,Optimised,1.745387573179827,0.21817344664747837,0.10716795166487186,0.10427631578947369,268.91789473684213,0.006490410669352553,1.3146448566069013,2.552925701045371,0.9494736842105264,0.3380921052631579
speed_budget,channel.speed_kmh|feedback.budget_frac,10,0.3,1003,Proposed,1.7528807584341897,0.2191100948042737,0.09852019647296793,0.08822368421052632,259.94105263157894,0.006743377933914087,1.3071516713525388,2.5707066987931224,0.9494736842105264,0.29848684210526316
speed_budget,channel.speed_kmh|feedback.budget_frac,10,0.3,1003,Baseline,1.7504840697553798,0.21881050871942248,0.08222357508216695,0.16052631578947368,256.0,0.0068378283974819525,1.3095483600313487,2.5302190658507415,0.95,0.5
speed_budget,channel.speed_kmh|feedback.budget_frac,10,0.3,1003,full_feedback,1.8092158193271644,0.22615197741589554,0.038901533594322045,0.22835526315789473,1024.0,0.001766812323561684,1.2508166104595642,2.436293428206183,0.9494736842105264,1.0
speed_budget,channel.speed_kmh|feedback.budget_frac,10,0.3,1004,Exact,1.8081452945930576,0.2260181618241322,0.005836264414778976,0.07697368421052632,33.58315789473684,0.05384083594105456,1.237096295754131,2.525080836695896,0.963421052631579,0.07697368421052632
speed_budget,channel.speed_kmh|feedback.budget_frac,10,0.3,1004,Optimised,1.7095864473756468,0.21369830592195585,0.11378650129932273,0.10921052631578948,268.88421052631577,0.006358076749948577,1.3356551429715418,2.73604254835484,0.9639473684210527,0.3381578947368421
speed_budget,channel.speed_kmh|feedback.budget_frac,10,0.3,1004,Proposed,1.7112488950315097,0.2139061118789387,0.11206726513960491,0.09098684210526316,259.6715789473684,0.006590050794039168,1.3339926953156789,2.7327939343655783,0.963421052631579,0.2995394736842105
speed_budget,channel.speed_kmh|feedback.budget_frac,10,0.3,1004,Baseline,1.701884494902113,0.21273556186276413,0.08899659935192517,0.17414473684210527,256.0,0.006647986308211379,1.3433570954450755,2.7327786166071637,0.9636842105263158,0.5
speed_budget,channel.speed_kmh|feedback.budget_frac,10,0.3,1004,full_feedback,1.7700369831418845,0.22125462289273556,0.04202675807349713,0.24243421052631578,1024.0,0.0017285517413494966,1.2752046072053043,2.5984576964765913,0.963421052631579,1.0
speed_budget,channel.speed_kmh|feedback.budget_frac,10,0.3,1005,Exact,1.6394872489088985,0.20493590611361232,0.006433171102196692,0.08414473684210526,37.10315789473684,0.04418726981569036,1.3132214682662458,2.58654576831602,0.9789473684210527,0.08414473684210526
speed_budget,channel.speed_kmh|feedback.budget_frac,10,0.3,1005,Optimised,1.5320903605539855,0.1915112950692482,0.12355149257230204,0.11875,268.26105263157893,0.005711191936080669,1.4206183566211592,2.8160551646745495,0.9802631578947368,0.3352631578947368
speed_budget,channel.speed_kmh|feedback.budget_frac,10,0.3,1005,Proposed,1.5293615241387124,0.19117019051733905,0.13473895110542916,0.09723684210526316,259.62105263157895,0.0058907454100380185,1.423347193036432,2.824311541276085,0.9810526315789474,0.2973026315789474
speed_budget,channel.speed_kmh|feedback.budget_frac,10,0.3,1005,Baseline,1.5358409080590165,0.19198011350737706,0.09636529474875015,0.1831578947368421,256.0,0.005999378547105533,1.4168678091161282,2.7744657557532384,0.9813157894736843,0.5
speed_budget,channel.speed_kmh|feedback.budget_frac,10,0.3,1005,full_feedback,1.59962015294413,0.19995251911801626,0.04715486943795671,0.2546052631578947,1024.0,0.001562129055609502,1.3530885642310146,2.6958735840828516,0.9792105263157894,1.0
speed_budget,channel.speed_kmh|feedback.budget_frac,10,0.3,1006,Exact,1.7765526753499163,0.22206908441873954,0.006010913185975491,0.07986842105263157,33.36421052631579,0.053247256486068296,1.2103550370746037,2.437418131520769,0.953421052631579,0.07986842105263157
speed_budget,channel.speed_kmh|feedback.budget_frac,10,0.3,1006,Optimised,1.680926897880398,0.21011586223504974,0.11438970573619754,0.11092105263157895,268.9347368421053,0.006250315290684407,1.3059808145441223,2.6453399645539006,0.9536842105263158,0.3367763157894737
speed_budget,channel.speed_kmh|feedback.budget_frac,10,0.3,1006,Proposed,1.6911720410203328,0.2113965051275416,0.10990082542223753,0.08907894736842105,259.62105263157895,0.0065140019419774415,1.2957356714041874,2.620725968745898,0.9536842105263158,0.29717105263157895
speed_budget,channel.speed_kmh|feedback.budget_frac,10,0.3,1006,Baseline,1.6813619809142901,0.21017024761428627,0.08561929676645566,0.16651315789473684,256.0,0.006567820237946446,1.30554573151023,2.623149880987956,0.9552631578947368,0.5
speed_budget,channel.speed_kmh|feedback.budget_frac,10,0.3,1006,full_feedback,1.7440370972358878,0.21800463715448598,0.0404566987669098,0.23125,1024.0,0.0017031612277694217,1.2428706151886322,2.509313041844696,0.953421052631579,1.0
speed_budget,channel.speed_kmh|feedback.budget_frac,10,0.3,1007,Exact,1.6997645330024485,0.21247056662530606,0.005827841354889257,0.07921052631578947,32.77473684210526,0.051862034505149215,1.2016203032751318,2.5980443493090655,0.9773684210526316,0.07921052631578947
speed_budget,channel.speed_kmh|feedback.budget_frac,10,0.3,1007,Optimised,1.6021490865352868,0.20026863581691084,0.11441842650899314,0.1130921052631579,268.48,0.005967480209085543,1.299235749742293,2.8070187981229027,0.9776315789473684,0.3368421052631579
speed_budget,channel.speed_kmh|feedback.budget_frac,10,0.3,1007,Proposed,1.6021476502242495,0.2002684562780312,0.11130795396551195,0.09348684210526316,259.73894736842107,0.006168299619508807,1.2992371860533307,2.7961177978466214,0.9776315789473684,0.2995394736842105
speed_budget,channel.speed_kmh|feedback.budget_frac,10,0.3,1007,Baseline,1.5950680188757131,0.19938350235946414,0.09020397352218269,0.17605263157894738,256.0,0.0062307344487332545,1.3063168174018676,2.8069618817224047,0.9786842105263158,0.5
speed_budget,channel.speed_kmh|feedback.budget_frac,10,0.3,1007,full_feedback,1.6554113812155828,0.20692642265194786,0.045034155321189095,0.2480921052631579,1024.0,0.0016166126769683426,1.2459734550619974,2.6950679513875744,0.9776315789473684,1.0
speed_budget,channel.speed_kmh|feedback.budget_frac,10,0.3,1008,Exact,1.7165488660197847,0.2145686082524731,0.006795286868522915,0.0825,36.36210526315789,0.047207081482132804,1.2725439189933585,2.6459881592014574,0.9739473684210527,0.0825
speed_budget,channel.speed_kmh|feedback.budget_frac,10,0.3,1008,Optimised,1.6150980995412638,0.20188726244265798,0.11864578469853343,0.11453947368421052,267.50315789473683,0.006037678628739064,1.3739946854718794,2.816640705372074,0.9742105263157895,0.3371710526315789
speed_budget,channel.speed_kmh|feedback.budget_frac,10,0.3,1008,Proposed,1.6154295996990005,0.20192869996237506,0.12105269854559887,0.09355263157894737,259.2,0.0062323672827893535,1.373663185314143,2.8539129845318865,0.9742105263157895,0.3005921052631579
speed_budget,channel.speed_kmh|feedback.budget_frac,10,0.3,1008,Baseline,1.6063540486749353,0.2007942560843669,0.09592486824705684,0.18203947368421053,256.0,0.006274820502636466,1.3827387363382078,2.8508976274457183,0.9742105263157895,0.5
speed_budget,channel.speed_kmh|feedback.budget_frac,10,0.3,1008,full_feedback,1.6732432414445757,0.20915540518057196,0.04555554618689625,0.2505921052631579,1024.0,0.0016340266029732185,1.3158495435685673,2.7378226255892466,0.9739473684210527,1.0
speed_budget,channel.speed_kmh|feedback.budget_frac,10,0.3,1009,Exact,1.8096091798250415,0.2262011474781302,0.00732611096345144,0.08144736842105263,34.89684210526316,0.05185595803673351,1.1773282179001794,2.475503393020694,0.9386842105263158,0.08144736842105263
speed_budget,channel.speed_kmh|feedback.budget_frac,10,0.3,1009,Optimised,1.691811853696542,0.21147648171206776,0.12539203080471664,0.11072368421052632,267.8905263157895,0.006315310500014597,1.2951255440286786,2.684824373073725,0.9426315789473684,0.33572368421052634
speed_budget,channel.speed_kmh|feedback.budget_frac,10,0.3,1009,Proposed,1.691591967577823,0.21144899594722788,0.1207972090054671,0.09,259.50315789473683,0.006518579509016955,1.2953454301473977,2.694474868303435,0.9402631578947368,0.2993421052631579
speed_budget,channel.speed_kmh|feedback.budget_frac,10,0.3,1009,Baseline,1.700114063325332,0.2125142579156665,0.0901693675768035,0.1726315789473684,256.0,0.006641070559864578,1.286823334399889,2.633900129668094,0.9413157894736842,0.5
speed_budget,channel.speed_kmh|feedback.budget_frac,10,0.3,1009,full_feedback,1.7673996904679317,0.22092496130849146,0.045512018393035515,0.2450657894736842,1024.0,0.0017259762602225895,1.2195377072572893,2.557612596908908,0.9389473684210526,1.0
speed_budget,channel.speed_kmh|feedback.budget_frac,10,0.5,1000,Exact,1.8817882661109115,0.23522353326386394,0.004863600408347439,0.06796052631578947,28.277894736842104,0.06654626462199843,1.1057468506991837,2.190044843758118,0.9486842105263158,0.06796052631578947
speed_budget,channel.speed_kmh|feedback.budget_frac,10,0.5,1000,Optimised,1.8258453005048805,0.22823066256311006,0.08284180017624494,0.12269736842105264,512.0,0.0035661041025485947,1.1616898163052145,2.310296393104709,0.9494736842105264,0.5302631578947369
speed_budget,channel.speed_kmh|feedback.budget_frac,10,0.5,1000,Proposed,1.809108902996397,0.22613861287454962,0.09003081121558068,0.1175657894736842,512.0,0.0035334158261648378,1.1784262138136985,2.3154039681360903,0.9486842105263158,0.519671052631579
speed_budget,channel.speed_kmh|feedback.budget_frac,10,0.5,1000,Baseline,1.800661201802337,0.2250826502252921,0.0715601183950736,0.2857236842105263,512.0,0.0035169164097701893,1.1868739150077583,2.3511454961085074,0.9489473684210527,1.0
speed_budget,channel.speed_kmh|feedback.budget_frac,10,0.5,1000,full_feedback,1.8500902725791606,0.23126128407239507,0.036320683889872224,0.20046052631578948,1024.0,0.0018067287818155865,1.137444844230935,2.2670584594599656,0.9486842105263158,1.0
speed_budget,channel.speed_kmh|feedback.budget_frac,10,0.5,1001,Exact,1.7788451545930457,0.2223556443241307,0.00722694841551445,0.08032894736842106,35.351578947368424,0.05031869035443644,1.209516969444192,2.52096622664254,0.9555263157894737,0.08032894736842106
speed_budget,channel.speed_kmh|feedback.budget_frac,10,0.5,1001,Optimised,1.6965254471558049,0.2120656808944756,0.10195324646472799,0.15203947368421053,512.0,0.0033135262639761814,1.291836676881433,2.6827063345140325,0.9560526315789474,0.5354605263157894
speed_budget,channel.speed_kmh|feedback.budget_frac,10,0.5,1001,Proposed,1.7110187796919285,0.21387734746149106,0.08946256775380967,0.15125,512.0,0.003341833554085798,1.277343344345309,2.6772621382698567,0.9573684210526315,0.5252631578947369
speed_budget,channel.speed_kmh|feedback.budget_frac,10,0.5,1001,Baseline,1.6822621315648083,0.21028276644560104,0.09213166543318442,0.3517105263157895,512.0,0.0032856682257125162,1.3060999924724292,2.699877392341844,0.9578947368421052,1.0
speed_budget,channel.speed_kmh|feedback.budget_frac,10,0.5,1001,full_feedback,1.7372365067618163,0.21715456334522704,0.048569754050745435,0.2536842105263158,1024.0,0.0016965200261345862,1.251125617275421,2.616259779637906,0.9563157894736842,1.0
speed_budget,channel.speed_kmh|feedback.budget_frac,10,0.5,1002,Exact,1.753972585572501,0.21924657319656263,0.006344045043680103,0.08013157894736841,34.93052631578947,0.05021317370702375,1.2470338015584952,2.5352186161689034,0.9657894736842105,0.08013157894736841
speed_budget,channel.speed_kmh|feedback.budget_frac,10,0.5,1002,Optimised,1.6723347872463727,0.2090418484057966,0.09834959528181371,0.1423684210526316,512.0,0.0032662788813405718,1.328671599884623,2.6741676669221297,0.9671052631578947,0.5333552631578947
speed_budget,channel.speed_kmh|feedback.budget_frac,10,0.5,1002,Proposed,1.669878063398359,0.20873475792479487,0.09609876336707293,0.1419078947368421,512.0,0.00326148059257492,1.331128323732637,2.734493389665169,0.9671052631578947,0.5232236842105263
speed_budget,channel.speed_kmh|feedback.budget_frac,10,0.5,1002,Baseline,1.661460644399808,0.207682580549976,0.0831619140889192,0.33875,512.0,0.003245040321093375,1.339545742731188,2.6946793979439754,0.9689473684210527,1.0
speed_budget,channel.speed_kmh|feedback.budget_frac,10,0.5,1002,full_feedback,1.7135508871878309,0.21419386089847886,0.04229088705882845,0.24414473684210528,1024.0,0.001673389538269366,1.287455499943165,2.612148649465727,0.9671052631578947,1.0
speed_budget,channel.speed_kmh|feedback.budget_frac,10,0.5,1003,Exact,1.845748875287637,0.23071860941095462,0.004932120096836251,0.07296052631578948,32.18526315789474,0.057347639701833306,1.2142835544990915,2.358381487477661,0.9494736842105264,0.07296052631578948
speed_budget,channel.speed_kmh|feedback.budget_frac,10,0.5,1003,Optimised,1.7410729223936037,0.21763411529920046,0.0912452800426703,0.1394736842105263,512.0,0.003400533051550007,1.3189595073931248,2.5372828868800283,0.98,0.5294736842105263
speed_budget,channel.speed_kmh|feedback.budget_frac,10,0.5,1003,Proposed,1.7760856373635896,0.2220107046704487,0.07357158919315453,0.13105263157894737,512.0,0.003468917260475761,1.283946792423139,2.5218756316237174,0.9494736842105264,0.5203289473684211
speed_budget,channel.speed_kmh|feedback.budget_frac,10,0.5,1003,Baseline,1.7588748719917382,0.21985935899896727,0.07698739508682458,0.31605263157894736,512.0,0.0034353024843588637,1.30115755779499,2.517243179405074,0.9497368421052632,1.0
speed_budget,channel.speed_kmh|feedback.budget_frac,10,0.5,1003,full_feedback,1.8092158193271644,0.22615197741589554,0.038901533594322045,0.22835526315789473,1024.0,0.001766812323561684,1.2508166104595642,2.436293428206183,0.9494736842105264,1.0
speed_budget,channel.speed_kmh|feedback.budget_frac,10,0.5,1004,Exact,1.8081556955049736,0.2260194619381217,0.005799551737998311,0.07710526315789473,33.68421052631579,0.0536796222103039,1.2370858948422148,2.525080836695896,0.963421052631579,0.07710526315789473
speed_budget,channel.speed_kmh|feedback.budget_frac,10,0.5,1004,Optimised,1.7352376186134268,0.21690470232667836,0.08752228880491238,0.1398684210526316,512.0,0.0033891359738543493,1.3100039717337617,2.6566358301558974,0.963421052631579,0.532828947368421
speed_budget,channel.speed_kmh|feedback.budget_frac,10,0.5,1004,Proposed,1.7170969593994683,0.21463711992493353,0.0937460917644527,0.13539473684210526,512.0,0.0033537049988270865,1.3281446309477207,2.6681589547325815,0.9715789473684211,0.5218421052631579
speed_budget,channel.speed_kmh|feedback.budget_frac,10,0.5,1004,Baseline,1.7102890136202167,0.21378612670252709,0.08441946055774331,0.3431578947368421,512.0,0.0033404082297269857,1.3349525767269717,2.7028259103178836,0.9642105263157895,1.0
speed_budget,channel.speed_kmh|feedback.budget_frac,10,0.5,1004,full_feedback,1.7700369831418845,0.22125462289273556,0.04202675807349713,0.24243421052631578,1024.0,0.0017285517413494966,1.2752046072053043,2.5984576964765913,0.963421052631579,1.0
speed_budget,channel.speed_kmh|feedback.budget_frac,10,0.5,1005,Exact,1.6394872489088985,0.20493590611361232,0.006433171102196692,0.08414473684210526,37.10315789473684,0.04418726981569036,1.3132214682662458,2.58654576831602,0.9789473684210527,0.08414473684210526
speed_budget,channel.speed_kmh|feedback.budget_frac,10,0.5,1005,Optimised,1.572622530053116,0.1965778162566395,0.10013363104687639,0.15526315789473685,512.0,0.0030715283790099922,1.3800861871220285,2.7209210920754163,0.9794736842105263,0.5310526315789473
speed_budget,channel.speed_kmh|feedback.budget_frac,10,0.5,1005,Proposed,1.5686523276647242,0.19608154095809052,0.09701637701581245,0.15085526315789474,512.0,0.0030637740774701644,1.3840563895104203,2.7494497054845946,0.9810526315789474,0.5229605263157895
speed_budget,channel.speed_kmh|feedback.budget_frac,10,0.5,1005,Baseline,1.5454443899981483,0.19318054874976853,0.09101416172889126,0.35388157894736844,512.0,0.0030184460742151333,1.4072643271769965,2.7713208533603186,0.9805263157894737,1.0
speed_budget,channel.speed_kmh|feedback.budget_frac,10,0.5,1005,full_feedback,1.59962015294413,0.19995251911801626,0.04715486943795671,0.2546052631578947,1024.0,0.001562129055609502,1.3530885642310146,2.6958735840828516,0.9792105263157894,1.0
speed_budget,channel.speed_kmh|feedback.budget_frac,10,0.5,1006,Exact,1.7765526753499163,0.22206908441873954,0.006010913185975491,0.07986842105263157,33.36421052631579,0.053247256486068296,1.2103550370746037,2.437418131520769,0.953421052631579,0.07986842105263157
speed_budget,channel.speed_kmh|feedback.budget_frac,10,0.5,1006,Optimised,1.6757924612187893,0.20947405765234867,0.10770795080627,0.1394078947368421,512.0,0.003273032150817948,1.3111152512057307,2.639687500420558,0.9752631578947368,0.530921052631579
speed_budget,channel.speed_kmh|feedback.budget_frac,10,0.5,1006,Proposed,1.7254889390423398,0.21568611738029247,0.08084800607523088,0.1349342105263158,512.0,0.00337009558406707,1.2614187733821802,2.546341225628249,0.953421052631579,0.5227631578947368
speed_budget,channel.speed_kmh|feedback.budget_frac,10,0.5,1006,Baseline,1.6903173720144413,0.21128967150180517,0.08025420353179737,0.3207894736842105,512.0,0.0033014011172157057,1.2965903404100787,2.618798396740863,0.9544736842105264,1.0
speed_budget,channel.speed_kmh|feedback.budget_frac,10,0.5,1006,full_feedback,1.7440370972358878,0.21800463715448598,0.0404566987669098,0.23125,1024.0,0.0017031612277694217,1.2428706151886322,2.509313041844696,0.953421052631579,1.0
speed_budget,channel.speed_kmh|feedback.budget_frac,10,0.5,1007,Exact,1.6997709449145755,0.21247136811432193,0.00581622745746432,0.07921052631578947,32.757894736842104,0.051888894526633894,1.2016138913630048,2.5980443493090655,0.9773684210526316,0.07921052631578947
speed_budget,channel.speed_kmh|feedback.budget_frac,10,0.5,1007,Optimised,1.619499579084358,0.20243744738554476,0.10582110477335321,0.15289473684210525,512.0,0.003163085115399137,1.2818852571932222,2.766405270463489,0.9776315789473684,0.5336184210526316
speed_budget,channel.speed_kmh|feedback.budget_frac,10,0.5,1007,Proposed,1.6167464335616315,0.20209330419520394,0.11132935770684382,0.1442763157894737,512.0,0.0031577078780500615,1.2846384027159488,2.767909610661672,0.9776315789473684,0.5217105263157895
speed_budget,channel.speed_kmh|feedback.budget_frac,10,0.5,1007,Baseline,1.6001776585110354,0.20002220731387943,0.08604659751483412,0.35,512.0,0.003125346989279366,1.3012071777665446,2.7897398800872066,0.978421052631579,1.0
speed_budget,channel.speed_kmh|feedback.budget_frac,10,0.5,1007,full_feedback,1.6554113812155828,0.20692642265194786,0.045034155321189095,0.2480921052631579,1024.0,0.0016166126769683426,1.2459734550619974,2.6950679513875744,0.9776315789473684,1.0
speed_budget,channel.speed_kmh|feedback.budget_frac,10,0.5,1008,Exact,1.7165488660197847,0.2145686082524731,0.006795286868522915,0.0825,36.36210526315789,0.047207081482132804,1.2725439189933585,2.6459881592014574,0.9739473684210527,0.0825
speed_budget,channel.speed_kmh|feedback.budget_frac,10,0.5,1008,Optimised,1.6394868279959685,0.20493585349949606,0.10099987010618279,0.14710526315789474,512.0,0.003202122710929626,1.349605957017175,2.802966598868841,0.9755263157894737,0.5344078947368421
speed_budget,channel.speed_kmh|feedback.budget_frac,10,0.5,1008,Proposed,1.648975329658647,0.20612191620733086,0.08716764850358709,0.14592105263157895,512.0,0.0032206549407395447,1.3401174553544963,2.765886921010608,0.9768421052631578,0.5236842105263158
speed_budget,channel.speed_kmh|feedback.budget_frac,10,0.5,1008,Baseline,1.6172771517991498,0.20215964397489372,0.08778607338607249,0.34782894736842107,512.0,0.0031587444371077144,1.3718156332139935,2.8328267832220955,0.9742105263157895,1.0
speed_budget,channel.speed_kmh|feedback.budget_frac,10,0.5,1008,full_feedback,1.6732432414445757,0.20915540518057196,0.04555554618689625,0.2505921052631579,1024.0,0.0016340266029732185,1.3158495435685673,2.7378226255892466,0.9739473684210527,1.0
speed_budget,channel.speed_kmh|feedback.budget_frac,10,0.5,1009,Exact,1.8096096663686325,0.22620120829607906,0.007263303043175719,0.08144736842105263,34.89684210526316,0.05185597197907217,1.1773277313565882,2.475503393020694,0.9386842105263158,0.08144736842105263
speed_budget,channel.speed_kmh|feedback.budget_frac,10,0.5,1009,Optimised,1.7275698103702368,0.2159462262962796,0.08454932172495842,0.1442763157894737,512.0,0.003374159785879369,1.259367587354984,2.647051413327374,0.9405263157894737,0.5355921052631579
speed_budget,channel.speed_kmh|feedback.budget_frac,10,0.5,1009,Proposed,1.737766102074863,0.21722076275935787,0.0868450632378437,0.1369736842105263,512.0,0.0033940744181149667,1.249171295650358,2.5946640001760093,0.9405263157894737,0.5242763157894736
speed_budget,channel.speed_kmh|feedback.budget_frac,10,0.5,1009,Baseline,1.7112118023823062,0.21390147529778827,0.08631069506553675,0.3413157894736842,512.0,0.0033422105515279418,1.2757255953429145,2.6176150779636367,0.9413157894736842,1.0
speed_budget,channel.speed_kmh|feedback.budget_frac,10,0.5,1009,full_feedback,1.7673996904679317,0.22092496130849146,0.045512018393035515,0.2450657894736842,1024.0,0.0017259762602225895,1.2195377072572893,2.557612596908908,0.9389473684210526,1.0
speed_budget,channel.speed_kmh|feedback.budget_frac,10,0.75,1000,Exact,1.8817882661109115,0.23522353326386394,0.004863600408347439,0.06796052631578947,28.277894736842104,0.06654626462199843,1.1057468506991837,2.190044843758118,0.9486842105263158,0.06796052631578947
speed_budget,channel.speed_kmh|feedback.budget_frac,10,0.75,1000,Optimised,1.8454787043439698,0.23068483804299622,0.055113483415725896,0.1669736842105263,768.0,0.002402967062947877,1.1420564124661254,2.267588433870784,0.9486842105263158,0.7676315789473684
speed_budget,channel.speed_kmh|feedback.budget_frac,10,0.75,1000,Proposed,1.8470223102609686,0.23087778878262108,0.053301043346453934,0.16546052631578947,768.0,0.0024049769664856364,1.1405128065491263,2.2702158038083615,0.9486842105263158,0.7632894736842105
speed_budget,channel.speed_kmh|feedback.budget_frac,10,0.75,1000,Baseline,1.800661201802337,0.2250826502252921,0.0715601183950736,0.2857236842105263,512.0,0.0035169164097701893,1.1868739150077583,2.3511454961085074,0.9489473684210527,1.0
speed_budget,channel.speed_kmh|feedback.budget_frac,10,0.75,1000,full_feedback,1.8500902725791606,0.23126128407239507,0.036320683889872224,0.20046052631578948,1024.0,0.0018067287818155865,1.137444844230935,2.2670584594599656,0.9486842105263158,1.0
speed_budget,channel.speed_kmh|feedback.budget_frac,10,0.75,1001,Exact,1.7788451545930457,0.2223556443241307,0.00722694841551445,0.08032894736842106,35.351578947368424,0.05031869035443644,1.209516969444192,2.52096622664254,0.9555263157894737,0.08032894736842106
speed_budget,channel.speed_kmh|feedback.budget_frac,10,0.75,1001,Optimised,1.7305537007667489,0.2163192125958436,0.06413860231886401,0.20967105263157895,768.0,0.0022533251312067044,1.2578084232704887,2.6237148627409783,0.9565789473684211,0.7728947368421053
speed_budget,channel.speed_kmh|feedback.budget_frac,10,0.75,1001,Proposed,1.7307576064404875,0.21634470080506094,0.06581608751029133,0.2061184210526316,768.0,0.0022535906333860513,1.2576045175967503,2.622981006346001,0.9565789473684211,0.765328947368421
speed_budget,channel.speed_kmh|feedback.budget_frac,10,0.75,1001,Baseline,1.6822621315648083,0.21028276644560104,0.09213166543318442,0.3517105263157895,512.0,0.0032856682257125162,1.3060999924724292,2.699877392341844,0.9578947368421052,1.0
speed_budget,channel.speed_kmh|feedback.budget_frac,10,0.75,1001,full_feedback,1.7372365067618163,0.21715456334522704,0.048569754050745435,0.2536842105263158,1024.0,0.0016965200261345862,1.251125617275421,2.616259779637906,0.9563157894736842,1.0
speed_budget,channel.speed_kmh|feedback.budget_frac,10,0.75,1002,Exact,1.753972585572501,0.21924657319656263,0.006344045043680103,0.08013157894736841,34.93052631578947,0.05021317370702375,1.2470338015584952,2.5352186161689034,0.9657894736842105,0.08013157894736841
speed_budget,channel.speed_kmh|feedback.budget_frac,10,0.75,1002,Optimised,1.7054756324077491,0.21318445405096864,0.06081280910663286,0.19901315789473684,768.0,0.0022206713963642565,1.295530754723247,2.6342797897022696,0.9671052631578947,0.7708552631578948
speed_budget,channel.speed_kmh|feedback.budget_frac,10,0.75,1002,Proposed,1.7057905629703534,0.21322382037129417,0.05916281846324427,0.19605263157894737,768.0,0.002221081462200981,1.2952158241606428,2.6330587506146537,0.9671052631578947,0.7630921052631578
speed_budget,channel.speed_kmh|feedback.budget_frac,10,0.75,1002,Baseline,1.661460644399808,0.207682580549976,0.0831619140889192,0.33875,512.0,0.003245040321093375,1.339545742731188,2.6946793979439754,0.9689473684210527,1.0
speed_budget,channel.speed_kmh|feedback.budget_frac,10,0.75,1002,full_feedback,1.7135508871878309,0.21419386089847886,0.04229088705882845,0.24414473684210528,1024.0,0.001673389538269366,1.287455499943165,2.612148649465727,0.9671052631578947,1.0
speed_budget,channel.speed_kmh|feedback.budget_frac,10,0.75,1003,Exact,1.845748875287637,0.23071860941095462,0.004932120096836251,0.07296052631578948,32.18526315789474,0.057347639701833306,1.2142835544990915,2.358381487477661,0.9494736842105264,0.07296052631578948
speed_budget,channel.speed_kmh|feedback.budget_frac,10,0.75,1003,Optimised,1.8025008290888134,0.22531260363610167,0.05369045439694371,0.19473684210526315,768.0,0.002347006287876059,1.2575316006979154,2.455892739013822,0.9494736842105264,0.7698026315789473
speed_budget,channel.speed_kmh|feedback.budget_frac,10,0.75,1003,Proposed,1.8033870052541427,0.22542337565676784,0.05204163221062807,0.19078947368421054,768.0,0.002348160163091332,1.2566454245325855,2.454312772096098,0.9494736842105264,0.7625657894736843
speed_budget,channel.speed_kmh|feedback.budget_frac,10,0.75,1003,Baseline,1.7588748719917382,0.21985935899896727,0.07698739508682458,0.31605263157894736,512.0,0.0034353024843588637,1.30115755779499,2.517243179405074,0.9497368421052632,1.0
speed_budget,channel.speed_kmh|feedback.budget_frac,10,0.75,1003,full_feedback,1.8092158193271644,0.22615197741589554,0.038901533594322045,0.22835526315789473,1024.0,0.001766812323561684,1.2508166104595642,2.436293428206183,0.9494736842105264,1.0
speed_budget,channel.speed_kmh|feedback.budget_frac,10,0.75,1004,Exact,1.8081556955049736,0.2260194619381217,0.005799551737998311,0.07710526315789473,33.68421052631579,0.0536796222103039,1.2370858948422148,2.525080836695896,0.963421052631579,0.07710526315789473
speed_budget,channel.speed_kmh|feedback.budget_frac,10,0.75,1004,Optimised,1.76430838299969,0.22053854787496124,0.05875399101862739,0.19973684210526316,768.0,0.0022972765403641796,1.2809332073474986,2.6072554074153977,0.963421052631579,0.7697368421052632
speed_budget,channel.speed_kmh|feedback.budget_frac,10,0.75,1004,Proposed,1.766043789529068,0.2207554736911335,0.06176651534876483,0.19651315789473683,768.0,0.0022995361842826404,1.2791978008181204,2.6052063769561085,0.963421052631579,0.763421052631579
speed_budget,channel.speed_kmh|feedback.budget_frac,10,0.75,1004,Baseline,1.7102890136202167,0.21378612670252709,0.08441946055774331,0.3431578947368421,512.0,0.0033404082297269857,1.3349525767269717,2.7028259103178836,0.9642105263157895,1.0
speed_budget,channel.speed_kmh|feedback.budget_frac,10,0.75,1004,full_feedback,1.7700369831418845,0.22125462289273556,0.04202675807349713,0.24243421052631578,1024.0,0.0017285517413494966,1.2752046072053043,2.5984576964765913,0.963421052631579,1.0
speed_budget,channel.speed_kmh|feedback.budget_frac,10,0.75,1005,Exact,1.6394872489088985,0.20493590611361232,0.006433171102196692,0.08414473684210526,37.10315789473684,0.04418726981569036,1.3132214682662458,2.58654576831602,0.9789473684210527,0.08414473684210526
speed_budget,channel.speed_kmh|feedback.budget_frac,10,0.75,1005,Optimised,1.594244583305545,0.19928057291319312,0.07015070420032232,0.20934210526315788,768.0,0.002075839301179095,1.3584641338695995,2.696671747495968,0.9789473684210527,0.7697368421052632
speed_budget,channel.speed_kmh|feedback.budget_frac,10,0.75,1005,Proposed,1.5972755528194862,0.19965944410243577,0.062271896373120646,0.2050657894736842,768.0,0.0020797858760670395,1.3554331643556585,2.703441946978334,0.9789473684210527,0.7625657894736843
speed_budget,channel.speed_kmh|feedback.budget_frac,10,0.75,1005,Baseline,1.5454443899981483,0.19318054874976853,0.09101416172889126,0.35388157894736844,512.0,0.0030184460742151333,1.4072643271769965,2.7713208533603186,0.9805263157894737,1.0
speed_budget,channel.speed_kmh|feedback.budget_frac,10,0.75,1005,full_feedback,1.59962015294413,0.19995251911801626,0.04715486943795671,0.2546052631578947,1024.0,0.001562129055609502,1.3530885642310146,2.6958735840828516,0.9792105263157894,1.0
speed_budget,channel.speed_kmh|feedback.budget_frac,10,0.75,1006,Exact,1.7765526753499163,0.22206908441873954,0.006010913185975491,0.07986842105263157,33.36421052631579,0.053247256486068296,1.2103550370746037,2.437418131520769,0.953421052631579,0.07986842105263157
speed_budget,channel.speed_kmh|feedback.budget_frac,10,0.75,1006,Optimised,1.739433068639918,0.21742913357998975,0.05458122245396235,0.19006578947368422,768.0,0.002264886808124893,1.2474746437846023,2.513828258410453,0.953421052631579,0.7695394736842105
speed_budget,channel.speed_kmh|feedback.budget_frac,10,0.75,1006,Proposed,1.7403355203286903,0.2175419400410863,0.05587897024526221,0.1875,768.0,0.002266061875427982,1.2465721920958297,2.519802877646168,0.953421052631579,0.7628289473684211
speed_budget,channel.speed_kmh|feedback.budget_frac,10,0.75,1006,Baseline,1.6903173720144413,0.21128967150180517,0.08025420353179737,0.3207894736842105,512.0,0.0033014011172157057,1.2965903404100787,2.618798396740863,0.9544736842105264,1.0
speed_budget,channel.speed_kmh|feedback.budget_frac,10,0.75,1006,full_feedback,1.7440370972358878,0.21800463715448598,0.0404566987669098,0.23125,1024.0,0.0017031612277694217,1.2428706151886322,2.509313041844696,0.953421052631579,1.0
speed_budget,channel.speed_kmh|feedback.budget_frac,10,0.75,1007,Exact,1.6997709449145755,0.21247136811432193,0.00581622745746432,0.07921052631578947,32.757894736842104,0.051888894526633894,1.2016138913630048,2.5980443493090655,0.9773684210526316,0.07921052631578947
speed_budget,channel.speed_kmh|feedback.budget_frac,10,0.75,1007,Optimised,1.6495267923276102,0.20619084904095128,0.06441571743992382,0.2042763157894737,768.0,0.002147821344176576,1.25185804394997,2.715084710312845,0.9776315789473684,0.7703289473684211
speed_budget,channel.speed_kmh|feedback.budget_frac,10,0.75,1007,Proposed,1.6464224678348496,0.2058028084793562,0.06896008446179737,0.2024342105263158,768.0,0.0021437792549932936,1.2549623684427307,2.7220565394409957,0.9776315789473684,0.7634868421052632
speed_budget,channel.speed_kmh|feedback.budget_frac,10,0.75,1007,Baseline,1.6001776585110354,0.20002220731387943,0.08604659751483412,0.35,512.0,0.003125346989279366,1.3012071777665446,2.7897398800872066,0.978421052631579,1.0
speed_budget,channel.speed_kmh|feedback.budget_frac,10,0.75,1007,full_feedback,1.6554113812155828,0.20692642265194786,0.045034155321189095,0.2480921052631579,1024.0,0.0016166126769683426,1.2459734550619974,2.6950679513875744,0.9776315789473684,1.0
speed_budget,channel.speed_kmh|feedback.budget_frac,10,0.75,1008,Exact,1.7165488660197847,0.2145686082524731,0.006795286868522915,0.0825,36.36210526315789,0.047207081482132804,1.2725439189933585,2.6459881592014574,0.9739473684210527,0.0825
speed_budget,channel.speed_kmh|feedback.budget_frac,10,0.75,1008,Optimised,1.6578094370954721,0.20722617963693402,0.0719330274937844,0.20638157894736842,768.0,0.002158606037884729,1.3312833479176711,2.780577905998047,0.9744736842105263,0.769671052631579
speed_budget,channel.speed_kmh|feedback.budget_frac,10,0.75,1008,Proposed,1.6663207925149628,0.20829009906437035,0.06312376010647894,0.20098684210526316,768.0,0.0021696885319205245,1.3227719924981807,2.744340198110932,0.9742105263157895,0.7619078947368421
speed_budget,channel.speed_kmh|feedback.budget_frac,10,0.75,1008,Baseline,1.6172771517991498,0.20215964397489372,0.08778607338607249,0.34782894736842107,512.0,0.0031587444371077144,1.3718156332139935,2.8328267832220955,0.9742105263157895,1.0
speed_budget,channel.speed_kmh|feedback.budget_frac,10,0.75,1008,full_feedback,1.6732432414445757,0.20915540518057196,0.04555554618689625,0.2505921052631579,1024.0,0.0016340266029732185,1.3158495435685673,2.7378226255892466,0.9739473684210527,1.0
speed_budget,channel.speed_kmh|feedback.budget_frac,10,0.75,1009,Exact,1.8096096663686325,0.22620120829607906,0.007263303043175719,0.08144736842105263,34.89684210526316,0.05185597197907217,1.1773277313565882,2.475503393020694,0.9386842105263158,0.08144736842105263
speed_budget,channel.speed_kmh|feedback.budget_frac,10,0.75,1009,Optimised,1.7581294600548512,0.2197661825068564,0.06517356718348989,0.20375,768.0,0.002289231067779754,1.2288079376703693,2.5816064514477124,0.9389473684210526,0.7707236842105263
speed_budget,channel.speed_kmh|feedback.budget_frac,10,0.75,1009,Proposed,1.7595016187156605,0.21993770233945756,0.06620417716986667,0.19980263157894737,768.0,0.002291017732702683,1.2274357790095607,2.580346372386309,0.9389473684210526,0.7616447368421052
speed_budget,channel.speed_kmh|feedback.budget_frac,10,0.75,1009,Baseline,1.7112118023823062,0.21390147529778827,0.08631069506553675,0.3413157894736842,512.0,0.0033422105515279418,1.2757255953429145,2.6176150779636367,0.9413157894736842,1.0
speed_budget,channel.speed_kmh|feedback.budget_frac,10,0.75,1009,full_feedback,1.7673996904679317,0.22092496130849146,0.045512018393035515,0.2450657894736842,1024.0,0.0017259762602225895,1.2195377072572893,2.557612596908908,0.9389473684210526,1.0
speed_budget,channel.speed_kmh|feedback.budget_frac,10,1.0,1000,Exact,1.8817882661109115,0.23522353326386394,0.004863600408347439,0.06796052631578947,28.277894736842104,0.06654626462199843,1.1057468506991837,2.190044843758118,0.9486842105263158,0.06796052631578947
speed_budget,channel.speed_kmh|feedback.budget_frac,10,1.0,1000,Optimised,1.8500902725791606,0.23126128407239507,0.036320683889872224,0.20046052631578948,1024.0,0.0018067287818155865,1.137444844230935,2.2670584594599656,0.9486842105263158,1.0
speed_budget,channel.speed_kmh|feedback.budget_frac,10,1.0,1000,Proposed,1.8500902725791606,0.23126128407239507,0.036320683889872224,0.20046052631578948,1024.0,0.0018067287818155865,1.137444844230935,2.2670584594599656,0.9486842105263158,1.0
speed_budget,channel.speed_kmh|feedback.budget_frac,10,1.0,1000,Baseline,1.800661201802337,0.2250826502252921,0.0715601183950736,0.2857236842105263,512.0,0.0035169164097701893,1.1868739150077583,2.3511454961085074,0.9489473684210527,1.0
speed_budget,channel.speed_kmh|feedback.budget_frac,10,1.0,1000,full_feedback,1.8500902725791606,0.23126128407239507,0.036320683889872224,0.20046052631578948,1024.0,0.0018067287818155865,1.137444844230935,2.2670584594599656,0.9486842105263158,1.0
speed_budget,channel.speed_kmh|feedback.budget_frac,10,1.0,1001,Exact,1.7788451545930457,0.2223556443241307,0.00722694841551445,0.08032894736842106,35.351578947368424,0.05031869035443644,1.209516969444192,2.52096622664254,0.9555263157894737,0.08032894736842106
speed_budget,channel.speed_kmh|feedback.budget_frac,10,1.0,1001,Optimised,1.7372365067618163,0.21715456334522704,0.048569754050745435,0.2536842105263158,1024.0,0.0016965200261345862,1.251125617275421,2.616259779637906,0.9563157894736842,1.0
speed_budget,channel.speed_kmh|feedback.budget_frac,10,1.0,1001,Proposed,1.7372365067618163,0.21715456334522704,0.048569754050745435,0.2536842105263158,1024.0,0.0016965200261345862,1.251125617275421,2.616259779637906,0.9563157894736842,1.0
speed_budget,channel.speed_kmh|feedback.budget_frac,10,1.0,1001,Baseline,1.6822621315648083,0.21028276644560104,0.09213166543318442,0.3517105263157895,512.0,0.0032856682257125162,1.3060999924724292,2.699877392341844,0.9578947368421052,1.0
speed_budget,channel.speed_kmh|feedback.budget_frac,10,1.0,1001,full_feedback,1.7372365067618163,0.21715456334522704,0.048569754050745435,0.2536842105263158,1024.0,0.0016965200261345862,1.251125617275421,2.616259779637906,0.9563157894736842,1.0
speed_budget,channel.speed_kmh|feedback.budget_frac,10,1.0,1002,Exact,1.753972585572501,0.21924657319656263,0.006344045043680103,0.08013157894736841,34.93052631578947,0.05021317370702375,1.2470338015584952,2.5352186161689034,0.9657894736842105,0.08013157894736841
speed_budget,channel.speed_kmh|feedback.budget_frac,10,1.0,1002,Optimised,1.7135508871878309,0.21419386089847886,0.04229088705882845,0.24414473684210528,1024.0,0.001673389538269366,1.287455499943165,2.612148649465727,0.9671052631578947,1.0
speed_budget,channel.speed_kmh|feedback.budget_frac,10,1.0,1002,Proposed,1.7135508871878309,0.21419386089847886,0.04229088705882845,0.24414473684210528,1024.0,0.001673389538269366,1.287455499943165,2.612148649465727,0.9671052631578947,1.0
speed_budget,channel.speed_kmh|feedback.budget_frac,10,1.0,1002,Baseline,1.661460644399808,0.207682580549976,0.0831619140889192,0.33875,512.0,0.003245040321093375,1.339545742731188,2.6946793979439754,0.9689473684210527,1.0
speed_budget,channel.speed_kmh|feedback.budget_frac,10,1.0,1002,full_feedback,1.7135508871878309,0.21419386089847886,0.04229088705882845,0.24414473684210528,1024.0,0.001673389538269366,1.287455499943165,2.612148649465727,0.9671052631578947,1.0
speed_budget,channel.speed_kmh|feedback.budget_frac,10,1.0,1003,Exact,1.845748875287637,0.23071860941095462,0.004932120096836251,0.07296052631578948,32.18526315789474,0.057347639701833306,1.2142835544990915,2.358381487477661,0.9494736842105264,0.07296052631578948
speed_budget,channel.speed_kmh|feedback.budget_frac,10,1.0,1003,Optimised,1.8092158193271644,0.22615197741589554,0.038901533594322045,0.22835526315789473,1024.0,0.001766812323561684,1.2508166104595642,2.436293428206183,0.9494736842105264,1.0
speed_budget,channel.speed_kmh|feedback.budget_frac,10,1.0,1003,Proposed,1.8092158193271644,0.22615197741589554,0.038901533594322045,0.22835526315789473,1024.0,0.001766812323561684,1.2508166104595642,2.436293428206183,0.9494736842105264,1.0
speed_budget,channel.speed_kmh|feedback.budget_frac,10,1.0,1003,Baseline,1.7588748719917382,0.21985935899896727,0.07698739508682458,0.31605263157894736,512.0,0.0034353024843588637,1.30115755779499,2.517243179405074,0.9497368421052632,1.0
speed_budget,channel.speed_kmh|feedback.budget_frac,10,1.0,1003,full_feedback,1.8092158193271644,0.22615197741589554,0.038901533594322045,0.22835526315789473,1024.0,0.001766812323561684,1.2508166104595642,2.436293428206183,0.9494736842105264,1.0
speed_budget,channel.speed_kmh|feedback.budget_frac,10,1.0,1004,Exact,1.8081556955049736,0.2260194619381217,0.005799551737998311,0.07710526315789473,33.68421052631579,0.0536796222103039,1.2370858948422148,2.525080836695896,0.963421052631579,0.07710526315789473
speed_budget,channel.speed_kmh|feedback.budget_frac,10,1.0,1004,Optimised,1.7700369831418845,0.22125462289273556,0.04202675807349713,0.24243421052631578,1024.0,0.0017285517413494966,1.2752046072053043,2.5984576964765913,0.963421052631579,1.0
speed_budget,channel.speed_kmh|feedback.budget_frac,10,1.0,1004,Proposed,1.7700369831418845,0.22125462289273556,0.04202675807349713,0.24243421052631578,1024.0,0.0017285517413494966,1.2752046072053043,2.5984576964765913,0.963421052631579,1.0
speed_budget,channel.speed_kmh|feedback.budget_frac,10,1.0,1004,Baseline,1.7102890136202167,0.21378612670252709,0.08441946055774331,0.3431578947368421,512.0,0.0033404082297269857,1.3349525767269717,2.7028259103178836,0.9642105263157895,1.0
speed_budget,channel.speed_kmh|feedback.budget_frac,10,1.0,1004,full_feedback,1.7700369831418845,0.22125462289273556,0.04202675807349713,0.24243421052631578,1024.0,0.0017285517413494966,1.2752046072053043,2.5984576964765913,0.963421052631579,1.0
speed_budget,channel.speed_kmh|feedback.budget_frac,10,1.0,1005,Exact,1.6394872489088985,0.20493590611361232,0.006433171102196692,0.08414473684210526,37.10315789473684,0.04418726981569036,1.3132214682662458,2.58654576831602,0.9789473684210527,0.08414473684210526
speed_budget,channel.speed_kmh|feedback.budget_frac,10,1.0,1005,Optimised,1.59962015294413,0.19995251911801626,0.04715486943795671,0.2546052631578947,1024.0,0.001562129055609502,1.3530885642310146,2.6958735840828516,0.9792105263157894,1.0
speed_budget,channel.speed_kmh|feedback.budget_frac,10,1.0,1005,Proposed,1.59962015294413,0.19995251911801626,0.04715486943795671,0.2546052631578947,1024.0,0.001562129055609502,1.3530885642310146,2.6958735840828516,0.9792105263157894,1.0
speed_budget,channel.speed_kmh|feedback.budget_frac,10,1.0,1005,Baseline,1.5454443899981483,0.19318054874976853,0.09101416172889126,0.35388157894736844,512.0,0.0030184460742151333,1.4072643271769965,2.7713208533603186,0.9805263157894737,1.0
speed_budget,channel.speed_kmh|feedback.budget_frac,10,1.0,1005,full_feedback,1.59962015294413,0.19995251911801626,0.04715486943795671,0.2546052631578947,1024.0,0.001562129055609502,1.3530885642310146,2.6958735840828516,0.9792105263157894,1.0
speed_budget,channel.speed_kmh|feedback.budget_frac,10,1.0,1006,Exact,1.7765526753499163,0.22206908441873954,0.006010913185975491,0.07986842105263157,33.36421052631579,0.053247256486068296,1.2103550370746037,2.437418131520769,0.953421052631579,0.07986842105263157
speed_budget,channel.speed_kmh|feedback.budget_frac,10,1.0,1006,Optimised,1.7440370972358878,0.21800463715448598,0.0404566987669098,0.23125,1024.0,0.0017031612277694217,1.2428706151886322,2.509313041844696,0.953421052631579,1.0
speed_budget,channel.speed_kmh|feedback.budget_frac,10,1.0,1006,Proposed,1.7440370972358878,0.21800463715448598,0.0404566987669098,0.23125,1024.0,0.0017031612277694217,1.2428706151886322,2.509313041844696,0.953421052631579,1.0
speed_budget,channel.speed_kmh|feedback.budget_frac,10,1.0,1006,Baseline,1.6903173720144413,0.21128967150180517,0.08025420353179737,0.3207894736842105,512.0,0.0033014011172157057,1.2965903404100787,2.618798396740863,0.9544736842105264,1.0
speed_budget,channel.speed_kmh|feedback.budget_frac,10,1.0,1006,full_feedback,1.7440370972358878,0.21800463715448598,0.0404566987669098,0.23125,1024.0,0.0017031612277694217,1.2428706151886322,2.509313041844696,0.953421052631579,1.0
speed_budget,channel.speed_kmh|feedback.budget_frac,10,1.0,1007,Exact,1.6997709449145755,0.21247136811432193,0.00581622745746432,0.07921052631578947,32.757894736842104,0.051888894526633894,1.2016138913630048,2.5980443493090655,0.9773684210526316,0.07921052631578947
speed_budget,channel.speed_kmh|feedback.budget_frac,10,1.0,1007,Optimised,1.6554113812155828,0.20692642265194786,0.045034155321189095,0.2480921052631579,1024.0,0.0016166126769683426,1.2459734550619974,2.6950679513875744,0.9776315789473684,1.0
speed_budget,channel.speed_kmh|feedback.budget_frac,10,1.0,1007,Proposed,1.6554113812155828,0.20692642265194786,0.045034155321189095,0.2480921052631579,1024.0,0.0016166126769683426,1.2459734550619974,2.6950679513875744,0.9776315789473684,1.0
speed_budget,channel.speed_kmh|feedback.budget_frac,10,1.0,1007,Baseline,1.6001776585110354,0.20002220731387943,0.08604659751483412,0.35,512.0,0.003125346989279366,1.3012071777665446,2.7897398800872066,0.978421052631579,1.0
speed_budget,channel.speed_kmh|feedback.budget_frac,10,1.0,1007,full_feedback,1.6554113812155828,0.20692642265194786,0.045034155321189095,0.2480921052631579,1024.0,0.0016166126769683426,1.2459734550619974,2.6950679513875744,0.9776315789473684,1.0
speed_budget,channel.speed_kmh|feedback.budget_frac,10,1.0,1008,Exact,1.7165488660197847,0.2145686082524731,0.006795286868522915,0.0825,36.36210526315789,0.047207081482132804,1.2725439189933585,2.6459881592014574,0.9739473684210527,0.0825
speed_budget,channel.speed_kmh|feedback.budget_frac,10,1.0,1008,Optimised,1.6732432414445757,0.20915540518057196,0.04555554618689625,0.2505921052631579,1024.0,0.0016340266029732185,1.3158495435685673,2.7378226255892466,0.9739473684210527,1.0
speed_budget,channel.speed_kmh|feedback.budget_frac,10,1.0,1008,Proposed,1.6732432414445757,0.20915540518057196,0.04555554618689625,0.2505921052631579,1024.0,0.0016340266029732185,1.3158495435685673,2.7378226255892466,0.9739473684210527,1.0
speed_budget,channel.speed_kmh|feedback.budget_frac,10,1.0,1008,Baseline,1.6172771517991498,0.20215964397489372,0.08778607338607249,0.34782894736842107,512.0,0.0031587444371077144,1.3718156332139935,2.8328267832220955,0.9742105263157895,1.0
speed_budget,channel.speed_kmh|feedback.budget_frac,10,1.0,1008,full_feedback,1.6732432414445757,0.20915540518057196,0.04555554618689625,0.2505921052631579,1024.0,0.0016340266029732185,1.3158495435685673,2.7378226255892466,0.9739473684210527,1.0
speed_budget,channel.speed_kmh|feedback.budget_frac,10,1.0,1009,Exact,1.8096096663686325,0.22620120829607906,0.007263303043175719,0.08144736842105263,34.89684210526316,0.05185597197907217,1.1773277313565882,2.475503393020694,0.9386842105263158,0.08144736842105263
speed_budget,channel.speed_kmh|feedback.budget_frac,10,1.0,1009,Optimised,1.7673996904679317,0.22092496130849146,0.045512018393035515,0.2450657894736842,1024.0,0.0017259762602225895,1.2195377072572893,2.557612596908908,0.9389473684210526,1.0
speed_budget,channel.speed_kmh|feedback.budget_frac,10,1.0,1009,Proposed,1.7673996904679317,0.22092496130849146,0.045512018393035515,0.2450657894736842,1024.0,0.0017259762602225895,1.2195377072572893,2.557612596908908,0.9389473684210526,1.0
speed_budget,channel.speed_kmh|feedback.budget_frac,10,1.0,1009,Baseline,1.7112118023823062,0.21390147529778827,0.08631069506553675,0.3413157894736842,512.0,0.0033422105515279418,1.2757255953429145,2.6176150779636367,0.9413157894736842,1.0
speed_budget,channel.speed_kmh|feedback.budget_frac,10,1.0,1009,full_feedback,1.7673996904679317,0.22092496130849146,0.045512018393035515,0.2450657894736842,1024.0,0.0017259762602225895,1.2195377072572893,2.557612596908908,0.9389473684210526,1.0
speed_budget,channel.speed_kmh|feedback.budget_frac,20,0.05,1000,Exact,1.7866897328779143,0.2233362166097393,0.06645773693252986,0.09328947368421053,23.882105263157897,0.07481290753852338,1.2008453839321813,2.4410731881152796,0.9434210526315789,0.09328947368421053
speed_budget,channel.speed_kmh|feedback.budget_frac,20,0.05,1000,Optimised,1.4003278749494052,0.17504098436867566,0.31960200031828756,0.07230263157894737,32.0,0.043760246092168914,1.58720724186069,3.0945914290976226,0.9615789473684211,0.125
speed_budget,channel.speed_kmh|feedback.budget_frac,20,0.05,1000,Proposed,1.4329459576282697,0.1791182447035337,0.2828229278895805,0.0688157894736842,29.423157894736843,0.04870129721475588,1.5545891591818257,3.1229471511926388,0.9605263157894737,0.11493421052631579
speed_budget,channel.speed_kmh|feedback.budget_frac,20,0.05,1000,Baseline,0.5342380041626189,0.06677975052032736,0.7326174960455719,0.0,0.0,,2.4532971126474763,4.173203935954116,0.9968421052631579,0.0
speed_budget,channel.speed_kmh|feedback.budget_frac,20,0.05,1000,full_feedback,1.8025158631029798,0.22531448288787248,0.04002624032302912,0.2657894736842105,1024.0,0.0017602693975615038,1.1850192537071156,2.430697116143824,0.9426315789473684,1.0
speed_budget,channel.speed_kmh|feedback.budget_frac,20,0.05,1001,Exact,1.6921490972521722,0.21151863715652153,0.07102107761854705,0.09598684210526316,24.57263157894737,0.06886316151428905,1.2962130267850653,2.7009655374712236,0.9673684210526315,0.09598684210526316
speed_budget,channel.speed_kmh|feedback.budget_frac,20,0.05,1001,Optimised,1.176418208428092,0.1470522760535115,0.3823632237088941,0.07585526315789473,32.0,0.03676306901337788,1.8119439156091457,3.542616928885813,0.9847368421052631,0.125
speed_budget,channel.speed_kmh|feedback.budget_frac,20,0.05,1001,Proposed,1.3143601564789311,0.1642950195598664,0.29832677446292805,0.07368421052631578,29.507368421052632,0.04454345564551172,1.6740019675583067,3.367396651581452,0.9776315789473684,0.11526315789473685
speed_budget,channel.speed_kmh|feedback.budget_frac,20,0.05,1001,Baseline,0.26391081117875237,0.032988851397344046,0.77183454709746,0.0,0.0,,2.7244513128584855,4.607762801996187,0.9986842105263158,0.0
speed_budget,channel.speed_kmh|feedback.budget_frac,20,0.05,1001,full_feedback,1.7101872934887903,0.21377341168609879,0.04498966641649456,0.29710526315789476,1024.0,0.0016701047787976468,1.2781748305484473,2.67928293287905,0.9671052631578947,1.0
speed_budget,channel.speed_kmh|feedback.budget_frac,20,0.05,1002,Exact,1.6710139885267137,0.2088767485658392,0.07953117261793641,0.09664473684210527,24.74105263157895,0.06754013313054705,1.3299923986042825,2.739682949229447,0.9713157894736842,0.09664473684210527
speed_budget,channel.speed_kmh|feedback.budget_frac,20,0.05,1002,Optimised,1.1558712494058068,0.14448390617572585,0.4016715119797758,0.07743421052631579,32.0,0.03612097654393146,1.8451351377251892,3.582184927772853,0.9807894736842105,0.125
speed_budget,channel.speed_kmh|feedback.budget_frac,20,0.05,1002,Proposed,1.2849259199833212,0.16061573999791515,0.3162592972215279,0.07486842105263158,29.490526315789474,0.04357080325471713,1.7160804671476746,3.3819401253468993,0.9781578947368421,0.11519736842105263
speed_budget,channel.speed_kmh|feedback.budget_frac,20,0.05,1002,Baseline,0.2737891564773477,0.03422364455966846,0.7721056453186843,0.0,0.0,,2.7272172306536486,4.73911993885875,0.9928947368421053,0.0
speed_budget,channel.speed_kmh|feedback.budget_frac,20,0.05,1002,full_feedback,1.6895363855055108,0.21119204818818885,0.04727819261922799,0.30039473684210527,1024.0,0.0016499378764702254,1.3114700016254852,2.6705826167328066,0.9707894736842105,1.0
speed_budget,channel.speed_kmh|feedback.budget_frac,20,0.05,1003,Exact,1.7852717156223117,0.22315896445278896,0.05566602210015339,0.08809210526315789,22.55157894736842,0.07916393436525375,1.2747607141644168,2.5665328591560415,0.9526315789473684,0.08809210526315789
speed_budget,channel.speed_kmh|feedback.budget_frac,20,0.05,1003,Optimised,1.4171659310475289,0.1771457413809411,0.2832434345690862,0.06868421052631579,32.0,0.04428643534523528,1.6428664987391997,3.257596563362476,0.9565789473684211,0.125
speed_budget,channel.speed_kmh|feedback.budget_frac,20,0.05,1003,Proposed,1.4107600209321518,0.17634500261651898,0.28477952681505775,0.06690789473684211,29.254736842105263,0.04822330238505844,1.6492724088545765,3.23725723692356,0.9639473684210527,0.11427631578947368
speed_budget,channel.speed_kmh|feedback.budget_frac,20,0.05,1003,Baseline,0.9153432907658414,0.11441791134573018,0.5504140721493238,0.0,0.0,,2.144689139020887,3.7750993519410585,1.0,0.0
speed_budget,channel.speed_kmh|feedback.budget_frac,20,0.05,1003,full_feedback,1.7956140169591202,0.22445175211989002,0.03987162327288933,0.2598684210526316,1024.0,0.0017535293134366408,1.2644184128276084,2.5715248903797705,0.9528947368421052,1.0
speed_budget,channel.speed_kmh|feedback.budget_frac,20,0.05,1004,Exact,1.7194037084973905,0.21492546356217382,0.07519224781882373,0.09776315789473684,25.027368421052632,0.06870093889100441,1.3258378818497984,2.69309539254338,0.9844736842105263,0.09776315789473684
speed_budget,channel.speed_kmh|feedback.budget_frac,20,0.05,1004,Optimised,1.1882907249960233,0.1485363406245029,0.38470194161992116,0.07875,32.0,0.03713408515612573,1.8569508653511653,3.597983956570525,0.99,0.125
speed_budget,channel.speed_kmh|feedback.budget_frac,20,0.05,1004,Proposed,1.3244640718134828,0.16555800897668535,0.31442158378306423,0.07644736842105262,29.625263157894736,0.04470725086067399,1.720777518533706,3.3954627989953936,0.9894736842105263,0.11572368421052631
speed_budget,channel.speed_kmh|feedback.budget_frac,20,0.05,1004,Baseline,0.5888698790543412,0.07360873488179265,0.790720068043219,0.0,0.0,,2.456371711292848,4.171863753821044,1.0,0.0
speed_budget,channel.speed_kmh|feedback.budget_frac,20,0.05,1004,full_feedback,1.7371745809650936,0.2171468226206367,0.04352360676981822,0.2957236842105263,1024.0,0.0016964595517237242,1.308067009382095,2.6263915359124432,0.9844736842105263,1.0
speed_budget,channel.speed_kmh|feedback.budget_frac,20,0.05,1005,Exact,1.6106836535104008,0.2013354566888001,0.07877942705775909,0.09901315789473684,25.347368421052632,0.06354441324065119,1.3420250636647437,2.829449371219855,0.9781578947368421,0.09901315789473684
speed_budget,channel.speed_kmh|feedback.budget_frac,20,0.05,1005,Optimised,1.1767196144001173,0.14708995180001466,0.3660962228942428,0.07921052631578947,32.0,0.036772487950003666,1.7759891027750272,3.3543436676515697,0.9844736842105263,0.125
speed_budget,channel.speed_kmh|feedback.budget_frac,20,0.05,1005,Proposed,1.2514795675575323,0.15643494594469154,0.31089424681748273,0.07348684210526316,29.237894736842104,0.04280334062426756,1.7012291496176124,3.3319120238558657,0.9802631578947368,0.11421052631578947
speed_budget,channel.speed_kmh|feedback.budget_frac,20,0.05,1005,Baseline,0.5838639997934322,0.07298299997417902,0.7782871337923648,0.0,0.0,,2.3688447173817124,4.132825645469909,1.0,0.0
speed_budget,channel.speed_kmh|feedback.budget_frac,20,0.05,1005,full_feedback,1.6335507580116242,0.20419384475145302,0.04701417317642618,0.30414473684210525,1024.0,0.0015952644121207268,1.3191579591635203,2.7716374671736412,0.9778947368421053,1.0
speed_budget,channel.speed_kmh|feedback.budget_frac,20,0.05,1006,Exact,1.7492053237195895,0.21865066546494868,0.06758578338931255,0.09401315789473684,24.06736842105263,0.07267954240437413,1.2377023887049308,2.525443111850962,0.96,0.09401315789473684
speed_budget,channel.speed_kmh|feedback.budget_frac,20,0.05,1006,Optimised,1.203269814081075,0.15040872676013436,0.3674293529365189,0.07085526315789474,32.0,0.03760218169003359,1.7836378983434449,3.4491194809373305,0.9765789473684211,0.125
speed_budget,channel.speed_kmh|feedback.budget_frac,20,0.05,1006,Proposed,1.3707671021800107,0.17134588777250134,0.2928168480098731,0.06921052631578947,29.507368421052632,0.04645507802051264,1.6161406102445093,3.1704484786816556,0.9705263157894737,0.11526315789473685
speed_budget,channel.speed_kmh|feedback.budget_frac,20,0.05,1006,Baseline,0.6675495407481669,0.08344369259352086,0.5836553481291866,0.0,0.0,,2.319358171676353,4.030738990690865,0.9726315789473684,0.0
speed_budget,channel.speed_kmh|feedback.budget_frac,20,0.05,1006,full_feedback,1.7654144733799224,0.2206768091724903,0.04203273078947795,0.2848684210526316,1024.0,0.0017240375716600805,1.2214932390445976,2.485242412527434,0.96,1.0
speed_budget,channel.speed_kmh|feedback.budget_frac,20,0.05,1007,Exact,1.6702884129477593,0.20878605161846991,0.06765597514198282,0.09532894736842105,24.40421052631579,0.06844263251813196,1.2310964233298205,2.648427543010353,0.9731578947368421,0.09532894736842105
speed_budget,channel.speed_kmh|feedback.budget_frac,20,0.05,1007,Optimised,1.2337184180296064,0.1542148022537008,0.3625670411175744,0.07743421052631579,32.0,0.0385537005634252,1.6676664182479737,3.333654500644811,0.9823684210526316,0.125
speed_budget,channel.speed_kmh|feedback.budget_frac,20,0.05,1007,Proposed,1.3011210971876517,0.16264013714845646,0.29215361940994816,0.07559210526315789,29.372631578947367,0.0442970557027046,1.6002637390899286,3.2012556759974813,0.9802631578947368,0.11473684210526315
speed_budget,channel.speed_kmh|feedback.budget_frac,20,0.05,1007,Baseline,0.38118916095821165,0.047648645119776456,0.7999152037740951,0.0,0.0,,2.5201956753193686,4.467276407637716,0.9905263157894737,0.0
speed_budget,channel.speed_kmh|feedback.budget_frac,20,0.05,1007,full_feedback,1.682901988198598,0.21036274852482476,0.04214613537058392,0.2925,1024.0,0.0016434589728501934,1.218482848078982,2.5934330261368745,0.9726315789473684,1.0
speed_budget,channel.speed_kmh|feedback.budget_frac,20,0.05,1008,Exact,1.6752210930314984,0.2094026366289373,0.07211750907225205,0.09565789473684211,24.48842105263158,0.06840870178730757,1.3138716919816447,2.7148198594313158,0.9605263157894737,0.09565789473684211
speed_budget,channel.speed_kmh|feedback.budget_frac,20,0.05,1008,Optimised,1.204322884124486,0.15054036051556074,0.37155615819539806,0.0775,32.0,0.037635090128890186,1.7847699008886575,3.4676784264362084,0.9731578947368421,0.125
speed_budget,channel.speed_kmh|feedback.budget_frac,20,0.05,1008,Proposed,1.2955434414161584,0.1619429301770198,0.29688258280434676,0.07427631578947369,29.490526315789474,0.043930834856701545,1.6935493435969846,3.2941543477397905,0.9697368421052631,0.11519736842105263
speed_budget,channel.speed_kmh|feedback.budget_frac,20,0.05,1008,Baseline,0.4479716595213403,0.05599645744016754,0.7681340107970904,0.0,0.0,,2.541121125491803,4.40483337923439,0.9871052631578947,0.0
speed_budget,channel.speed_kmh|feedback.budget_frac,20,0.05,1008,full_feedback,1.6975977062269707,0.21219971327837134,0.044713190706977546,0.30046052631578946,1024.0,0.001657810259987276,1.2914950787861723,2.6184653952872106,0.9605263157894737,1.0
speed_budget,channel.speed_kmh|feedback.budget_frac,20,0.05,1009,Exact,1.749636166858178,0.21870452085727224,0.07247977201035413,0.09651315789473684,24.70736842105263,0.07081434724417472,1.237301230867043,2.641079831731609,0.9252631578947368,0.09651315789473684
speed_budget,channel.speed_kmh|feedback.budget_frac,20,0.05,1009,Optimised,1.216103865874819,0.15201298323435236,0.3519022375054417,0.07282894736842105,32.0,0.03800324580858809,1.7708335318504018,3.353880677650743,0.9392105263157895,0.125
speed_budget,channel.speed_kmh|feedback.budget_frac,20,0.05,1009,Proposed,1.3658943519480693,0.17073679399350866,0.30019146118002793,0.07381578947368421,29.456842105263156,0.04636934085015244,1.6210430457771519,3.2038766636777005,0.9331578947368421,0.1150657894736842
speed_budget,channel.speed_kmh|feedback.budget_frac,20,0.05,1009,Baseline,0.3519731963569243,0.04399664954461554,0.7188307729904202,0.0,0.0,,2.634964201368297,4.390796037596717,0.9328947368421052,0.0
speed_budget,channel.speed_kmh|feedback.budget_frac,20,0.05,1009,full_feedback,1.7732108606355297,0.2216513575794412,0.04308315567226669,0.2905921052631579,1024.0,0.0017316512310893845,1.2137265370896908,2.576311712032981,0.9247368421052632,1.0
speed_budget,channel.speed_kmh|feedback.budget_frac,20,0.1,1000,Exact,1.8204969405746276,0.22756211757182845,0.02372625134227818,0.13776315789473684,42.054736842105264,0.04328874883725211,1.1670381762354676,2.40024333582688,0.9426315789473684,0.13776315789473684
speed_budget,channel.speed_kmh|feedback.budget_frac,20,0.1,1000,Optimised,1.5804012142523425,0.1975501517815428,0.22227814091303663,0.11671052631578947,96.0,0.0164625126484619,1.4071339025577527,2.811967749392711,0.9486842105263158,0.25
speed_budget,channel.speed_kmh|feedback.budget_frac,20,0.1,1000,Proposed,1.5874085976375825,0.1984260747046978,0.20418357948071714,0.08888157894736842,80.33684210526316,0.019759409954870327,1.4001265191725127,2.8888536590349254,0.9505263157894737,0.18881578947368421
speed_budget,channel.speed_kmh|feedback.budget_frac,20,0.1,1000,Baseline,1.2316277397351687,0.1539534674668961,0.40489612005893383,0.055,64.0,0.01924418343336201,1.7559073770749267,3.21825295052115,0.9968421052631579,0.125
speed_budget,channel.speed_kmh|feedback.budget_frac,20,0.1,1000,full_feedback,1.8025158631029798,0.22531448288787248,0.04002624032302912,0.2657894736842105,1024.0,0.0017602693975615038,1.1850192537071156,2.430697116143824,0.9426315789473684,1.0
speed_budget,channel.speed_kmh|feedback.budget_frac,20,0.1,1001,Exact,1.7305738970587086,0.21632173713233857,0.02395418453440637,0.14434210526315788,44.37894736842105,0.038995379558960465,1.2577882269785292,2.6399863830486203,0.9671052631578947,0.14434210526315788
speed_budget,channel.speed_kmh|feedback.budget_frac,20,0.1,1001,Optimised,1.3256070562068496,0.1657008820258562,0.29168349939314153,0.13157894736842105,96.0,0.013808406835488016,1.6627550678303882,3.2883821657029033,0.9721052631578947,0.25
speed_budget,channel.speed_kmh|feedback.budget_frac,20,0.1,1001,Proposed,1.470426268085629,0.18380328351070363,0.23460709263326313,0.09967105263157895,79.96631578947368,0.01838807069662684,1.517935855951609,3.0771614528099334,0.9721052631578947,0.18736842105263157
speed_budget,channel.speed_kmh|feedback.budget_frac,20,0.1,1001,Baseline,1.2657838274181599,0.15822297842726998,0.3677361832747097,0.06296052631578947,64.0,0.019777872303408748,1.7225782966190777,3.3321146514052336,0.9986842105263158,0.125
speed_budget,channel.speed_kmh|feedback.budget_frac,20,0.1,1001,full_feedback,1.7101872934887903,0.21377341168609879,0.04498966641649456,0.29710526315789476,1024.0,0.0016701047787976468,1.2781748305484473,2.67928293287905,0.9671052631578947,1.0
speed_budget,channel.speed_kmh|feedback.budget_frac,20,0.1,1002,Exact,1.714064288452362,0.21425803605654525,0.026209443055323745,0.14513157894736842,44.934736842105266,0.038145639852645796,1.2869420986786337,2.6216471523951426,0.9707894736842105,0.14513157894736842
speed_budget,channel.speed_kmh|feedback.budget_frac,20,0.1,1002,Optimised,1.4166926552873114,0.17708658191091392,0.2547102585215188,0.13348684210526315,96.0,0.014757215159242826,1.5843137318436846,3.1463091140011654,0.9736842105263158,0.25
speed_budget,channel.speed_kmh|feedback.budget_frac,20,0.1,1002,Proposed,1.4590625431349666,0.18238281789187083,0.2446796112069926,0.09835526315789474,79.81473684210526,0.018280615846937888,1.5419438439960294,3.1332615497661593,0.9736842105263158,0.18677631578947368
speed_budget,channel.speed_kmh|feedback.budget_frac,20,0.1,1002,Baseline,1.2898063313298644,0.16122579141623306,0.35769279739403514,0.062039473684210526,64.0,0.020153223927029132,1.7112000558011318,3.247865442893245,0.9928947368421053,0.125
speed_budget,channel.speed_kmh|feedback.budget_frac,20,0.1,1002,full_feedback,1.6895363855055108,0.21119204818818885,0.04727819261922799,0.30039473684210527,1024.0,0.0016499378764702254,1.3114700016254852,2.6705826167328066,0.9707894736842105,1.0
speed_budget,channel.speed_kmh|feedback.budget_frac,20,0.1,1003,Exact,1.8132407851532173,0.22665509814415216,0.01963135378617275,0.12888157894736843,39.932631578947365,0.04540749541057456,1.246791644633511,2.5279006416294756,0.9526315789473684,0.12888157894736843
speed_budget,channel.speed_kmh|feedback.budget_frac,20,0.1,1003,Optimised,1.5369759642571212,0.19212199553214016,0.22494684770842494,0.11710526315789474,96.0,0.016010166294345013,1.5230564655296075,3.069202491284088,0.9557894736842105,0.25
speed_budget,channel.speed_kmh|feedback.budget_frac,20,0.1,1003,Proposed,1.5779814074676417,0.1972476759334552,0.20678539905251206,0.08710526315789474,79.89894736842105,0.019749714601262906,1.482051022319087,3.005469211435903,0.9592105263157895,0.18710526315789475
speed_budget,channel.speed_kmh|feedback.budget_frac,20,0.1,1003,Baseline,1.3340372739071527,0.16675465923839408,0.3763854774138637,0.04967105263157895,64.0,0.02084433240479926,1.7259951558795756,3.2330680989914873,1.0,0.125
speed_budget,channel.speed_kmh|feedback.budget_frac,20,0.1,1003,full_feedback,1.7956140169591202,0.22445175211989002,0.03987162327288933,0.2598684210526316,1024.0,0.0017535293134366408,1.2644184128276084,2.5715248903797705,0.9528947368421052,1.0
speed_budget,channel.speed_kmh|feedback.budget_frac,20,0.1,1004,Exact,1.7580614128995118,0.21975767661243897,0.024879377579989818,0.14927631578947367,45.136842105263156,0.03894958820556288,1.287180177447677,2.5832648090047368,0.9844736842105263,0.14927631578947367
speed_budget,channel.speed_kmh|feedback.budget_frac,20,0.1,1004,Optimised,1.473450163172995,0.18418127039662438,0.24957862546138798,0.12598684210526315,96.0,0.015348439199718698,1.5717914271741933,3.1603468980632634,0.9871052631578947,0.25
speed_budget,channel.speed_kmh|feedback.budget_frac,20,0.1,1004,Proposed,1.4986985327389362,0.18733731659236702,0.23273040593692754,0.09578947368421052,80.01684210526315,0.018729788545858626,1.5465430576082522,3.1588787161739833,0.9852631578947368,0.1875657894736842
speed_budget,channel.speed_kmh|feedback.budget_frac,20,0.1,1004,Baseline,1.2221020112038363,0.15276275140047954,0.4669925844909682,0.06493421052631579,64.0,0.019095343925059943,1.8231395791433525,3.360706456223318,1.0,0.125
speed_budget,channel.speed_kmh|feedback.budget_frac,20,0.1,1004,full_feedback,1.7371745809650936,0.2171468226206367,0.04352360676981822,0.2957236842105263,1024.0,0.0016964595517237242,1.308067009382095,2.6263915359124432,0.9844736842105263,1.0
speed_budget,channel.speed_kmh|feedback.budget_frac,20,0.1,1005,Exact,1.651937377759069,0.2064921722198836,0.027525457048102265,0.14875,44.90105263157895,0.03679061583062442,1.3007713394160758,2.7448001806793263,0.9781578947368421,0.14875
speed_budget,channel.speed_kmh|feedback.budget_frac,20,0.1,1005,Optimised,1.3366141273513765,0.16707676591892207,0.27018714851046866,0.13473684210526315,96.0,0.01392306382657684,1.6160945898237682,3.2152631874674045,0.985,0.25
speed_budget,channel.speed_kmh|feedback.budget_frac,20,0.1,1005,Proposed,1.3826007058941732,0.17282508823677165,0.24110777603981584,0.09947368421052631,79.22526315789473,0.01745151294907877,1.5701080112809715,3.163721110720909,0.9792105263157894,0.18447368421052632
speed_budget,channel.speed_kmh|feedback.budget_frac,20,0.1,1005,Baseline,1.1544277146608009,0.1443034643326001,0.47442552516996106,0.06282894736842105,64.0,0.018037933041575013,1.7982810025143434,3.387496083483508,1.0,0.125
speed_budget,channel.speed_kmh|feedback.budget_frac,20,0.1,1005,full_feedback,1.6335507580116242,0.20419384475145302,0.04701417317642618,0.30414473684210525,1024.0,0.0015952644121207268,1.3191579591635203,2.7716374671736412,0.9778947368421053,1.0
speed_budget,channel.speed_kmh|feedback.budget_frac,20,0.1,1006,Exact,1.7869568077741333,0.22336960097176667,0.0226830921295683,0.14157894736842105,43.08210526315789,0.041477936067861286,1.1999509046503867,2.447283625735355,0.96,0.14157894736842105
speed_budget,channel.speed_kmh|feedback.budget_frac,20,0.1,1006,Optimised,1.527003415849492,0.1908754269811865,0.2236858159922501,0.1231578947368421,96.0,0.01590628558176554,1.4599042965750277,2.927716914618364,0.9702631578947368,0.25
speed_budget,channel.speed_kmh|feedback.budget_frac,20,0.1,1006,Proposed,1.5472770448472604,0.19340963060590755,0.22032972481266638,0.09157894736842105,79.84842105263158,0.01937767866226663,1.4396306675772599,2.911924225995124,0.9631578947368421,0.1869078947368421
speed_budget,channel.speed_kmh|feedback.budget_frac,20,0.1,1006,Baseline,1.4747300513289596,0.18434125641611995,0.23007412281544906,0.060657894736842105,64.0,0.023042657052014994,1.5121776610955606,3.0054909729548873,0.9726315789473684,0.125
speed_budget,channel.speed_kmh|feedback.budget_frac,20,0.1,1006,full_feedback,1.7654144733799224,0.2206768091724903,0.04203273078947795,0.2848684210526316,1024.0,0.0017240375716600805,1.2214932390445976,2.485242412527434,0.96,1.0
speed_budget,channel.speed_kmh|feedback.budget_frac,20,0.1,1007,Exact,1.7044259782079911,0.2130532472759989,0.023581355260938287,0.1431578947368421,43.503157894736844,0.03917936215876867,1.196958858069589,2.560305304941916,0.9723684210526315,0.1431578947368421
speed_budget,channel.speed_kmh|feedback.budget_frac,20,0.1,1007,Optimised,1.4363252203796908,0.17954065254746135,0.23916920004128606,0.13085526315789472,96.0,0.01496172104562178,1.4650596158978897,2.978163728356117,0.9771052631578947,0.25
speed_budget,channel.speed_kmh|feedback.budget_frac,20,0.1,1007,Proposed,1.4535654734608041,0.18169568418260051,0.22784358768799626,0.09796052631578947,79.81473684210526,0.018211742980952784,1.4478193628167761,3.013653206910193,0.9757894736842105,0.18677631578947368
speed_budget,channel.speed_kmh|feedback.budget_frac,20,0.1,1007,Baseline,1.21604836473995,0.15200604559249375,0.39268371870327645,0.06,64.0,0.01900075569906172,1.6853364715376302,3.297504107548023,0.9905263157894737,0.125
speed_budget,channel.speed_kmh|feedback.budget_frac,20,0.1,1007,full_feedback,1.682901988198598,0.21036274852482476,0.04214613537058392,0.2925,1024.0,0.0016434589728501934,1.218482848078982,2.5934330261368745,0.9726315789473684,1.0
speed_budget,channel.speed_kmh|feedback.budget_frac,20,0.1,1008,Exact,1.718909969831626,0.21486374622895324,0.026447214982812516,0.14164473684210527,43.43578947368421,0.03957358645162962,1.270182815181517,2.5991403432478526,0.9605263157894737,0.14164473684210527
speed_budget,channel.speed_kmh|feedback.budget_frac,20,0.1,1008,Optimised,1.381877678592421,0.17273470982405262,0.26618388472098664,0.12980263157894736,96.0,0.014394559152004384,1.6072151064207223,3.156301246231013,0.9636842105263158,0.25
speed_budget,channel.speed_kmh|feedback.budget_frac,20,0.1,1008,Proposed,1.4496765427871605,0.18120956784839506,0.23418033322516163,0.09743421052631579,79.69684210526316,0.018189886882499503,1.5394162422259825,3.099134354967459,0.9657894736842105,0.1863157894736842
speed_budget,channel.speed_kmh|feedback.budget_frac,20,0.1,1008,Baseline,1.2258314964700368,0.1532289370587546,0.4067927680079397,0.06289473684210527,64.0,0.019153617132344324,1.7632612885431067,3.322792407538664,0.9871052631578947,0.125
speed_budget,channel.speed_kmh|feedback.budget_frac,20,0.1,1008,full_feedback,1.6975977062269707,0.21219971327837134,0.044713190706977546,0.30046052631578946,1024.0,0.001657810259987276,1.2914950787861723,2.6184653952872106,0.9605263157894737,1.0
speed_budget,channel.speed_kmh|feedback.budget_frac,20,0.1,1009,Exact,1.7946213635553494,0.22432767044441868,0.02396858021098316,0.14342105263157895,44.09263157894737,0.04070116251378872,1.1923160341698715,2.56216479362474,0.9242105263157895,0.14342105263157895
speed_budget,channel.speed_kmh|feedback.budget_frac,20,0.1,1009,Optimised,1.4791223011471721,0.18489028764339652,0.2515508588776876,0.12388157894736843,96.0,0.015407523970283043,1.5078150965780488,3.091261823280713,0.9392105263157895,0.25
speed_budget,channel.speed_kmh|feedback.budget_frac,20,0.1,1009,Proposed,1.488648176308549,0.18608102203856863,0.23693036478648957,0.09565789473684211,79.78105263157894,0.018659169404331877,1.4982892214166719,3.015294379010466,0.9394736842105263,0.18664473684210525
speed_budget,channel.speed_kmh|feedback.budget_frac,20,0.1,1009,Baseline,1.3888598905014502,0.17360748631268128,0.28934815414575693,0.06131578947368421,64.0,0.02170093578908516,1.5980775072237707,3.1176976948120236,0.9328947368421052,0.125
speed_budget,channel.speed_kmh|feedback.budget_frac,20,0.1,1009,full_feedback,1.7732108606355297,0.2216513575794412,0.04308315567226669,0.2905921052631579,1024.0,0.0017316512310893845,1.2137265370896908,2.576311712032981,0.9247368421052632,1.0
speed_budget,channel.speed_kmh|feedback.budget_frac,20,0.2,1000,Exact,1.830818987862192,0.228852373482774,0.012552393138764169,0.15289473684210525,62.95578947368421,0.02908102659291537,1.1567161289479033,2.382561054082169,0.9423684210526316,0.15289473684210525
speed_budget,channel.speed_kmh|feedback.budget_frac,20,0.2,1000,Optimised,1.4033763282486535,0.1754220410310817,0.3365565177103594,0.09638157894736842,192.0,0.007309251709628404,1.5841587885614417,3.0666159984244716,0.9652631578947368,0.27052631578947367
speed_budget,channel.speed_kmh|feedback.budget_frac,20,0.2,1000,Proposed,1.5228782633644244,0.19035978292055306,0.2420599745641944,0.09506578947368421,192.0,0.00793165762168971,1.464656853445671,2.876729141284796,0.9552631578947368,0.27013157894736844
speed_budget,channel.speed_kmh|feedback.budget_frac,20,0.2,1000,Baseline,1.6986314823991506,0.21232893529989383,0.11564226436945046,0.1367763157894737,170.6442105263158,0.009954228609104774,1.2889036344109446,2.612320862552473,0.9457894736842105,0.3332894736842105
speed_budget,channel.speed_kmh|feedback.budget_frac,20,0.2,1000,full_feedback,1.8025158631029798,0.22531448288787248,0.04002624032302912,0.2657894736842105,1024.0,0.0017602693975615038,1.1850192537071156,2.430697116143824,0.9426315789473684,1.0
speed_budget,channel.speed_kmh|feedback.budget_frac,20,0.2,1001,Exact,1.742240553202499,0.21778006915031237,0.013249627277573093,0.16125,66.34105263157895,0.026261876833307534,1.2461215708347386,2.6247079305378387,0.9671052631578947,0.16125
speed_budget,channel.speed_kmh|feedback.budget_frac,20,0.2,1001,Optimised,1.380614606232341,0.17257682577904263,0.2886956240333593,0.11414473684210526,192.0,0.007190701074126776,1.6077475178048968,3.2051893504146687,0.9905263157894737,0.2767763157894737
speed_budget,channel.speed_kmh|feedback.budget_frac,20,0.2,1001,Proposed,1.466087918234879,0.18326098977935987,0.24400178573181555,0.12105263157894737,192.0,0.007635874574139994,1.5222742058023586,3.0561818355435304,0.9789473684210527,0.28348684210526315
speed_budget,channel.speed_kmh|feedback.budget_frac,20,0.2,1001,Baseline,1.5847865585247884,0.19809831981559856,0.13063631855447125,0.15197368421052632,170.6442105263158,0.00928708072566219,1.4035755655124493,2.886844399582477,0.9686842105263158,0.3332894736842105
speed_budget,channel.speed_kmh|feedback.budget_frac,20,0.2,1001,full_feedback,1.7101872934887903,0.21377341168609879,0.04498966641649456,0.29710526315789476,1024.0,0.0016701047787976468,1.2781748305484473,2.67928293287905,0.9671052631578947,1.0
speed_budget,channel.speed_kmh|feedback.budget_frac,20,0.2,1002,Exact,1.7268749793362599,0.21585937241703249,0.014094333885627697,0.16375,69.35578947368421,0.024898786279283738,1.274131407794736,2.5952022298519917,0.9705263157894737,0.16375
speed_budget,channel.speed_kmh|feedback.budget_frac,20,0.2,1002,Optimised,1.3470395095098988,0.16837993868873735,0.2958115530535085,0.12282894736842105,192.0,0.007015830778697389,1.6539668776210974,3.345193238591504,0.9786842105263158,0.28309210526315787
speed_budget,channel.speed_kmh|feedback.budget_frac,20,0.2,1002,Proposed,1.3709292513989288,0.1713661564248661,0.309633011968773,0.12092105263157894,192.0,0.007140256517702754,1.6300771357320671,3.1902234356498322,0.9844736842105263,0.2795394736842105
speed_budget,channel.speed_kmh|feedback.budget_frac,20,0.2,1002,Baseline,1.570423939379069,0.19630299242238364,0.13442557676003908,0.1544078947368421,170.6442105263158,0.009202913679493904,1.4305824477519269,2.866104583072141,0.9726315789473684,0.3332894736842105
speed_budget,channel.speed_kmh|feedback.budget_frac,20,0.2,1002,full_feedback,1.6895363855055108,0.21119204818818885,0.04727819261922799,0.30039473684210527,1024.0,0.0016499378764702254,1.3114700016254852,2.6705826167328066,0.9707894736842105,1.0
speed_budget,channel.speed_kmh|feedback.budget_frac,20,0.2,1003,Exact,1.8217897159515004,0.22772371449393755,0.010847781206667545,0.14203947368421052,58.07157894736842,0.031371451387650906,1.2382427138352283,2.513874716472846,0.9526315789473684,0.14203947368421052
speed_budget,channel.speed_kmh|feedback.budget_frac,20,0.2,1003,Optimised,1.5175857302717075,0.18969821628396344,0.2404951436911403,0.09342105263157895,192.0,0.007904092345165143,1.542446699515021,3.013381341096849,0.9621052631578947,0.2717763157894737
speed_budget,channel.speed_kmh|feedback.budget_frac,20,0.2,1003,Proposed,1.524786852618149,0.19059835657726862,0.2546331686151666,0.10092105263157895,192.0,0.007941598190719526,1.5352455771685796,2.981541682947678,0.9555263157894737,0.2756578947368421
speed_budget,channel.speed_kmh|feedback.budget_frac,20,0.2,1003,Baseline,1.6867229637809258,0.21084037047261572,0.11309231656079505,0.13032894736842104,170.6442105263158,0.009884442950502613,1.3733094660058027,2.819784022705786,0.9544736842105264,0.3332894736842105
speed_budget,channel.speed_kmh|feedback.budget_frac,20,0.2,1003,full_feedback,1.7956140169591202,0.22445175211989002,0.03987162327288933,0.2598684210526316,1024.0,0.0017535293134366408,1.2644184128276084,2.5715248903797705,0.9528947368421052,1.0
speed_budget,channel.speed_kmh|feedback.budget_frac,20,0.2,1004,Exact,1.7687854714381037,0.22109818392976296,0.013250125331662938,0.16526315789473683,67.82315789473684,0.02607937357006144,1.2764561189090853,2.5773737403597434,0.9842105263157894,0.16526315789473683
speed_budget,channel.speed_kmh|feedback.budget_frac,20,0.2,1004,Optimised,1.3401815452134707,0.16752269315168383,0.3052635933840721,0.10703947368421053,192.0,0.006980112214653493,1.705060045133718,3.241300557932185,0.9868421052631579,0.2739473684210526
speed_budget,channel.speed_kmh|feedback.budget_frac,20,0.2,1004,Proposed,1.3264992461390415,0.16581240576738018,0.2918299379443462,0.11092105263157895,192.0,0.006908850240307508,1.718742344208147,3.2222702954459836,0.9876315789473684,0.2763815789473684
speed_budget,channel.speed_kmh|feedback.budget_frac,20,0.2,1004,Baseline,1.6145094266483149,0.20181367833103936,0.1311538833936162,0.15217105263157896,170.6442105263158,0.009461261074540437,1.4307321636988735,2.840654712262758,0.9852631578947368,0.3332894736842105
speed_budget,channel.speed_kmh|feedback.budget_frac,20,0.2,1004,full_feedback,1.7371745809650936,0.2171468226206367,0.04352360676981822,0.2957236842105263,1024.0,0.0016964595517237242,1.308067009382095,2.6263915359124432,0.9844736842105263,1.0
speed_budget,channel.speed_kmh|feedback.budget_frac,20,0.2,1005,Exact,1.6649649309730097,0.2081206163716262,0.01432153441217668,0.16730263157894737,69.54105263157895,0.02394218764265499,1.2877437862021348,2.717727696016342,0.9778947368421053,0.16730263157894737
speed_budget,channel.speed_kmh|feedback.budget_frac,20,0.2,1005,Optimised,1.3246775679579987,0.16558469599474984,0.32297504802582244,0.11651315789473685,192.0,0.006899362333114577,1.6280311492171458,3.204771456256087,0.9910526315789474,0.2774342105263158
speed_budget,channel.speed_kmh|feedback.budget_frac,20,0.2,1005,Proposed,1.3101009149165925,0.16376261436457407,0.30003735590689284,0.11342105263157895,192.0,0.006823442265190586,1.6426078022585522,3.250003216884023,0.9886842105263158,0.2755921052631579
speed_budget,channel.speed_kmh|feedback.budget_frac,20,0.2,1005,Baseline,1.513295011471004,0.1891618764338755,0.13236475620680616,0.15138157894736842,170.6442105263158,0.008868129817024364,1.4394137057041405,3.0145182202497813,0.9778947368421053,0.3332894736842105
speed_budget,channel.speed_kmh|feedback.budget_frac,20,0.2,1005,full_feedback,1.6335507580116242,0.20419384475145302,0.04701417317642618,0.30414473684210525,1024.0,0.0015952644121207268,1.3191579591635203,2.7716374671736412,0.9778947368421053,1.0
speed_budget,channel.speed_kmh|feedback.budget_frac,20,0.2,1006,Exact,1.7969180364720005,0.22461475455900007,0.01201589657569514,0.15473684210526314,63.562105263157896,0.028270272500139117,1.1899896759525195,2.422813326943478,0.96,0.15473684210526314
speed_budget,channel.speed_kmh|feedback.budget_frac,20,0.2,1006,Optimised,1.4447717061354397,0.18059646326692996,0.29081860332247944,0.0988157894736842,192.0,0.0075248526361220815,1.54213600628908,3.0356271373162786,0.9813157894736843,0.27210526315789474
speed_budget,channel.speed_kmh|feedback.budget_frac,20,0.2,1006,Proposed,1.4866895122066899,0.18583618902583623,0.2777934924887143,0.10427631578947369,192.0,0.007743174542743176,1.5002182002178304,2.9515348230264764,0.9821052631578947,0.2750657894736842
speed_budget,channel.speed_kmh|feedback.budget_frac,20,0.2,1006,Baseline,1.657000418123399,0.20712505226542488,0.11981228836205832,0.14421052631578948,170.6442105263158,0.009710264491322229,1.3299072943011212,2.652421770715517,0.9621052631578947,0.3332894736842105
speed_budget,channel.speed_kmh|feedback.budget_frac,20,0.2,1006,full_feedback,1.7654144733799224,0.2206768091724903,0.04203273078947795,0.2848684210526316,1024.0,0.0017240375716600805,1.2214932390445976,2.485242412527434,0.96,1.0
speed_budget,channel.speed_kmh|feedback.budget_frac,20,0.2,1007,Exact,1.7157191469200044,0.21446489336500055,0.012087605656671992,0.15980263157894736,66.45894736842105,0.02581622512629885,1.1856656893575759,2.538664530392269,0.9723684210526315,0.15980263157894736
speed_budget,channel.speed_kmh|feedback.budget_frac,20,0.2,1007,Optimised,1.3082058015956501,0.16352572519945627,0.28856277293790916,0.11092105263157895,192.0,0.006813571883310678,1.5931790346819301,3.2066378588095583,0.9828947368421053,0.2767763157894737
speed_budget,channel.speed_kmh|feedback.budget_frac,20,0.2,1007,Proposed,1.4056297740704666,0.17570372175880833,0.2953593530962225,0.11717105263157895,192.0,0.007320988406617014,1.4957550622071132,3.1069363384025865,0.9905263157894737,0.2819736842105263
speed_budget,channel.speed_kmh|feedback.budget_frac,20,0.2,1007,Baseline,1.5687985526964894,0.19609981908706117,0.12837456773268854,0.15210526315789474,170.6442105263158,0.009193388676110744,1.3325862835810909,2.838409226906984,0.9760526315789474,0.3332894736842105
speed_budget,channel.speed_kmh|feedback.budget_frac,20,0.2,1007,full_feedback,1.682901988198598,0.21036274852482476,0.04214613537058392,0.2925,1024.0,0.0016434589728501934,1.218482848078982,2.5934330261368745,0.9726315789473684,1.0
speed_budget,channel.speed_kmh|feedback.budget_frac,20,0.2,1008,Exact,1.7318867069279889,0.2164858383659986,0.014486762092200798,0.1624342105263158,68.61473684210526,0.025240739622937984,1.257206078085154,2.5499692946245855,0.9605263157894737,0.1624342105263158
speed_budget,channel.speed_kmh|feedback.budget_frac,20,0.2,1008,Optimised,1.36019760129461,0.17002470016182625,0.2833897813317473,0.11625,192.0,0.00708436250674276,1.6288951837185333,3.193460093145376,0.9818421052631578,0.2786842105263158
speed_budget,channel.speed_kmh|feedback.budget_frac,20,0.2,1008,Proposed,1.326956271279347,0.16586953390991838,0.29087099294227997,0.11618421052631579,192.0,0.006911230579579933,1.662136513733796,3.310079391088619,0.9715789473684211,0.28125
speed_budget,channel.speed_kmh|feedback.budget_frac,20,0.2,1008,Baseline,1.5742399013802137,0.19677998767252672,0.12897142088675662,0.15203947368421053,170.6442105263158,0.009225275774225246,1.4148528836329295,2.857538506109591,0.9618421052631579,0.3332894736842105
speed_budget,channel.speed_kmh|feedback.budget_frac,20,0.2,1008,full_feedback,1.6975977062269707,0.21219971327837134,0.044713190706977546,0.30046052631578946,1024.0,0.001657810259987276,1.2914950787861723,2.6184653952872106,0.9605263157894737,1.0
speed_budget,channel.speed_kmh|feedback.budget_frac,20,0.2,1009,Exact,1.8058130560843266,0.22572663201054083,0.012359668285750813,0.16151315789473683,65.97052631578947,0.027373027879756675,1.181124341640894,2.5382226507746197,0.9242105263157895,0.16151315789473683
speed_budget,channel.speed_kmh|feedback.budget_frac,20,0.2,1009,Optimised,1.45172537052396,0.181465671315495,0.25428017254521473,0.11230263157894736,192.0,0.007561069638145624,1.5352120272012608,3.0566884390918605,0.9439473684210526,0.2797368421052632
speed_budget,channel.speed_kmh|feedback.budget_frac,20,0.2,1009,Proposed,1.448388670983104,0.181048583872888,0.29433906939577725,0.11105263157894738,192.0,0.007543690994703666,1.5385487267421165,3.012900382926442,0.9621052631578947,0.2788157894736842
speed_budget,channel.speed_kmh|feedback.budget_frac,20,0.2,1009,Baseline,1.649315519138047,0.20616443989225589,0.12628267640541596,0.14592105263157895,170.6442105263158,0.009665229860720641,1.3376218785871736,2.7905794887076163,0.9263157894736842,0.3332894736842105
speed_budget,channel.speed_kmh|feedback.budget_frac,20,0.2,1009,full_feedback,1.7732108606355297,0.2216513575794412,0.04308315567226669,0.2905921052631579,1024.0,0.0017316512310893845,1.2137265370896908,2.576311712032981,0.9247368421052632,1.0
speed_budget,channel.speed_kmh|feedback.budget_frac,20,0.3,1000,Exact,1.8313760164341424,0.2289220020542678,0.011114743890895102,0.15605263157894736,65.93684210526315,0.027774700121526746,1.156159100375953,2.3822731127221974,0.9423684210526316,0.15605263157894736
speed_budget,channel.speed_kmh|feedback.budget_frac,20,0.3,1000,Optimised,1.7138077562826757,0.21422596953533446,0.13616982424161,0.18546052631578946,287.37684210526317,0.005963625126254695,1.2737273605274195,2.6328912569459075,0.9455263157894737,0.4599342105263158
speed_budget,channel.speed_kmh|feedback.budget_frac,20,0.3,1000,Proposed,1.696791428928616,0.212098928616077,0.1492753165121716,0.1411842105263158,265.4315789473684,0.006392575576943945,1.2907436878814793,2.5989713441813382,0.9486842105263158,0.3832236842105263
speed_budget,channel.speed_kmh|feedback.budget_frac,20,0.3,1000,Baseline,1.7235571748954326,0.21544464686192907,0.09748110407748421,0.19177631578947368,256.0,0.0067326452144352835,1.2639779419146628,2.589358013178024,0.945,0.5
speed_budget,channel.speed_kmh|feedback.budget_frac,20,0.3,1000,full_feedback,1.8025158631029798,0.22531448288787248,0.04002624032302912,0.2657894736842105,1024.0,0.0017602693975615038,1.1850192537071156,2.430697116143824,0.9426315789473684,1.0
speed_budget,channel.speed_kmh|feedback.budget_frac,20,0.3,1001,Exact,1.7427919243396737,0.2178489905424592,0.011674306090747833,0.1649342105263158,69.65894736842105,0.025018924203981656,1.245570199697564,2.624637032181161,0.9671052631578947,0.1649342105263158
speed_budget,channel.speed_kmh|feedback.budget_frac,20,0.3,1001,Optimised,1.603380850255695,0.20042260628196187,0.15322714884931293,0.2044078947368421,286.97263157894736,0.0055872256578397735,1.3849812737815428,2.854213109996434,0.968421052631579,0.4657236842105263
speed_budget,channel.speed_kmh|feedback.budget_frac,20,0.3,1001,Proposed,1.5907383407774074,0.19884229259717592,0.1709109365864933,0.16131578947368422,264.6063157894737,0.00601171720346627,1.3976237832598304,2.873134852544625,0.9689473684210527,0.3844078947368421
speed_budget,channel.speed_kmh|feedback.budget_frac,20,0.3,1001,Baseline,1.6247075185701938,0.20308843982127422,0.1093182756542287,0.2075,256.0,0.0063465137444148195,1.3636546054670438,2.812222942547344,0.9678947368421053,0.5
speed_budget,channel.speed_kmh|feedback.budget_frac,20,0.3,1001,full_feedback,1.7101872934887903,0.21377341168609879,0.04498966641649456,0.29710526315789476,1024.0,0.0016701047787976468,1.2781748305484473,2.67928293287905,0.9671052631578947,1.0
speed_budget,channel.speed_kmh|feedback.budget_frac,20,0.3,1002,Exact,1.7273142709479097,0.2159142838684887,0.012566736178409331,0.16796052631578948,72.57263157894737,0.023801180050483206,1.2736921161830865,2.5938704140166964,0.9705263157894737,0.16796052631578948
speed_budget,channel.speed_kmh|feedback.budget_frac,20,0.3,1002,Optimised,1.580619156526015,0.19757739456575188,0.16284155359030286,0.20513157894736841,287.0568421052632,0.005506293265590949,1.420387230604981,2.8783384126976497,0.9726315789473684,0.4605263157894737
speed_budget,channel.speed_kmh|feedback.budget_frac,20,0.3,1002,Proposed,1.5769994407243233,0.1971249300905404,0.171123049807085,0.16046052631578947,264.70736842105265,0.005957519997010033,1.424006946406673,2.8724742504491405,0.9721052631578947,0.38302631578947366
speed_budget,channel.speed_kmh|feedback.budget_frac,20,0.3,1002,Baseline,1.6007735430421826,0.20009669288027282,0.11329823441764189,0.20953947368421053,256.0,0.006253021652508526,1.4002328440888132,2.8004556687760034,0.9728947368421053,0.5
speed_budget,channel.speed_kmh|feedback.budget_frac,20,0.3,1002,full_feedback,1.6895363855055108,0.21119204818818885,0.04727819261922799,0.30039473684210527,1024.0,0.0016499378764702254,1.3114700016254852,2.6705826167328066,0.9707894736842105,1.0
speed_budget,channel.speed_kmh|feedback.budget_frac,20,0.3,1003,Exact,1.8220037567360088,0.2277504695920011,0.010029819110149045,0.1432236842105263,59.45263157894737,0.030646309647648872,1.2380286730507197,2.5137285778901304,0.9526315789473684,0.1432236842105263
speed_budget,channel.speed_kmh|feedback.budget_frac,20,0.3,1003,Optimised,1.6948139542386615,0.2118517442798327,0.14100927470112867,0.1769078947368421,287.37684210526317,0.005897531414928238,1.3652184755480667,2.782633050715232,0.953421052631579,0.4586842105263158
speed_budget,channel.speed_kmh|feedback.budget_frac,20,0.3,1003,Proposed,1.6833353013789647,0.2104169126723706,0.15487343162843248,0.1382236842105263,265.5494736842105,0.006339064725019093,1.3766971284077636,2.802263570804721,0.9542105263157895,0.37967105263157896
speed_budget,channel.speed_kmh|feedback.budget_frac,20,0.3,1003,Baseline,1.714207172829308,0.2142758966036635,0.09619863449413035,0.1825,256.0,0.006696121768864484,1.3458252569574205,2.721199641562479,0.9536842105263158,0.5
speed_budget,channel.speed_kmh|feedback.budget_frac,20,0.3,1003,full_feedback,1.7956140169591202,0.22445175211989002,0.03987162327288933,0.2598684210526316,1024.0,0.0017535293134366408,1.2644184128276084,2.5715248903797705,0.9528947368421052,1.0
speed_budget,channel.speed_kmh|feedback.budget_frac,20,0.3,1004,Exact,1.7694551799443399,0.22118189749304248,0.011719630582108868,0.1692763157894737,71.32631578947368,0.024807886967932746,1.275786410402849,2.57643646073276,0.9842105263157894,0.1692763157894737
speed_budget,channel.speed_kmh|feedback.budget_frac,20,0.3,1004,Optimised,1.625155327235971,0.20314441590449636,0.15341379775622124,0.20026315789473684,286.9894736842105,0.005662769809544353,1.4200862631112179,2.8293179925012075,0.9844736842105263,0.46401315789473685
speed_budget,channel.speed_kmh|feedback.budget_frac,20,0.3,1004,Proposed,1.615706555191417,0.20196331939892712,0.15974698295880257,0.15447368421052632,264.7578947368421,0.006102581215934502,1.4295350351557718,2.8611656431534787,0.9855263157894737,0.3825657894736842
speed_budget,channel.speed_kmh|feedback.budget_frac,20,0.3,1004,Baseline,1.651379155750876,0.2064223944688595,0.11089864935199731,0.2106578947368421,256.0,0.006450699827151859,1.3938624345963126,2.805587970297375,0.9855263157894737,0.5
speed_budget,channel.speed_kmh|feedback.budget_frac,20,0.3,1004,full_feedback,1.7371745809650936,0.2171468226206367,0.04352360676981822,0.2957236842105263,1024.0,0.0016964595517237242,1.308067009382095,2.6263915359124432,0.9844736842105263,1.0
speed_budget,channel.speed_kmh|feedback.budget_frac,20,0.3,1005,Exact,1.665444188389696,0.208180523548712,0.012682148337521211,0.17164473684210527,73.54947368421053,0.02264386276291234,1.2872645287854483,2.715828769272663,0.9778947368421053,0.17164473684210527
speed_budget,channel.speed_kmh|feedback.budget_frac,20,0.3,1005,Optimised,1.5363984878836237,0.19204981098545296,0.15432576651299607,0.2042763157894737,286.9557894736842,0.005354129605475417,1.416310229291521,2.916393073015241,0.9778947368421053,0.4626315789473684
speed_budget,channel.speed_kmh|feedback.budget_frac,20,0.3,1005,Proposed,1.5173915971286707,0.18967394964108383,0.17490944249781967,0.16032894736842104,264.6736842105263,0.005733065611168618,1.4353171200464738,2.9485085392159904,0.9789473684210527,0.3844736842105263
speed_budget,channel.speed_kmh|feedback.budget_frac,20,0.3,1005,Baseline,1.5462056261060078,0.19327570326325097,0.11225321324778792,0.20960526315789474,256.0,0.006039865726976593,1.406503091069137,2.904354498522684,0.9781578947368421,0.5
speed_budget,channel.speed_kmh|feedback.budget_frac,20,0.3,1005,full_feedback,1.6335507580116242,0.20419384475145302,0.04701417317642618,0.30414473684210525,1024.0,0.0015952644121207268,1.3191579591635203,2.7716374671736412,0.9778947368421053,1.0
speed_budget,channel.speed_kmh|feedback.budget_frac,20,0.3,1006,Exact,1.7972818013746634,0.22466022517183293,0.010698265688844575,0.15855263157894736,66.54315789473684,0.02700926523832464,1.1896259110498568,2.4220077402568685,0.96,0.15855263157894736
speed_budget,channel.speed_kmh|feedback.budget_frac,20,0.3,1006,Optimised,1.6711235053371387,0.20889043816714234,0.1398117329285091,0.18638157894736843,286.9894736842105,0.005822943552194403,1.3157842070873813,2.6467711378566925,0.9602631578947368,0.4623684210526316
speed_budget,channel.speed_kmh|feedback.budget_frac,20,0.3,1006,Proposed,1.6727824186715177,0.2090978023339397,0.1451121593869779,0.14526315789473684,264.70736842105265,0.006319364771179064,1.3141252937530024,2.6812606466987097,0.9626315789473684,0.38592105263157894
speed_budget,channel.speed_kmh|feedback.budget_frac,20,0.3,1006,Baseline,1.6834902617220373,0.21043628271525466,0.1018105367211909,0.19638157894736843,256.0,0.006576133834851708,1.303417450702483,2.6388371149684247,0.9610526315789474,0.5
speed_budget,channel.speed_kmh|feedback.budget_frac,20,0.3,1006,full_feedback,1.7654144733799224,0.2206768091724903,0.04203273078947795,0.2848684210526316,1024.0,0.0017240375716600805,1.2214932390445976,2.485242412527434,0.96,1.0
speed_budget,channel.speed_kmh|feedback.budget_frac,20,0.3,1007,Exact,1.7161939452751156,0.21452424315938945,0.011040512085093454,0.16269736842105262,68.74947368421053,0.024963012126582553,1.1851908910024647,2.5383766817747175,0.9723684210526315,0.16269736842105262
speed_budget,channel.speed_kmh|feedback.budget_frac,20,0.3,1007,Optimised,1.5810634555545295,0.1976329319443162,0.1547952214420921,0.19861842105263158,287.34315789473686,0.0055023528910116744,1.3203213807230507,2.789751043382935,0.9755263157894737,0.4635526315789474
speed_budget,channel.speed_kmh|feedback.budget_frac,20,0.3,1007,Proposed,1.5720871474044165,0.19651089342555206,0.1589632504055499,0.15796052631578947,264.7578947368421,0.005937829158850968,1.3292976888731638,2.8172082092344977,0.9757894736842105,0.3855921052631579
speed_budget,channel.speed_kmh|feedback.budget_frac,20,0.3,1007,Baseline,1.600485007416852,0.2000606259271065,0.10506658831926985,0.20684210526315788,256.0,0.006251894560222078,1.300899828860728,2.759182525712668,0.9755263157894737,0.5
speed_budget,channel.speed_kmh|feedback.budget_frac,20,0.3,1007,full_feedback,1.682901988198598,0.21036274852482476,0.04214613537058392,0.2925,1024.0,0.0016434589728501934,1.218482848078982,2.5934330261368745,0.9726315789473684,1.0
speed_budget,channel.speed_kmh|feedback.budget_frac,20,0.3,1008,Exact,1.7325093961901923,0.21656367452377404,0.012856654203854987,0.16769736842105262,72.96,0.02374601694339628,1.2565833888229512,2.5467670530646394,0.9605263157894737,0.16769736842105262
speed_budget,channel.speed_kmh|feedback.budget_frac,20,0.3,1008,Optimised,1.5945588248267508,0.19931985310334385,0.15798432575964624,0.2043421052631579,286.7705263157895,0.005560399966176562,1.3945339601863922,2.864991336119743,0.9607894736842105,0.46210526315789474
speed_budget,channel.speed_kmh|feedback.budget_frac,20,0.3,1008,Proposed,1.5833413038399153,0.19791766297998942,0.1646531572173514,0.15657894736842104,264.1515789473684,0.005994063371301643,1.4057514811732277,2.834475612204215,0.9639473684210527,0.3836842105263158
speed_budget,channel.speed_kmh|feedback.budget_frac,20,0.3,1008,Baseline,1.5994121448310092,0.19992651810387616,0.11069227941847071,0.2069736842105263,256.0,0.00624770369074613,1.3896806401821342,2.80236417938957,0.9607894736842105,0.5
speed_budget,channel.speed_kmh|feedback.budget_frac,20,0.3,1008,full_feedback,1.6975977062269707,0.21219971327837134,0.044713190706977546,0.30046052631578946,1024.0,0.001657810259987276,1.2914950787861723,2.6184653952872106,0.9605263157894737,1.0
speed_budget,channel.speed_kmh|feedback.budget_frac,20,0.3,1009,Exact,1.8061183827188687,0.2257647978398586,0.011565626323910576,0.16467105263157894,68.98526315789474,0.02618122045262032,1.1808190150063518,2.5373937166884755,0.9242105263157895,0.16467105263157894
speed_budget,channel.speed_kmh|feedback.budget_frac,20,0.3,1009,Optimised,1.66427271109128,0.20803408888641,0.1577149447666867,0.20065789473684212,286.9557894736842,0.005799753035628874,1.3226646866339404,2.751571821744515,0.9271052631578948,0.46342105263157896
speed_budget,channel.speed_kmh|feedback.budget_frac,20,0.3,1009,Proposed,1.64478212705894,0.2055977658823675,0.1646598422774762,0.15546052631578947,264.97684210526313,0.006207267450208134,1.3421552706662807,2.8144080908441365,0.9276315789473685,0.38493421052631577
speed_budget,channel.speed_kmh|feedback.budget_frac,20,0.3,1009,Baseline,1.670406113609521,0.20880076420119012,0.10846377982249628,0.20921052631578949,256.0,0.006525023881287191,1.3165312841157,2.779883860161711,0.9268421052631579,0.5
speed_budget,channel.speed_kmh|feedback.budget_frac,20,0.3,1009,full_feedback,1.7732108606355297,0.2216513575794412,0.04308315567226669,0.2905921052631579,1024.0,0.0017316512310893845,1.2137265370896908,2.576311712032981,0.9247368421052632,1.0
speed_budget,channel.speed_kmh|feedback.budget_frac,20,0.5,1000,Exact,1.8313986495596963,0.22892483119496204,0.010960837688473687,0.15638157894736843,66.39157894736842,0.02758480335302054,1.1561364672503989,2.3822080752337613,0.9423684210526316,0.15638157894736843
speed_budget,channel.speed_kmh|feedback.budget_frac,20,0.5,1000,Optimised,1.7058495824108664,0.2132311978013583,0.13393464471199806,0.1875657894736842,512.0,0.0033317374656462234,1.2816855343992288,2.5723190545425783,0.9510526315789474,0.5844078947368421
speed_budget,channel.speed_kmh|feedback.budget_frac,20,0.5,1000,Proposed,1.7150916425124245,0.21438645531405306,0.1293795606417195,0.1868421052631579,512.0,0.003349788364282079,1.2724434742976705,2.5252516326744665,0.9481578947368421,0.5832894736842106
speed_budget,channel.speed_kmh|feedback.budget_frac,20,0.5,1000,Baseline,1.7535643744017848,0.2191955468002231,0.07784549084191054,0.3441447368421053,512.0,0.003424930418753486,1.2339707424083104,2.526328942981695,0.9447368421052632,1.0
speed_budget,channel.speed_kmh|feedback.budget_frac,20,0.5,1000,full_feedback,1.8025158631029798,0.22531448288787248,0.04002624032302912,0.2657894736842105,1024.0,0.0017602693975615038,1.1850192537071156,2.430697116143824,0.9426315789473684,1.0
speed_budget,channel.speed_kmh|feedback.budget_frac,20,0.5,1001,Exact,1.742842539653234,0.21785531745665426,0.011561988174266116,0.16519736842105262,70.21473684210527,0.024821606090647822,1.2455195843840037,2.624637032181161,0.9671052631578947,0.16519736842105262
speed_budget,channel.speed_kmh|feedback.budget_frac,20,0.5,1001,Optimised,1.5373461575341982,0.19216826969177478,0.1686328474328092,0.20348684210526316,512.0,0.003002629213933981,1.451015966503039,2.9228987244850035,0.9821052631578947,0.5884868421052631
speed_budget,channel.speed_kmh|feedback.budget_frac,20,0.5,1001,Proposed,1.6290609985288462,0.20363262481610578,0.13505130941607926,0.2086184210526316,512.0,0.003181759762751653,1.3593011255083913,2.815665064444704,0.9705263157894737,0.5940131578947369
speed_budget,channel.speed_kmh|feedback.budget_frac,20,0.5,1001,Baseline,1.6536597067052383,0.2067074633381548,0.08943104850481036,0.3817105263157895,512.0,0.0032298041146586686,1.3347024173319997,2.760725477637748,0.9681578947368421,1.0
speed_budget,channel.speed_kmh|feedback.budget_frac,20,0.5,1001,full_feedback,1.7101872934887903,0.21377341168609879,0.04498966641649456,0.29710526315789476,1024.0,0.0016701047787976468,1.2781748305484473,2.67928293287905,0.9671052631578947,1.0
speed_budget,channel.speed_kmh|feedback.budget_frac,20,0.5,1002,Exact,1.7273730139106886,0.21592162673883608,0.012222457719832923,0.1688157894736842,73.33052631578947,0.023555988217948357,1.2736333732203073,2.5937201537509296,0.9705263157894737,0.1688157894736842
speed_budget,channel.speed_kmh|feedback.budget_frac,20,0.5,1002,Optimised,1.561554094681826,0.19519426183522826,0.16389349154044663,0.2113157894736842,512.0,0.0030499103411754415,1.43945229244917,2.8984831015379307,0.9863157894736843,0.5861184210526316
speed_budget,channel.speed_kmh|feedback.budget_frac,20,0.5,1002,Proposed,1.5768757846835544,0.1971094730854443,0.1637779534001961,0.2130921052631579,512.0,0.003079835516960067,1.4241306024474416,2.868501885699442,0.9863157894736843,0.5882236842105263
speed_budget,channel.speed_kmh|feedback.budget_frac,20,0.5,1002,Baseline,1.633204945313599,0.20415061816419988,0.0922969150936088,0.39375,512.0,0.003189853408815623,1.367801441817397,2.7697677667631093,0.9715789473684211,1.0
speed_budget,channel.speed_kmh|feedback.budget_frac,20,0.5,1002,full_feedback,1.6895363855055108,0.21119204818818885,0.04727819261922799,0.30039473684210527,1024.0,0.0016499378764702254,1.3114700016254852,2.6705826167328066,0.9707894736842105,1.0
speed_budget,channel.speed_kmh|feedback.budget_frac,20,0.5,1003,Exact,1.8220264213872504,0.2277533026734063,0.009928611185368632,0.14342105263157895,59.72210526315789,0.030508409128558373,1.238006008399478,2.5137179712124125,0.9526315789473684,0.14342105263157895
speed_budget,channel.speed_kmh|feedback.budget_frac,20,0.5,1003,Optimised,1.701777424893686,0.21272217811171076,0.13121235047031848,0.17723684210526316,512.0,0.0033237840329954807,1.3582550048930424,2.7427670770809534,0.9555263157894737,0.5798684210526316
speed_budget,channel.speed_kmh|feedback.budget_frac,20,0.5,1003,Proposed,1.7052750541974795,0.21315938177468494,0.1342972062652016,0.17914473684210527,512.0,0.003330615340229452,1.3547573755892488,2.703443915282757,0.9592105263157895,0.5844078947368421
speed_budget,channel.speed_kmh|feedback.budget_frac,20,0.5,1003,Baseline,1.7475522339552858,0.21844402924441073,0.0768162739156468,0.33572368421052634,512.0,0.0034131879569439176,1.3124801958314425,2.6611524188152953,0.9544736842105264,1.0
speed_budget,channel.speed_kmh|feedback.budget_frac,20,0.5,1003,full_feedback,1.7956140169591202,0.22445175211989002,0.03987162327288933,0.2598684210526316,1024.0,0.0017535293134366408,1.2644184128276084,2.5715248903797705,0.9528947368421052,1.0
speed_budget,channel.speed_kmh|feedback.budget_frac,20,0.5,1004,Exact,1.7694465459253805,0.22118081824067257,0.011479929692562786,0.1694736842105263,71.66315789473684,0.02469116067316556,1.275795044421808,2.576415740696661,0.9842105263157894,0.1694736842105263
speed_budget,channel.speed_kmh|feedback.budget_frac,20,0.5,1004,Optimised,1.6334601328674474,0.20418251660843093,0.14359779360537467,0.20526315789473684,512.0,0.003190351822006733,1.4117814574797412,2.843625541485855,0.9855263157894737,0.5846052631578947
speed_budget,channel.speed_kmh|feedback.budget_frac,20,0.5,1004,Proposed,1.6543130966156774,0.20678913707695967,0.13447839930730962,0.2057236842105263,512.0,0.003231080266827495,1.3909284937315112,2.757550209065537,0.9860526315789474,0.59
speed_budget,channel.speed_kmh|feedback.budget_frac,20,0.5,1004,Baseline,1.6836335047112292,0.21045418808890365,0.08731430648016092,0.38651315789473684,512.0,0.0032883466888891195,1.3616080856359594,2.7127405978855443,0.9847368421052631,1.0
speed_budget,channel.speed_kmh|feedback.budget_frac,20,0.5,1004,full_feedback,1.7371745809650936,0.2171468226206367,0.04352360676981822,0.2957236842105263,1024.0,0.0016964595517237242,1.308067009382095,2.6263915359124432,0.9844736842105263,1.0
speed_budget,channel.speed_kmh|feedback.budget_frac,20,0.5,1005,Exact,1.6655126705512386,0.20818908381890483,0.01236213065838378,0.1725,74.3242105263158,0.022408750241101245,1.287196046623906,2.715798525910352,0.9778947368421053,0.1725
speed_budget,channel.speed_kmh|feedback.budget_frac,20,0.5,1005,Optimised,1.5049173811459877,0.18811467264324847,0.19293634678010554,0.2104605263157895,512.0,0.0029392917600507573,1.4477913360291568,2.8956008351182123,0.991578947368421,0.5816447368421053
speed_budget,channel.speed_kmh|feedback.budget_frac,20,0.5,1005,Proposed,1.534565382512933,0.19182067281411663,0.16191413132302157,0.21289473684210528,512.0,0.0029971980127205724,1.4181433346622117,2.8790428366815326,0.9863157894736843,0.5907236842105263
speed_budget,channel.speed_kmh|feedback.budget_frac,20,0.5,1005,Baseline,1.5793257498170408,0.1974157187271301,0.09149380947825228,0.3844736842105263,512.0,0.0030846206051114078,1.3733829673581037,2.8377610286969563,0.9781578947368421,1.0
speed_budget,channel.speed_kmh|feedback.budget_frac,20,0.5,1005,full_feedback,1.6335507580116242,0.20419384475145302,0.04701417317642618,0.30414473684210525,1024.0,0.0015952644121207268,1.3191579591635203,2.7716374671736412,0.9778947368421053,1.0
speed_budget,channel.speed_kmh|feedback.budget_frac,20,0.5,1006,Exact,1.7973129642266432,0.2246641205283304,0.010555269046597635,0.15927631578947368,67.16631578947369,0.026759141737953095,1.1895947481978768,2.4220077402568685,0.96,0.15927631578947368
speed_budget,channel.speed_kmh|feedback.budget_frac,20,0.5,1006,Optimised,1.6723218321340831,0.2090402290167604,0.1507582276784974,0.19348684210526315,512.0,0.003266253578386881,1.3145858802904369,2.6516243268156217,0.9702631578947368,0.5872368421052632
speed_budget,channel.speed_kmh|feedback.budget_frac,20,0.5,1006,Proposed,1.6815937553645495,0.21019921942056868,0.13427160339810154,0.19625,512.0,0.0032843628034463857,1.3053139570599703,2.6348524850319017,0.9626315789473684,0.5907236842105263
speed_budget,channel.speed_kmh|feedback.budget_frac,20,0.5,1006,Baseline,1.7173024513970723,0.21466280642463403,0.08077859848715914,0.3582236842105263,512.0,0.0033541063503849068,1.269605261027448,2.5501944731400057,0.9615789473684211,1.0
speed_budget,channel.speed_kmh|feedback.budget_frac,20,0.5,1006,full_feedback,1.7654144733799224,0.2206768091724903,0.04203273078947795,0.2848684210526316,1024.0,0.0017240375716600805,1.2214932390445976,2.485242412527434,0.96,1.0
speed_budget,channel.speed_kmh|feedback.budget_frac,20,0.5,1007,Exact,1.7161942844303641,0.21452428555379552,0.010863072660395927,0.16328947368421054,69.30526315789474,0.0247628276155657,1.1851905518472161,2.538332693126254,0.9723684210526315,0.16328947368421054
speed_budget,channel.speed_kmh|feedback.budget_frac,20,0.5,1007,Optimised,1.5803958957894437,0.19754948697368047,0.14378374814737485,0.2061184210526316,512.0,0.0030867107339637573,1.320988940488136,2.816229031349129,0.9763157894736842,0.5857236842105263
speed_budget,channel.speed_kmh|feedback.budget_frac,20,0.5,1007,Proposed,1.6028912510371733,0.20036140637964667,0.12894523171911715,0.21,512.0,0.003130646974681979,1.298493585240407,2.7618284797429564,0.9786842105263158,0.5882236842105263
speed_budget,channel.speed_kmh|feedback.budget_frac,20,0.5,1007,Baseline,1.628289496124834,0.20353618701560425,0.08468983411704037,0.3765131578947368,512.0,0.0031802529221188164,1.273095340152746,2.7032993314813702,0.9755263157894737,1.0
speed_budget,channel.speed_kmh|feedback.budget_frac,20,0.5,1007,full_feedback,1.682901988198598,0.21036274852482476,0.04214613537058392,0.2925,1024.0,0.0016434589728501934,1.218482848078982,2.5934330261368745,0.9726315789473684,1.0
speed_budget,channel.speed_kmh|feedback.budget_frac,20,0.5,1008,Exact,1.7326015558253904,0.2165751944781738,0.012548344244920814,0.16828947368421052,73.97052631578947,0.023422863701532914,1.2564912291877528,2.545957320831092,0.9605263157894737,0.16828947368421052
speed_budget,channel.speed_kmh|feedback.budget_frac,20,0.5,1008,Optimised,1.582255825840717,0.1977819782300896,0.1489154912183518,0.2044078947368421,512.0,0.00309034340984515,1.4068369591724263,2.812018822671226,0.9705263157894737,0.5904605263157895
speed_budget,channel.speed_kmh|feedback.budget_frac,20,0.5,1008,Proposed,1.604374654860649,0.20054683185758113,0.13853476272944248,0.20782894736842106,512.0,0.003133544247774705,1.3847181301524945,2.8049951013997316,0.9705263157894737,0.5911842105263158
speed_budget,channel.speed_kmh|feedback.budget_frac,20,0.5,1008,Baseline,1.6408472861381032,0.2051059107672629,0.08841686548086987,0.3759868421052632,512.0,0.0032047798557384827,1.34824549887504,2.703737631143748,0.9610526315789474,1.0
speed_budget,channel.speed_kmh|feedback.budget_frac,20,0.5,1008,full_feedback,1.6975977062269707,0.21219971327837134,0.044713190706977546,0.30046052631578946,1024.0,0.001657810259987276,1.2914950787861723,2.6184653952872106,0.9605263157894737,1.0
speed_budget,channel.speed_kmh|feedback.budget_frac,20,0.5,1009,Exact,1.8062532881702644,0.22578166102128305,0.011276274284242846,0.16539473684210526,69.37263157894736,0.026036972319764373,1.1806841095549565,2.5370904649375476,0.9242105263157895,0.16539473684210526
speed_budget,channel.speed_kmh|feedback.budget_frac,20,0.5,1009,Optimised,1.6711089117417979,0.20888861396772473,0.14655553877506086,0.20348684210526316,512.0,0.003263884593245699,1.315828485983423,2.7107891124107186,0.9457894736842105,0.5909210526315789
speed_budget,channel.speed_kmh|feedback.budget_frac,20,0.5,1009,Proposed,1.6531917132799618,0.20664896415999523,0.15889332439379897,0.2025,512.0,0.0032288900649999255,1.333745684445259,2.762118515765689,0.9415789473684211,0.5859210526315789
speed_budget,channel.speed_kmh|feedback.budget_frac,20,0.5,1009,Baseline,1.7163770387889838,0.21454712984862298,0.08361768453977732,0.36848684210526317,512.0,0.003352298903884734,1.2705603589362373,2.671218383691045,0.9255263157894736,1.0
speed_budget,channel.speed_kmh|feedback.budget_frac,20,0.5,1009,full_feedback,1.7732108606355297,0.2216513575794412,0.04308315567226669,0.2905921052631579,1024.0,0.0017316512310893845,1.2137265370896908,2.576311712032981,0.9247368421052632,1.0
speed_budget,channel.speed_kmh|feedback.budget_frac,20,0.75,1000,Exact,1.8313986495596963,0.22892483119496204,0.010960837688473687,0.15638157894736843,66.39157894736842,0.02758480335302054,1.1561364672503989,2.3822080752337613,0.9423684210526316,0.15638157894736843
speed_budget,channel.speed_kmh|feedback.budget_frac,20,0.75,1000,Optimised,1.7797632089015862,0.22247040111269828,0.07019224703406299,0.2361184210526316,768.0,0.0023174000115906072,1.2077719079085087,2.4646626108978356,0.9463157894736842,0.8068421052631579
speed_budget,channel.speed_kmh|feedback.budget_frac,20,0.75,1000,Proposed,1.7814189188200475,0.22267736485250594,0.07370546472420321,0.2355263157894737,768.0,0.0023195558838802702,1.2061161979900479,2.451650675393931,0.9463157894736842,0.8093421052631579
speed_budget,channel.speed_kmh|feedback.budget_frac,20,0.75,1000,Baseline,1.7535643744017848,0.2191955468002231,0.07784549084191054,0.3441447368421053,512.0,0.003424930418753486,1.2339707424083104,2.526328942981695,0.9447368421052632,1.0
speed_budget,channel.speed_kmh|feedback.budget_frac,20,0.75,1000,full_feedback,1.8025158631029798,0.22531448288787248,0.04002624032302912,0.2657894736842105,1024.0,0.0017602693975615038,1.1850192537071156,2.430697116143824,0.9426315789473684,1.0
speed_budget,channel.speed_kmh|feedback.budget_frac,20,0.75,1001,Exact,1.7428440611968348,0.21785550764960435,0.011558146201545024,0.16532894736842105,70.29894736842105,0.02479189413837136,1.2455180628404028,2.624637032181161,0.9671052631578947,0.16532894736842105
speed_budget,channel.speed_kmh|feedback.budget_frac,20,0.75,1001,Optimised,1.6911631786714985,0.2113953973339373,0.07746937902503744,0.26611842105263156,768.0,0.00220203538889518,1.2971989453657393,2.705369050602523,0.9673684210526315,0.8124342105263158
speed_budget,channel.speed_kmh|feedback.budget_frac,20,0.75,1001,Proposed,1.6968982920288085,0.21211228650360106,0.07522495608247529,0.2663815789473684,768.0,0.002209502984412511,1.291463832008429,2.701728498200133,0.9671052631578947,0.8149342105263158
speed_budget,channel.speed_kmh|feedback.budget_frac,20,0.75,1001,Baseline,1.6536597067052383,0.2067074633381548,0.08943104850481036,0.3817105263157895,512.0,0.0032298041146586686,1.3347024173319997,2.760725477637748,0.9681578947368421,1.0
speed_budget,channel.speed_kmh|feedback.budget_frac,20,0.75,1001,full_feedback,1.7101872934887903,0.21377341168609879,0.04498966641649456,0.29710526315789476,1024.0,0.0016701047787976468,1.2781748305484473,2.67928293287905,0.9671052631578947,1.0
speed_budget,channel.speed_kmh|feedback.budget_frac,20,0.75,1002,Exact,1.7273730139106886,0.21592162673883608,0.012222457719832923,0.1688157894736842,73.33052631578947,0.023555988217948357,1.2736333732203073,2.5937201537509296,0.9705263157894737,0.1688157894736842
speed_budget,channel.speed_kmh|feedback.budget_frac,20,0.75,1002,Optimised,1.672467190639337,0.2090583988299171,0.08227859928068425,0.26552631578947367,768.0,0.0021776916544783034,1.3285391964916593,2.701568395805063,0.9713157894736842,0.8102631578947368
speed_budget,channel.speed_kmh|feedback.budget_frac,20,0.75,1002,Proposed,1.674200593398842,0.20927507417485525,0.08070382472430801,0.26539473684210524,768.0,0.0021799486893214087,1.326805793732154,2.690556009015596,0.9713157894736842,0.8120394736842105
speed_budget,channel.speed_kmh|feedback.budget_frac,20,0.75,1002,Baseline,1.633204945313599,0.20415061816419988,0.0922969150936088,0.39375,512.0,0.003189853408815623,1.367801441817397,2.7697677667631093,0.9715789473684211,1.0
speed_budget,channel.speed_kmh|feedback.budget_frac,20,0.75,1002,full_feedback,1.6895363855055108,0.21119204818818885,0.04727819261922799,0.30039473684210527,1024.0,0.0016499378764702254,1.3114700016254852,2.6705826167328066,0.9707894736842105,1.0
speed_budget,channel.speed_kmh|feedback.budget_frac,20,0.75,1003,Exact,1.8220264213872504,0.2277533026734063,0.009928611185368632,0.14342105263157895,59.72210526315789,0.030508409128558373,1.238006008399478,2.5137179712124125,0.9526315789473684,0.14342105263157895
speed_budget,channel.speed_kmh|feedback.budget_frac,20,0.75,1003,Optimised,1.7796446576476233,0.2224555822059529,0.07003954695892757,0.2288815789473684,768.0,0.0023172456479786763,1.280387772139105,2.5951048888442187,0.9528947368421052,0.8060526315789474
speed_budget,channel.speed_kmh|feedback.budget_frac,20,0.75,1003,Proposed,1.7821579325629346,0.22276974157036683,0.06839698599222252,0.2299342105263158,768.0,0.002320518141357988,1.2778744972237936,2.5903215277883347,0.9528947368421052,0.8079605263157895
speed_budget,channel.speed_kmh|feedback.budget_frac,20,0.75,1003,Baseline,1.7475522339552858,0.21844402924441073,0.0768162739156468,0.33572368421052634,512.0,0.0034131879569439176,1.3124801958314425,2.6611524188152953,0.9544736842105264,1.0
speed_budget,channel.speed_kmh|feedback.budget_frac,20,0.75,1003,full_feedback,1.7956140169591202,0.22445175211989002,0.03987162327288933,0.2598684210526316,1024.0,0.0017535293134366408,1.2644184128276084,2.5715248903797705,0.9528947368421052,1.0
speed_budget,channel.speed_kmh|feedback.budget_frac,20,0.75,1004,Exact,1.7694465459253805,0.22118081824067257,0.011479929692562786,0.1694736842105263,71.66315789473684,0.02469116067316556,1.275795044421808,2.576415740696661,0.9842105263157894,0.1694736842105263
speed_budget,channel.speed_kmh|feedback.budget_frac,20,0.75,1004,Optimised,1.7113495599381283,0.21391869499226604,0.07966940532009148,0.26526315789473687,768.0,0.0022283197395027714,1.3338920304090605,2.6868256417000125,0.9857894736842105,0.8136184210526316
speed_budget,channel.speed_kmh|feedback.budget_frac,20,0.75,1004,Proposed,1.7182093648780095,0.21477617060975118,0.07670079970022221,0.2644078947368421,768.0,0.002237251777184908,1.327032225469179,2.6615475814425764,0.9857894736842105,0.8169078947368421
speed_budget,channel.speed_kmh|feedback.budget_frac,20,0.75,1004,Baseline,1.6836335047112292,0.21045418808890365,0.08731430648016092,0.38651315789473684,512.0,0.0032883466888891195,1.3616080856359594,2.7127405978855443,0.9847368421052631,1.0
speed_budget,channel.speed_kmh|feedback.budget_frac,20,0.75,1004,full_feedback,1.7371745809650936,0.2171468226206367,0.04352360676981822,0.2957236842105263,1024.0,0.0016964595517237242,1.308067009382095,2.6263915359124432,0.9844736842105263,1.0
speed_budget,channel.speed_kmh|feedback.budget_frac,20,0.75,1005,Exact,1.6655126705512386,0.20818908381890483,0.01236213065838378,0.1725,74.3242105263158,0.022408750241101245,1.287196046623906,2.715798525910352,0.9778947368421053,0.1725
speed_budget,channel.speed_kmh|feedback.budget_frac,20,0.75,1005,Optimised,1.6154286238741395,0.20192857798426744,0.08083044119622067,0.2669736842105263,768.0,0.002103422687336119,1.337280093301005,2.7944982647105308,0.978421052631579,0.8094078947368422
speed_budget,channel.speed_kmh|feedback.budget_frac,20,0.75,1005,Proposed,1.6170575196148422,0.20213218995185528,0.07979696295774738,0.2663815789473684,768.0,0.002105543645331826,1.3356511975603023,2.7902960494134343,0.978421052631579,0.8108552631578947
speed_budget,channel.speed_kmh|feedback.budget_frac,20,0.75,1005,Baseline,1.5793257498170408,0.1974157187271301,0.09149380947825228,0.3844736842105263,512.0,0.0030846206051114078,1.3733829673581037,2.8377610286969563,0.9781578947368421,1.0
speed_budget,channel.speed_kmh|feedback.budget_frac,20,0.75,1005,full_feedback,1.6335507580116242,0.20419384475145302,0.04701417317642618,0.30414473684210525,1024.0,0.0015952644121207268,1.3191579591635203,2.7716374671736412,0.9778947368421053,1.0
speed_budget,channel.speed_kmh|feedback.budget_frac,20,0.75,1006,Exact,1.7973129642266432,0.2246641205283304,0.010555269046597635,0.15927631578947368,67.16631578947369,0.026759141737953095,1.1895947481978768,2.4220077402568685,0.96,0.15927631578947368
speed_budget,channel.speed_kmh|feedback.budget_frac,20,0.75,1006,Optimised,1.7407463364154627,0.21759329205193284,0.07705078297734444,0.24717105263157896,768.0,0.0022665967922076338,1.2461613760090573,2.506329693154941,0.9615789473684211,0.8095394736842105
speed_budget,channel.speed_kmh|feedback.budget_frac,20,0.75,1006,Proposed,1.745021450479395,0.21812768130992438,0.07482315111843396,0.24828947368421053,768.0,0.002272163346978379,1.241886261945125,2.5159514853932086,0.9602631578947368,0.8120394736842105
speed_budget,channel.speed_kmh|feedback.budget_frac,20,0.75,1006,Baseline,1.7173024513970723,0.21466280642463403,0.08077859848715914,0.3582236842105263,512.0,0.0033541063503849068,1.269605261027448,2.5501944731400057,0.9615789473684211,1.0
speed_budget,channel.speed_kmh|feedback.budget_frac,20,0.75,1006,full_feedback,1.7654144733799224,0.2206768091724903,0.04203273078947795,0.2848684210526316,1024.0,0.0017240375716600805,1.2214932390445976,2.485242412527434,0.96,1.0
speed_budget,channel.speed_kmh|feedback.budget_frac,20,0.75,1007,Exact,1.7161942844303641,0.21452428555379552,0.010863072660395927,0.16328947368421054,69.30526315789474,0.0247628276155657,1.1851905518472161,2.538332693126254,0.9723684210526315,0.16328947368421054
speed_budget,channel.speed_kmh|feedback.budget_frac,20,0.75,1007,Optimised,1.6556451340186606,0.20695564175233258,0.08544117204082034,0.25953947368421054,768.0,0.002155787934920131,1.2457397022589196,2.641513994400997,0.9744736842105263,0.8089473684210526
speed_budget,channel.speed_kmh|feedback.budget_frac,20,0.75,1007,Proposed,1.657009635003586,0.20712620437544824,0.0818796704710361,0.2615789473684211,768.0,0.0021575646289109193,1.2443752012739944,2.6409839473798224,0.9744736842105263,0.8113815789473684
speed_budget,channel.speed_kmh|feedback.budget_frac,20,0.75,1007,Baseline,1.628289496124834,0.20353618701560425,0.08468983411704037,0.3765131578947368,512.0,0.0031802529221188164,1.273095340152746,2.7032993314813702,0.9755263157894737,1.0
speed_budget,channel.speed_kmh|feedback.budget_frac,20,0.75,1007,full_feedback,1.682901988198598,0.21036274852482476,0.04214613537058392,0.2925,1024.0,0.0016434589728501934,1.218482848078982,2.5934330261368745,0.9726315789473684,1.0
speed_budget,channel.speed_kmh|feedback.budget_frac,20,0.75,1008,Exact,1.7326015558253904,0.2165751944781738,0.012548344244920814,0.16828947368421052,73.97052631578947,0.023422863701532914,1.2564912291877528,2.545957320831092,0.9605263157894737,0.16828947368421052
speed_budget,channel.speed_kmh|feedback.budget_frac,20,0.75,1008,Optimised,1.6727029897956838,0.20908787372446047,0.07926472341014848,0.26802631578947367,768.0,0.0021779986846297964,1.3163897952174595,2.660956434040419,0.9605263157894737,0.8123026315789473
speed_budget,channel.speed_kmh|feedback.budget_frac,20,0.75,1008,Proposed,1.674722964464696,0.209340370558087,0.07940934239813519,0.26848684210526313,768.0,0.002180628859980073,1.314369820548447,2.6548223992121938,0.9605263157894737,0.8125657894736842
speed_budget,channel.speed_kmh|feedback.budget_frac,20,0.75,1008,Baseline,1.6408472861381032,0.2051059107672629,0.08841686548086987,0.3759868421052632,512.0,0.0032047798557384827,1.34824549887504,2.703737631143748,0.9610526315789474,1.0
speed_budget,channel.speed_kmh|feedback.budget_frac,20,0.75,1008,full_feedback,1.6975977062269707,0.21219971327837134,0.044713190706977546,0.30046052631578946,1024.0,0.001657810259987276,1.2914950787861723,2.6184653952872106,0.9605263157894737,1.0
speed_budget,channel.speed_kmh|feedback.budget_frac,20,0.75,1009,Exact,1.8062532881702644,0.22578166102128305,0.011276274284242846,0.16539473684210526,69.37263157894736,0.026036972319764373,1.1806841095549565,2.5370904649375476,0.9242105263157895,0.16539473684210526
speed_budget,channel.speed_kmh|feedback.budget_frac,20,0.75,1009,Optimised,1.740799659015368,0.217599957376921,0.08733180838066927,0.2551973684210526,768.0,0.0022666662226762603,1.2461377387098527,2.6180594652871276,0.935,0.81
speed_budget,channel.speed_kmh|feedback.budget_frac,20,0.75,1009,Proposed,1.7462145209435158,0.21827681511793948,0.0830081235570016,0.255,768.0,0.002273716824145203,1.240722876781705,2.609936427801825,0.9307894736842105,0.8116447368421053
speed_budget,channel.speed_kmh|feedback.budget_frac,20,0.75,1009,Baseline,1.7163770387889838,0.21454712984862298,0.08361768453977732,0.36848684210526317,512.0,0.003352298903884734,1.2705603589362373,2.671218383691045,0.9255263157894736,1.0
speed_budget,channel.speed_kmh|feedback.budget_frac,20,0.75,1009,full_feedback,1.7732108606355297,0.2216513575794412,0.04308315567226669,0.2905921052631579,1024.0,0.0017316512310893845,1.2137265370896908,2.576311712032981,0.9247368421052632,1.0
speed_budget,channel.speed_kmh|feedback.budget_frac,20,1.0,1000,Exact,1.8313986495596963,0.22892483119496204,0.010960837688473687,0.15638157894736843,66.39157894736842,0.02758480335302054,1.1561364672503989,2.3822080752337613,0.9423684210526316,0.15638157894736843
speed_budget,channel.speed_kmh|feedback.budget_frac,20,1.0,1000,Optimised,1.8025158631029798,0.22531448288787248,0.04002624032302912,0.2657894736842105,1024.0,0.0017602693975615038,1.1850192537071156,2.430697116143824,0.9426315789473684,1.0
speed_budget,channel.speed_kmh|feedback.budget_frac,20,1.0,1000,Proposed,1.8025158631029798,0.22531448288787248,0.04002624032302912,0.2657894736842105,1024.0,0.0017602693975615038,1.1850192537071156,2.430697116143824,0.9426315789473684,1.0
speed_budget,channel.speed_kmh|feedback.budget_frac,20,1.0,1000,Baseline,1.7535643744017848,0.2191955468002231,0.07784549084191054,0.3441447368421053,512.0,0.003424930418753486,1.2339707424083104,2.526328942981695,0.9447368421052632,1.0
speed_budget,channel.speed_kmh|feedback.budget_frac,20,1.0,1000,full_feedback,1.8025158631029798,0.22531448288787248,0.04002624032302912,0.2657894736842105,1024.0,0.0017602693975615038,1.1850192537071156,2.430697116143824,0.9426315789473684,1.0
speed_budget,channel.speed_kmh|feedback.budget_frac,20,1.0,1001,Exact,1.7428440611968348,0.21785550764960435,0.011558146201545024,0.16532894736842105,70.29894736842105,0.02479189413837136,1.2455180628404028,2.624637032181161,0.9671052631578947,0.16532894736842105
speed_budget,channel.speed_kmh|feedback.budget_frac,20,1.0,1001,Optimised,1.7101872934887903,0.21377341168609879,0.04498966641649456,0.29710526315789476,1024.0,0.0016701047787976468,1.2781748305484473,2.67928293287905,0.9671052631578947,1.0
speed_budget,channel.speed_kmh|feedback.budget_frac,20,1.0,1001,Proposed,1.7101872934887903,0.21377341168609879,0.04498966641649456,0.29710526315789476,1024.0,0.0016701047787976468,1.2781748305484473,2.67928293287905,0.9671052631578947,1.0
speed_budget,channel.speed_kmh|feedback.budget_frac,20,1.0,1001,Baseline,1.6536597067052383,0.2067074633381548,0.08943104850481036,0.3817105263157895,512.0,0.0032298041146586686,1.3347024173319997,2.760725477637748,0.9681578947368421,1.0
speed_budget,channel.speed_kmh|feedback.budget_frac,20,1.0,1001,full_feedback,1.7101872934887903,0.21377341168609879,0.04498966641649456,0.29710526315789476,1024.0,0.0016701047787976468,1.2781748305484473,2.67928293287905,0.9671052631578947,1.0
speed_budget,channel.speed_kmh|feedback.budget_frac,20,1.0,1002,Exact,1.7273730139106886,0.21592162673883608,0.012222457719832923,0.1688157894736842,73.33052631578947,0.023555988217948357,1.2736333732203073,2.5937201537509296,0.9705263157894737,0.1688157894736842
speed_budget,channel.speed_kmh|feedback.budget_frac,20,1.0,1002,Optimised,1.6895363855055108,0.21119204818818885,0.04727819261922799,0.30039473684210527,1024.0,0.0016499378764702254,1.3114700016254852,2.6705826167328066,0.9707894736842105,1.0
speed_budget,channel.speed_kmh|feedback.budget_frac,20,1.0,1002,Proposed,1.6895363855055108,0.21119204818818885,0.04727819261922799,0.30039473684210527,1024.0,0.0016499378764702254,1.3114700016254852,2.6705826167328066,0.9707894736842105,1.0
speed_budget,channel.speed_kmh|feedback.budget_frac,20,1.0,1002,Baseline,1.633204945313599,0.20415061816419988,0.0922969150936088,0.39375,512.0,0.003189853408815623,1.367801441817397,2.7697677667631093,0.9715789473684211,1.0
speed_budget,channel.speed_kmh|feedback.budget_frac,20,1.0,1002,full_feedback,1.6895363855055108,0.21119204818818885,0.04727819261922799,0.30039473684210527,1024.0,0.0016499378764702254,1.3114700016254852,2.6705826167328066,0.9707894736842105,1.0
speed_budget,channel.speed_kmh|feedback.budget_frac,20,1.0,1003,Exact,1.8220264213872504,0.2277533026734063,0.009928611185368632,0.14342105263157895,59.72210526315789,0.030508409128558373,1.238006008399478,2.5137179712124125,0.9526315789473684,0.14342105263157895
speed_budget,channel.speed_kmh|feedback.budget_frac,20,1.0,1003,Optimised,1.7956140169591202,0.22445175211989002,0.03987162327288933,0.2598684210526316,1024.0,0.0017535293134366408,1.2644184128276084,2.5715248903797705,0.9528947368421052,1.0
speed_budget,channel.speed_kmh|feedback.budget_frac,20,1.0,1003,Proposed,1.7956140169591202,0.22445175211989002,0.03987162327288933,0.2598684210526316,1024.0,0.0017535293134366408,1.2644184128276084,2.5715248903797705,0.9528947368421052,1.0
speed_budget,channel.speed_kmh|feedback.budget_frac,20,1.0,1003,Baseline,1.7475522339552858,0.21844402924441073,0.0768162739156468,0.33572368421052634,512.0,0.0034131879569439176,1.3124801958314425,2.6611524188152953,0.9544736842105264,1.0
speed_budget,channel.speed_kmh|feedback.budget_frac,20,1.0,1003,full_feedback,1.7956140169591202,0.22445175211989002,0.03987162327288933,0.2598684210526316,1024.0,0.0017535293134366408,1.2644184128276084,2.5715248903797705,0.9528947368421052,1.0
speed_budget,channel.speed_kmh|feedback.budget_frac,20,1.0,1004,Exact,1.7694465459253805,0.22118081824067257,0.011479929692562786,0.1694736842105263,71.66315789473684,0.02469116067316556,1.275795044421808,2.576415740696661,0.9842105263157894,0.1694736842105263
speed_budget,channel.speed_kmh|feedback.budget_frac,20,1.0,1004,Optimised,1.7371745809650936,0.2171468226206367,0.04352360676981822,0.2957236842105263,1024.0,0.0016964595517237242,1.308067009382095,2.6263915359124432,0.9844736842105263,1.0
speed_budget,channel.speed_kmh|feedback.budget_frac,20,1.0,1004,Proposed,1.7371745809650936,0.2171468226206367,0.04352360676981822,0.2957236842105263,1024.0,0.0016964595517237242,1.308067009382095,2.6263915359124432,0.9844736842105263,1.0
speed_budget,channel.speed_kmh|feedback.budget_frac,20,1.0,1004,Baseline,1.6836335047112292,0.21045418808890365,0.08731430648016092,0.38651315789473684,512.0,0.0032883466888891195,1.3616080856359594,2.7127405978855443,0.9847368421052631,1.0
speed_budget,channel.speed_kmh|feedback.budget_frac,20,1.0,1004,full_feedback,1.7371745809650936,0.2171468226206367,0.04352360676981822,0.2957236842105263,1024.0,0.0016964595517237242,1.308067009382095,2.6263915359124432,0.9844736842105263,1.0
speed_budget,channel.speed_kmh|feedback.budget_frac,20,1.0,1005,Exact,1.6655126705512386,0.20818908381890483,0.01236213065838378,0.1725,74.3242105263158,0.022408750241101245,1.287196046623906,2.715798525910352,0.9778947368421053,0.1725
speed_budget,channel.speed_kmh|feedback.budget_frac,20,1.0,1005,Optimised,1.6335507580116242,0.20419384475145302,0.04701417317642618,0.30414473684210525,1024.0,0.0015952644121207268,1.3191579591635203,2.7716374671736412,0.9778947368421053,1.0
speed_budget,channel.speed_kmh|feedback.budget_frac,20,1.0,1005,Proposed,1.6335507580116242,0.20419384475145302,0.04701417317642618,0.30414473684210525,1024.0,0.0015952644121207268,1.3191579591635203,2.7716374671736412,0.9778947368421053,1.0
speed_budget,channel.speed_kmh|feedback.budget_frac,20,1.0,1005,Baseline,1.5793257498170408,0.1974157187271301,0.09149380947825228,0.3844736842105263,512.0,0.0030846206051114078,1.3733829673581037,2.8377610286969563,0.9781578947368421,1.0
speed_budget,channel.speed_kmh|feedback.budget_frac,20,1.0,1005,full_feedback,1.6335507580116242,0.20419384475145302,0.04701417317642618,0.30414473684210525,1024.0,0.0015952644121207268,1.3191579591635203,2.7716374671736412,0.9778947368421053,1.0
speed_budget,channel.speed_kmh|feedback.budget_frac,20,1.0,1006,Exact,1.7973129642266432,0.2246641205283304,0.010555269046597635,0.15927631578947368,67.16631578947369,0.026759141737953095,1.1895947481978768,2.4220077402568685,0.96,0.15927631578947368
speed_budget,channel.speed_kmh|feedback.budget_frac,20,1.0,1006,Optimised,1.7654144733799224,0.2206768091724903,0.04203273078947795,0.2848684210526316,1024.0,0.0017240375716600805,1.2214932390445976,2.485242412527434,0.96,1.0
speed_budget,channel.speed_kmh|feedback.budget_frac,20,1.0,1006,Proposed,1.7654144733799224,0.2206768091724903,0.04203273078947795,0.2848684210526316,1024.0,0.0017240375716600805,1.2214932390445976,2.485242412527434,0.96,1.0
speed_budget,channel.speed_kmh|feedback.budget_frac,20,1.0,1006,Baseline,1.7173024513970723,0.21466280642463403,0.08077859848715914,0.3582236842105263,512.0,0.0033541063503849068,1.269605261027448,2.5501944731400057,0.9615789473684211,1.0
speed_budget,channel.speed_kmh|feedback.budget_frac,20,1.0,1006,full_feedback,1.7654144733799224,0.2206768091724903,0.04203273078947795,0.2848684210526316,1024.0,0.0017240375716600805,1.2214932390445976,2.485242412527434,0.96,1.0
speed_budget,channel.speed_kmh|feedback.budget_frac,20,1.0,1007,Exact,1.7161942844303641,0.21452428555379552,0.010863072660395927,0.16328947368421054,69.30526315789474,0.0247628276155657,1.1851905518472161,2.538332693126254,0.9723684210526315,0.16328947368421054
speed_budget,channel.speed_kmh|feedback.budget_frac,20,1.0,1007,Optimised,1.682901988198598,0.21036274852482476,0.04214613537058392,0.2925,1024.0,0.0016434589728501934,1.218482848078982,2.5934330261368745,0.9726315789473684,1.0
speed_budget,channel.speed_kmh|feedback.budget_frac,20,1.0,1007,Proposed,1.682901988198598,0.21036274852482476,0.04214613537058392,0.2925,1024.0,0.0016434589728501934,1.218482848078982,2.5934330261368745,0.9726315789473684,1.0
speed_budget,channel.speed_kmh|feedback.budget_frac,20,1.0,1007,Baseline,1.628289496124834,0.20353618701560425,0.08468983411704037,0.3765131578947368,512.0,0.0031802529221188164,1.273095340152746,2.7032993314813702,0.9755263157894737,1.0
speed_budget,channel.speed_kmh|feedback.budget_frac,20,1.0,1007,full_feedback,1.682901988198598,0.21036274852482476,0.04214613537058392,0.2925,1024.0,0.0016434589728501934,1.218482848078982,2.5934330261368745,0.9726315789473684,1.0
speed_budget,channel.speed_kmh|feedback.budget_frac,20,1.0,1008,Exact,1.7326015558253904,0.2165751944781738,0.012548344244920814,0.16828947368421052,73.97052631578947,0.023422863701532914,1.2564912291877528,2.545957320831092,0.9605263157894737,0.16828947368421052
speed_budget,channel.speed_kmh|feedback.budget_frac,20,1.0,1008,Optimised,1.6975977062269707,0.21219971327837134,0.044713190706977546,0.30046052631578946,1024.0,0.001657810259987276,1.2914950787861723,2.6184653952872106,0.9605263157894737,1.0
speed_budget,channel.speed_kmh|feedback.budget_frac,20,1.0,1008,Proposed,1.6975977062269707,0.21219971327837134,0.044713190706977546,0.30046052631578946,1024.0,0.001657810259987276,1.2914950787861723,2.6184653952872106,0.9605263157894737,1.0
speed_budget,channel.speed_kmh|feedback.budget_frac,20,1.0,1008,Baseline,1.6408472861381032,0.2051059107672629,0.08841686548086987,0.3759868421052632,512.0,0.0032047798557384827,1.34824549887504,2.703737631143748,0.9610526315789474,1.0
speed_budget,channel.speed_kmh|feedback.budget_frac,20,1.0,1008,full_feedback,1.6975977062269707,0.21219971327837134,0.044713190706977546,0.30046052631578946,1024.0,0.001657810259987276,1.2914950787861723,2.6184653952872106,0.9605263157894737,1.0
speed_budget,channel.speed_kmh|feedback.budget_frac,20,1.0,1009,Exact,1.8062532881702644,0.22578166102128305,0.011276274284242846,0.16539473684210526,69.37263157894736,0.026036972319764373,1.1806841095549565,2.5370904649375476,0.9242105263157895,0.16539473684210526
speed_budget,channel.speed_kmh|feedback.budget_frac,20,1.0,1009,Optimised,1.7732108606355297,0.2216513575794412,0.04308315567226669,0.2905921052631579,1024.0,0.0017316512310893845,1.2137265370896908,2.576311712032981,0.9247368421052632,1.0
speed_budget,channel.speed_kmh|feedback.budget_frac,20,1.0,1009,Proposed,1.7732108606355297,0.2216513575794412,0.04308315567226669,0.2905921052631579,1024.0,0.0017316512310893845,1.2137265370896908,2.576311712032981,0.9247368421052632,1.0
speed_budget,channel.speed_kmh|feedback.budget_frac,20,1.0,1009,Baseline,1.7163770387889838,0.21454712984862298,0.08361768453977732,0.36848684210526317,512.0,0.003352298903884734,1.2705603589362373,2.671218383691045,0.9255263157894736,1.0
speed_budget,channel.speed_kmh|feedback.budget_frac,20,1.0,1009,full_feedback,1.7732108606355297,0.2216513575794412,0.04308315567226669,0.2905921052631579,1024.0,0.0017316512310893845,1.2137265370896908,2.576311712032981,0.9247368421052632,1.0
speed_budget,channel.speed_kmh|feedback.budget_frac,30,0.05,1000,Exact,1.7083406366963094,0.21354257958703868,0.11928037380098781,0.11111842105263157,28.446315789473683,0.06005489952862248,1.2791944801137858,2.66187709434652,0.9660526315789474,0.11111842105263157
speed_budget,channel.speed_kmh|feedback.budget_frac,30,0.05,1000,Optimised,1.1203363279679448,0.1400420409959931,0.44438543046067697,0.07473684210526316,32.0,0.035010510248998275,1.8671987888421504,3.4615368745179453,0.985,0.125
speed_budget,channel.speed_kmh|feedback.budget_frac,30,0.05,1000,Proposed,1.2040959483199836,0.15051199353999795,0.3924777921458844,0.07894736842105263,32.0,0.037627998384999486,1.7834391684901114,3.428608666717826,0.9823684210526316,0.125
speed_budget,channel.speed_kmh|feedback.budget_frac,30,0.05,1000,Baseline,0.5604923230584768,0.0700615403823096,0.7206056522589006,0.0,0.0,,2.4270427937516184,4.111369390210274,0.9981578947368421,0.0
speed_budget,channel.speed_kmh|feedback.budget_frac,30,0.05,1000,full_feedback,1.7798132677326755,0.22247665846658443,0.03993362063267675,0.33631578947368423,1024.0,0.0017380988942701909,1.2077218490774195,2.523089830328595,0.9639473684210527,1.0
speed_budget,channel.speed_kmh|feedback.budget_frac,30,0.05,1001,Exact,1.6090893920207678,0.20113617400259598,0.14915264943027373,0.1150657894736842,29.456842105263156,0.05462531884004179,1.37927273201647,2.8194685555554355,0.9657894736842105,0.1150657894736842
speed_budget,channel.speed_kmh|feedback.budget_frac,30,0.05,1001,Optimised,0.960317038669272,0.120039629833659,0.4792527927238027,0.08223684210526316,32.0,0.03000990745841475,2.0280450853679657,3.852551741737562,0.9844736842105263,0.125
speed_budget,channel.speed_kmh|feedback.budget_frac,30,0.05,1001,Proposed,1.0104836225001028,0.12631045281251285,0.44767781603127094,0.08401315789473685,32.0,0.03157761320312821,1.977878501537135,3.721287766845769,0.9823684210526316,0.125
speed_budget,channel.speed_kmh|feedback.budget_frac,30,0.05,1001,Baseline,0.28560402231742243,0.035700502789677804,0.7492178474273327,0.0,0.0,,2.702758101719815,4.6119984761858595,0.9928947368421053,0.0
speed_budget,channel.speed_kmh|feedback.budget_frac,30,0.05,1001,full_feedback,1.7021851489786748,0.21277314362233435,0.04700331991275771,0.36427631578947367,1024.0,0.001662290184549487,1.2861769750585628,2.676673491403858,0.965,1.0
speed_budget,channel.speed_kmh|feedback.budget_frac,30,0.05,1002,Exact,1.6079289375112766,0.20099111718890958,0.14628956547919644,0.11552631578947369,29.574736842105263,0.05436832611886791,1.3930774496197194,2.8554217237261095,0.9628947368421052,0.11552631578947369
speed_budget,channel.speed_kmh|feedback.budget_frac,30,0.05,1002,Optimised,0.969084125226961,0.12113551565337012,0.5121601787283903,0.08322368421052631,32.0,0.03028387891334253,2.031922261904035,3.874282950550497,0.991578947368421,0.125
speed_budget,channel.speed_kmh|feedback.budget_frac,30,0.05,1002,Proposed,0.8938129857820901,0.11172662322276126,0.4808394178237268,0.08157894736842106,32.0,0.027931655805690316,2.1071934013489058,3.937019824885464,0.9821052631578947,0.125
speed_budget,channel.speed_kmh|feedback.budget_frac,30,0.05,1002,Baseline,0.3395303770377915,0.042441297129723936,0.7455971710641429,0.0,0.0,,2.6614760100932044,4.685946666565714,0.9939473684210526,0.0
speed_budget,channel.speed_kmh|feedback.budget_frac,30,0.05,1002,full_feedback,1.6956414489557743,0.21195518111947179,0.04517818146306644,0.3624342105263158,1024.0,0.0016558998524958733,1.305364938175222,2.702766797591136,0.9613157894736842,1.0
speed_budget,channel.speed_kmh|feedback.budget_frac,30,0.05,1003,Exact,1.718339266735182,0.21479240834189775,0.11263215339186487,0.10782894736842105,27.60421052631579,0.06224917264331997,1.3416931630515463,2.7040586999549108,0.9468421052631579,0.10782894736842105
speed_budget,channel.speed_kmh|feedback.budget_frac,30,0.05,1003,Optimised,1.2225238304976063,0.15281547881220078,0.3926363813265904,0.07684210526315789,32.0,0.038203869703050196,1.8375085992891225,3.3475753607335648,0.9794736842105263,0.125
speed_budget,channel.speed_kmh|feedback.budget_frac,30,0.05,1003,Proposed,1.304513301645982,0.16306416270574775,0.34385906089010115,0.07697368421052632,32.0,0.04076604067643694,1.7555191281407463,3.3455786906558362,0.9563157894736842,0.125
speed_budget,channel.speed_kmh|feedback.budget_frac,30,0.05,1003,Baseline,0.8849159670533857,0.11061449588167321,0.5573427580772633,0.0,0.0,,2.1751164627333424,3.8075067696186378,0.9997368421052631,0.0
speed_budget,channel.speed_kmh|feedback.budget_frac,30,0.05,1003,full_feedback,1.7811337134035174,0.22264171417543968,0.04067995813968809,0.3180921052631579,1024.0,0.0017393883919956225,1.278898716383211,2.619191438520998,0.9465789473684211,1.0
speed_budget,channel.speed_kmh|feedback.budget_frac,30,0.05,1004,Exact,1.6337624431589177,0.20422030539486472,0.15105450384488436,0.11447368421052631,29.305263157894736,0.055749796012965945,1.411479147188271,2.8304441649729686,0.9765789473684211,0.11447368421052631
speed_budget,channel.speed_kmh|feedback.budget_frac,30,0.05,1004,Optimised,0.8044205747301261,0.10055257184126576,0.5436793959493281,0.08223684210526316,32.0,0.02513814296031644,2.2408210156170627,4.072426181021857,0.9902631578947368,0.125
speed_budget,channel.speed_kmh|feedback.budget_frac,30,0.05,1004,Proposed,0.9805049750223274,0.12256312187779092,0.45072286738046324,0.08203947368421052,32.0,0.03064078046944773,2.064736615324861,3.8552532942037065,0.9873684210526316,0.125
speed_budget,channel.speed_kmh|feedback.budget_frac,30,0.05,1004,Baseline,0.48934638578060435,0.061168298222575544,0.814252522006713,0.0,0.0,,2.5558952045665846,4.35293882336523,1.0,0.0
speed_budget,channel.speed_kmh|feedback.budget_frac,30,0.05,1004,full_feedback,1.720293595081942,0.21503669938524275,0.044683813348000076,0.35986842105263156,1024.0,0.001679974213947209,1.3249479952652465,2.6478382196574066,0.9757894736842105,1.0
speed_budget,channel.speed_kmh|feedback.budget_frac,30,0.05,1005,Exact,1.540826689794816,0.192603336224352,0.15252481358296271,0.11638157894736842,29.793684210526315,0.051716554384718595,1.4118820273803288,2.908858625397035,0.9839473684210527,0.11638157894736842
speed_budget,channel.speed_kmh|feedback.budget_frac,30,0.05,1005,Optimised,1.0253669468164666,0.12817086835205832,0.4831855004678905,0.08375,32.0,0.03204271708801458,1.9273417703586782,3.5849259127949518,0.9992105263157894,0.125
speed_budget,channel.speed_kmh|feedback.budget_frac,30,0.05,1005,Proposed,1.0124422745035235,0.12655528431294044,0.45612327213850673,0.08315789473684211,32.0,0.03163882107823511,1.9402664426716212,3.7137259173705055,0.9942105263157894,0.125
speed_budget,channel.speed_kmh|feedback.budget_frac,30,0.05,1005,Baseline,0.5733629976063688,0.0716703747007961,0.7832244373080103,0.0,0.0,,2.379345719568776,4.158392469245509,1.0,0.0
speed_budget,channel.speed_kmh|feedback.budget_frac,30,0.05,1005,full_feedback,1.6314723153716781,0.20393403942145977,0.04677746386834928,0.37414473684210525,1024.0,0.0015932346829801544,1.3212364018034666,2.738660156012136,0.983421052631579,1.0
speed_budget,channel.speed_kmh|feedback.budget_frac,30,0.05,1006,Exact,1.6985384142607396,0.21231730178259245,0.13024976982228414,0.11342105263157895,29.03578947368421,0.05849809648882332,1.2883692981637809,2.6304609230809013,0.9542105263157895,0.11342105263157895
speed_budget,channel.speed_kmh|feedback.budget_frac,30,0.05,1006,Optimised,1.0647262186510038,0.13309077733137548,0.4806411741627128,0.075,32.0,0.03327269433284387,1.9221814937735162,3.5736261269266043,0.9813157894736843,0.125
speed_budget,channel.speed_kmh|feedback.budget_frac,30,0.05,1006,Proposed,1.2086937476581008,0.1510867184572626,0.406253056567035,0.08164473684210527,32.0,0.03777167961431565,1.7782139647664195,3.3831333736349247,0.9773684210526316,0.125
speed_budget,channel.speed_kmh|feedback.budget_frac,30,0.05,1006,Baseline,0.6937941623659234,0.08672427029574042,0.5872918307729434,0.0,0.0,,2.2931135500585964,4.038054667579697,0.9771052631578947,0.0
speed_budget,channel.speed_kmh|feedback.budget_frac,30,0.05,1006,full_feedback,1.7772534166144163,0.22215667707680203,0.040302224275746305,0.3319736842105263,1024.0,0.0017355990396625159,1.2096542958101038,2.501231569518583,0.9510526315789474,1.0
speed_budget,channel.speed_kmh|feedback.budget_frac,30,0.05,1007,Exact,1.5933547027174164,0.19916933783967705,0.1446622693042474,0.11427631578947368,29.254736842105263,0.05446484483238146,1.3080301335601636,2.708627171103954,0.9597368421052631,0.11427631578947368
speed_budget,channel.speed_kmh|feedback.budget_frac,30,0.05,1007,Optimised,0.9465891596633118,0.11832364495791398,0.5064938492454629,0.08164473684210527,32.0,0.029580911239478494,1.9547956766142685,3.8317907571701704,0.9886842105263158,0.125
speed_budget,channel.speed_kmh|feedback.budget_frac,30,0.05,1007,Proposed,1.0632654688178707,0.13290818360223383,0.4215598603198874,0.08493421052631579,32.0,0.03322704590055846,1.8381193674597092,3.678901176045044,0.9802631578947368,0.125
speed_budget,channel.speed_kmh|feedback.budget_frac,30,0.05,1007,Baseline,0.3607888812110129,0.04509861015137661,0.7864355383917118,0.0,0.0,,2.5405959550665678,4.561799722700276,0.9881578947368421,0.0
speed_budget,channel.speed_kmh|feedback.budget_frac,30,0.05,1007,full_feedback,1.6695069313544613,0.20868836641930766,0.04523335043571253,0.3568421052631579,1024.0,0.001630377862650841,1.231877904923119,2.5763659929768337,0.9578947368421052,1.0
speed_budget,channel.speed_kmh|feedback.budget_frac,30,0.05,1008,Exact,1.6297554624728874,0.20371943280911092,0.1398419297516199,0.11539473684210526,29.541052631578946,0.05516917365127007,1.3593373225402556,2.6916293643432656,0.9563157894736842,0.11539473684210526
speed_budget,channel.speed_kmh|feedback.budget_frac,30,0.05,1008,Optimised,0.9745525193020751,0.12181906491275939,0.5308765948860346,0.08039473684210527,32.0,0.030454766228189847,2.014540265711068,3.729040493107094,0.9889473684210527,0.125
speed_budget,channel.speed_kmh|feedback.budget_frac,30,0.05,1008,Proposed,1.0147959740302075,0.12684949675377594,0.47378268662120876,0.08493421052631579,32.0,0.031712374188443984,1.9742968109829355,3.7117301618460616,0.9913157894736843,0.125
speed_budget,channel.speed_kmh|feedback.budget_frac,30,0.05,1008,Baseline,0.5134793417663195,0.06418491772078994,0.7507884389993759,0.0,0.0,,2.4756134432468238,4.265794869577701,0.9878947368421053,0.0
speed_budget,channel.speed_kmh|feedback.budget_frac,30,0.05,1008,full_feedback,1.711239104723674,0.21390488809045924,0.04716073871974619,0.35855263157894735,1024.0,0.0016711319382067128,1.2778536802894696,2.5264235509666912,0.9552631578947368,1.0
speed_budget,channel.speed_kmh|feedback.budget_frac,30,0.05,1009,Exact,1.6749202933640321,0.20936503667050402,0.13531932542303252,0.1130921052631579,28.95157894736842,0.05785246795723642,1.3120171043611888,2.6738030908764485,0.916578947368421,0.1130921052631579
speed_budget,channel.speed_kmh|feedback.budget_frac,30,0.05,1009,Optimised,0.8914318252151432,0.1114289781518929,0.5325125717634687,0.07980263157894738,32.0,0.027857244537973225,2.0955055725100777,3.8084845351054146,0.9631578947368421,0.125
speed_budget,channel.speed_kmh|feedback.budget_frac,30,0.05,1009,Proposed,1.0568999172510074,0.13211248965637593,0.4343231129629353,0.08131578947368422,32.0,0.03302812241409398,1.9300374804742133,3.5533290798936883,0.9523684210526315,0.125
speed_budget,channel.speed_kmh|feedback.budget_frac,30,0.05,1009,Baseline,0.3600400610350058,0.045005007629375725,0.7154239369257064,0.0,0.0,,2.6268973366902153,4.38438043588281,0.9278947368421052,0.0
speed_budget,channel.speed_kmh|feedback.budget_frac,30,0.05,1009,full_feedback,1.761759556988904,0.220219944623613,0.04288974856607558,0.3458552631578947,1024.0,0.0017204683173719765,1.2251778407363167,2.5451753544505857,0.9142105263157895,1.0
speed_budget,channel.speed_kmh|feedback.budget_frac,30,0.1,1000,Exact,1.7863327639477085,0.22329159549346356,0.03772633246490905,0.19723684210526315,59.065263157894734,0.0302433726431124,1.201202352862387,2.5139608772305597,0.9636842105263158,0.19723684210526315
speed_budget,channel.speed_kmh|feedback.budget_frac,30,0.1,1000,Optimised,1.3607387437401983,0.1700923429675248,0.328274485341143,0.13,96.0,0.014174361913960399,1.6267963730698967,3.1883863115302424,0.9742105263157895,0.25
speed_budget,channel.speed_kmh|feedback.budget_frac,30,0.1,1000,Proposed,1.4259831689767921,0.17824789612209901,0.279587197496426,0.13631578947368422,96.0,0.014853991343508252,1.561551947833303,3.1106931702274823,0.9742105263157895,0.2501315789473684
speed_budget,channel.speed_kmh|feedback.budget_frac,30,0.1,1000,Baseline,1.1667055298983162,0.14583819123728953,0.4402467652582291,0.06868421052631579,64.0,0.01822977390466119,1.820829586911779,3.3743281484404837,0.9981578947368421,0.125
speed_budget,channel.speed_kmh|feedback.budget_frac,30,0.1,1000,full_feedback,1.7798132677326755,0.22247665846658443,0.03993362063267675,0.33631578947368423,1024.0,0.0017380988942701909,1.2077218490774195,2.523089830328595,0.9639473684210527,1.0
speed_budget,channel.speed_kmh|feedback.budget_frac,30,0.1,1001,Exact,1.7099601690420414,0.21374502113025518,0.043298782378472206,0.21171052631578946,63.22526315789474,0.02704552078765882,1.2784019549951968,2.6609132590352877,0.965,0.21171052631578946
speed_budget,channel.speed_kmh|feedback.budget_frac,30,0.1,1001,Optimised,1.1462537908531965,0.14328172385664956,0.41771833023789223,0.14032894736842105,96.0,0.011940143654720797,1.8421083331840413,3.5811716159368077,0.9821052631578947,0.2500657894736842
speed_budget,channel.speed_kmh|feedback.budget_frac,30,0.1,1001,Proposed,1.3399868203283178,0.16749835254103973,0.2975891177751823,0.1444078947368421,96.0,0.013958196045086644,1.6483753037089197,3.2221620024417272,0.9736842105263158,0.2501315789473684
speed_budget,channel.speed_kmh|feedback.budget_frac,30,0.1,1001,Baseline,1.1952275755782982,0.14940344694728727,0.3896562766529148,0.07407894736842105,64.0,0.01867543086841091,1.7931345484589396,3.446834424913925,0.9928947368421053,0.125
speed_budget,channel.speed_kmh|feedback.budget_frac,30,0.1,1001,full_feedback,1.7021851489786748,0.21277314362233435,0.04700331991275771,0.36427631578947367,1024.0,0.001662290184549487,1.2861769750585628,2.676673491403858,0.965,1.0
speed_budget,channel.speed_kmh|feedback.budget_frac,30,0.1,1002,Exact,1.7016524224629082,0.21270655280786352,0.04538366662171446,0.21092105263157895,63.932631578947365,0.026616336297085135,1.2993539646680878,2.661653855422106,0.9613157894736842,0.21092105263157895
speed_budget,channel.speed_kmh|feedback.budget_frac,30,0.1,1002,Optimised,1.1276189137953982,0.14095236422442478,0.39493004223019906,0.13401315789473683,96.0,0.011746030352035398,1.8733874733355975,3.6951632088347313,0.9765789473684211,0.2500657894736842
speed_budget,channel.speed_kmh|feedback.budget_frac,30,0.1,1002,Proposed,1.3061311025482474,0.16326638781853092,0.31127492713409144,0.1463157894736842,96.0,0.01360553231821091,1.6948752845827488,3.418013680809398,0.9742105263157895,0.2500657894736842
speed_budget,channel.speed_kmh|feedback.budget_frac,30,0.1,1002,Baseline,1.2268056606071203,0.15335070757589003,0.39162217472406585,0.07401315789473684,64.0,0.019168838446986254,1.7742007265238757,3.4252765229700763,0.9939473684210526,0.125
speed_budget,channel.speed_kmh|feedback.budget_frac,30,0.1,1002,full_feedback,1.6956414489557743,0.21195518111947179,0.04517818146306644,0.3624342105263158,1024.0,0.0016558998524958733,1.305364938175222,2.702766797591136,0.9613157894736842,1.0
speed_budget,channel.speed_kmh|feedback.budget_frac,30,0.1,1003,Exact,1.7900322857021993,0.2237540357127749,0.036427363072017535,0.1850657894736842,55.69684210526316,0.03213884698021412,1.2700001440845292,2.6019431390984837,0.9460526315789474,0.1850657894736842
speed_budget,channel.speed_kmh|feedback.budget_frac,30,0.1,1003,Optimised,1.3485513139789567,0.16856891424736958,0.33550126457961416,0.1268421052631579,96.0,0.014047409520614132,1.7114811158077718,3.242870927577784,0.9694736842105263,0.2500657894736842
speed_budget,channel.speed_kmh|feedback.budget_frac,30,0.1,1003,Proposed,1.377988500450213,0.17224856255627663,0.2975564785752298,0.13256578947368422,96.0,0.01435404687968972,1.682043929336515,3.268282011787503,0.9507894736842105,0.2500657894736842
speed_budget,channel.speed_kmh|feedback.budget_frac,30,0.1,1003,Baseline,1.27677301925096,0.15959662740637,0.40590914806447226,0.062039473684210526,64.0,0.01994957842579625,1.7832594105357682,3.269804363171975,0.9997368421052631,0.125
speed_budget,channel.speed_kmh|feedback.budget_frac,30,0.1,1003,full_feedback,1.7811337134035174,0.22264171417543968,0.04067995813968809,0.3180921052631579,1024.0,0.0017393883919956225,1.278898716383211,2.619191438520998,0.9465789473684211,1.0
speed_budget,channel.speed_kmh|feedback.budget_frac,30,0.1,1004,Exact,1.7259361329171912,0.2157420166146489,0.047178255709294445,0.21210526315789474,63.84842105263158,0.027031774701123244,1.3193054574299976,2.6500058916574205,0.9757894736842105,0.21210526315789474
speed_budget,channel.speed_kmh|feedback.budget_frac,30,0.1,1004,Optimised,1.2334266172990689,0.1541783271623836,0.36030839092278627,0.1400657894736842,96.0,0.012848193930198634,1.8118149730481194,3.588946940203283,0.9855263157894737,0.25
speed_budget,channel.speed_kmh|feedback.budget_frac,30,0.1,1004,Proposed,1.3718419071421963,0.17148023839277454,0.2921106116862101,0.14460526315789474,96.0,0.014290019866064546,1.6733996832049927,3.2926315117249327,0.9823684210526316,0.2501315789473684
speed_budget,channel.speed_kmh|feedback.budget_frac,30,0.1,1004,Baseline,1.1300109326326953,0.1412513665790869,0.4985970194624084,0.07434210526315789,64.0,0.017656420822385863,1.9152306577144937,3.4456558851895815,1.0,0.125
speed_budget,channel.speed_kmh|feedback.budget_frac,30,0.1,1004,full_feedback,1.720293595081942,0.21503669938524275,0.044683813348000076,0.35986842105263156,1024.0,0.001679974213947209,1.3249479952652465,2.6478382196574066,0.9757894736842105,1.0
speed_budget,channel.speed_kmh|feedback.budget_frac,30,0.1,1005,Exact,1.6371408469017799,0.20464260586272248,0.047160806573137246,0.21276315789473685,63.730526315789476,0.025688487786678958,1.3155678702733649,2.7222549770262603,0.983421052631579,0.21276315789473685
speed_budget,channel.speed_kmh|feedback.budget_frac,30,0.1,1005,Optimised,1.2235989849489624,0.1529498731186203,0.3623759246820435,0.1392763157894737,96.0,0.012745822759885025,1.7291097322261821,3.338875519618441,0.9936842105263158,0.25
speed_budget,channel.speed_kmh|feedback.budget_frac,30,0.1,1005,Proposed,1.3010161241564506,0.16262701551955633,0.30339006313374467,0.14907894736842106,96.0,0.01355225129329636,1.651692593018694,3.2968123530089612,0.9881578947368421,0.2501315789473684
speed_budget,channel.speed_kmh|feedback.budget_frac,30,0.1,1005,Baseline,1.0735600749335301,0.13419500936669126,0.5118707668603785,0.07506578947368421,64.0,0.016774376170836408,1.8791486422416146,3.492444858518466,1.0,0.125
speed_budget,channel.speed_kmh|feedback.budget_frac,30,0.1,1005,full_feedback,1.6314723153716781,0.20393403942145977,0.04677746386834928,0.37414473684210525,1024.0,0.0015932346829801544,1.3212364018034666,2.738660156012136,0.983421052631579,1.0
speed_budget,channel.speed_kmh|feedback.budget_frac,30,0.1,1006,Exact,1.7846238791036007,0.22307798488795008,0.037435878276525836,0.19901315789473684,59.823157894736845,0.029831656199824405,1.2022838333209194,2.500867009678029,0.9507894736842105,0.19901315789473684
speed_budget,channel.speed_kmh|feedback.budget_frac,30,0.1,1006,Optimised,1.2887659130250624,0.1610957391281328,0.3506723303345334,0.13407894736842105,96.0,0.0134246449273444,1.6981417993994574,3.2761734601079078,0.9828947368421053,0.25
speed_budget,channel.speed_kmh|feedback.budget_frac,30,0.1,1006,Proposed,1.4424813877716494,0.18031017347145617,0.28006899806063895,0.1375,96.0,0.015025847789288014,1.5444263246528704,3.080638346395553,0.9623684210526315,0.25026315789473685
speed_budget,channel.speed_kmh|feedback.budget_frac,30,0.1,1006,Baseline,1.3816979178637552,0.1727122397329694,0.2891606376913171,0.0719078947368421,64.0,0.021589029966621175,1.605209794560765,3.1622318342907034,0.9771052631578947,0.125
speed_budget,channel.speed_kmh|feedback.budget_frac,30,0.1,1006,full_feedback,1.7772534166144163,0.22215667707680203,0.040302224275746305,0.3319736842105263,1024.0,0.0017355990396625159,1.2096542958101038,2.501231569518583,0.9510526315789474,1.0
speed_budget,channel.speed_kmh|feedback.budget_frac,30,0.1,1007,Exact,1.678866911803323,0.20985836397541538,0.047257211415909856,0.21,62.82105263157895,0.02672459058668158,1.2225179244742574,2.5659392265799896,0.9576315789473684,0.21
speed_budget,channel.speed_kmh|feedback.budget_frac,30,0.1,1007,Optimised,1.1458170708346114,0.14322713385432642,0.39095095476706304,0.1413815789473684,96.0,0.011935594487860536,1.7555677654429687,3.569293219325679,0.9765789473684211,0.2500657894736842
speed_budget,channel.speed_kmh|feedback.budget_frac,30,0.1,1007,Proposed,1.301731911532875,0.16271648894160937,0.30504453963740974,0.14493421052631578,96.0,0.01355970741180078,1.5996529247447056,3.2227796781730276,0.9657894736842105,0.2500657894736842
speed_budget,channel.speed_kmh|feedback.budget_frac,30,0.1,1007,Baseline,1.1417530496398165,0.14271913120497706,0.41959334120960423,0.07578947368421053,64.0,0.017839891400622133,1.7596317866377638,3.3185563304950403,0.9881578947368421,0.125
speed_budget,channel.speed_kmh|feedback.budget_frac,30,0.1,1007,full_feedback,1.6695069313544613,0.20868836641930766,0.04523335043571253,0.3568421052631579,1024.0,0.001630377862650841,1.231877904923119,2.5763659929768337,0.9578947368421052,1.0
speed_budget,channel.speed_kmh|feedback.budget_frac,30,0.1,1008,Exact,1.7196542631628142,0.21495678289535178,0.04409786751757496,0.20835526315789474,62.938947368421054,0.027322577435186537,1.2694385218503288,2.526315168741147,0.9552631578947368,0.20835526315789474
speed_budget,channel.speed_kmh|feedback.budget_frac,30,0.1,1008,Optimised,1.162885128813737,0.14536064110171712,0.37729653008857345,0.13657894736842105,96.0,0.012113386758476426,1.8262076561994065,3.4812398990175115,0.9773684210526316,0.25
speed_budget,channel.speed_kmh|feedback.budget_frac,30,0.1,1008,Proposed,1.3463913684318491,0.16829892105398114,0.28945767897901986,0.14105263157894737,96.0,0.014024910087831763,1.642701416581294,3.2230580337222863,0.963421052631579,0.2500657894736842
speed_budget,channel.speed_kmh|feedback.budget_frac,30,0.1,1008,Baseline,1.1572763744919805,0.14465954681149756,0.4555452227931837,0.07657894736842105,64.0,0.018082443351437195,1.8318164105211623,3.3649094889802593,0.9878947368421053,0.125
speed_budget,channel.speed_kmh|feedback.budget_frac,30,0.1,1008,full_feedback,1.711239104723674,0.21390488809045924,0.04716073871974619,0.35855263157894735,1024.0,0.0016711319382067128,1.2778536802894696,2.5264235509666912,0.9552631578947368,1.0
speed_budget,channel.speed_kmh|feedback.budget_frac,30,0.1,1009,Exact,1.7666850407891315,0.22083563009864143,0.042353283587883754,0.20401315789473684,61.72631578947368,0.028621261745390092,1.2202523569360892,2.531103513071194,0.9142105263157895,0.20401315789473684
speed_budget,channel.speed_kmh|feedback.budget_frac,30,0.1,1009,Optimised,1.2756485813523721,0.15945607266904652,0.3544535736698215,0.13526315789473684,96.0,0.013288006055753877,1.7112888163728488,3.2296076796779896,0.9421052631578948,0.25
speed_budget,channel.speed_kmh|feedback.budget_frac,30,0.1,1009,Proposed,1.3753486016118444,0.17191857520148054,0.2933017994687766,0.13842105263157894,96.0,0.014326547933456711,1.6115887961133768,3.183186551695259,0.9281578947368421,0.2501315789473684
speed_budget,channel.speed_kmh|feedback.budget_frac,30,0.1,1009,Baseline,1.306223165520227,0.16327789569002837,0.3205055862543449,0.07046052631578947,64.0,0.020409736961253547,1.680714232204994,3.189215947502155,0.9278947368421052,0.125
speed_budget,channel.speed_kmh|feedback.budget_frac,30,0.1,1009,full_feedback,1.761759556988904,0.220219944623613,0.04288974856607558,0.3458552631578947,1024.0,0.0017204683173719765,1.2251778407363167,2.5451753544505857,0.9142105263157895,1.0
speed_budget,channel.speed_kmh|feedback.budget_frac,30,0.2,1000,Exact,1.8041580477661046,0.22551975597076307,0.017646268332122593,0.22631578947368422,89.75157894736842,0.020101685885928405,1.1833770690439909,2.4738007207164485,0.9636842105263158,0.22631578947368422
speed_budget,channel.speed_kmh|feedback.budget_frac,30,0.2,1000,Optimised,1.359643771558899,0.16995547144486237,0.3178315234414834,0.12519736842105264,192.0,0.007081477976869265,1.6278913452511965,3.167995508070751,0.9810526315789474,0.2928289473684211
speed_budget,channel.speed_kmh|feedback.budget_frac,30,0.2,1000,Proposed,1.3708561308771732,0.17135701635964665,0.3137520525023244,0.13138157894736843,192.0,0.007139875681651944,1.6166789859329223,3.1829672069967803,0.9736842105263158,0.3020394736842105
speed_budget,channel.speed_kmh|feedback.budget_frac,30,0.2,1000,Baseline,1.6107467209254342,0.20134334011567928,0.15117432052114757,0.16375,170.6442105263158,0.009439211069378964,1.3767883958846607,2.780735331949413,0.966842105263158,0.3332894736842105
speed_budget,channel.speed_kmh|feedback.budget_frac,30,0.2,1000,full_feedback,1.7798132677326755,0.22247665846658443,0.03993362063267675,0.33631578947368423,1024.0,0.0017380988942701909,1.2077218490774195,2.523089830328595,0.9639473684210527,1.0
speed_budget,channel.speed_kmh|feedback.budget_frac,30,0.2,1001,Exact,1.7297009121246525,0.21621261401558156,0.021099881167459172,0.24427631578947367,95.56210526315789,0.018100280517694967,1.258661211912585,2.626144433842297,0.9644736842105263,0.24427631578947367
speed_budget,channel.speed_kmh|feedback.budget_frac,30,0.2,1001,Optimised,1.1742782657160564,0.14678478321450705,0.41664498115691,0.1392763157894737,192.0,0.006116032633937794,1.8140838583211814,3.566374259671247,0.9873684210526316,0.2922368421052632
speed_budget,channel.speed_kmh|feedback.budget_frac,30,0.2,1001,Proposed,1.3043420955386182,0.16304276194232728,0.35371680687712725,0.14894736842105263,192.0,0.006793448414263637,1.6840200284986195,3.284860805108671,0.9815789473684211,0.30289473684210527
speed_budget,channel.speed_kmh|feedback.budget_frac,30,0.2,1001,Baseline,1.521112131199046,0.19013901639988076,0.1662316227472758,0.17907894736842106,170.6442105263158,0.008913939280491844,1.4672499928381915,2.9467912819067705,0.9681578947368421,0.3332894736842105
speed_budget,channel.speed_kmh|feedback.budget_frac,30,0.2,1001,full_feedback,1.7021851489786748,0.21277314362233435,0.04700331991275771,0.36427631578947367,1024.0,0.001662290184549487,1.2861769750585628,2.676673491403858,0.965,1.0
speed_budget,channel.speed_kmh|feedback.budget_frac,30,0.2,1002,Exact,1.724540484584202,0.21556756057302526,0.021585409342650734,0.24157894736842106,95.84842105263158,0.017992372390122472,1.2764659025467942,2.62176038853181,0.9613157894736842,0.24157894736842106
speed_budget,channel.speed_kmh|feedback.budget_frac,30,0.2,1002,Optimised,1.125670650653064,0.140708831331633,0.4244461984086661,0.1336842105263158,192.0,0.005862867972151375,1.875335736477932,3.6505161133849047,0.9905263157894737,0.28901315789473686
speed_budget,channel.speed_kmh|feedback.budget_frac,30,0.2,1002,Proposed,1.1816311304511167,0.14770389130638958,0.38606662457679375,0.14171052631578948,192.0,0.006154328804432899,1.8193752566798795,3.5663670754545866,0.9826315789473684,0.2999342105263158
speed_budget,channel.speed_kmh|feedback.budget_frac,30,0.2,1002,Baseline,1.5041275004514727,0.1880159375564341,0.17102167705930338,0.18125,170.6442105263158,0.008814406863334602,1.4968788866795233,3.0253160930218175,0.9660526315789474,0.3332894736842105
speed_budget,channel.speed_kmh|feedback.budget_frac,30,0.2,1002,full_feedback,1.6956414489557743,0.21195518111947179,0.04517818146306644,0.3624342105263158,1024.0,0.0016558998524958733,1.305364938175222,2.702766797591136,0.9613157894736842,1.0
speed_budget,channel.speed_kmh|feedback.budget_frac,30,0.2,1003,Exact,1.8061943593168368,0.2257742949146046,0.016786933192860204,0.21414473684210528,84.37894736842105,0.021405746523839756,1.2538380704698917,2.561941452293412,0.9460526315789474,0.21414473684210528
speed_budget,channel.speed_kmh|feedback.budget_frac,30,0.2,1003,Optimised,1.4305356486916907,0.17881695608646134,0.2956555728504439,0.12032894736842105,192.0,0.007450706503602556,1.6294967810950378,3.147283533012613,0.9776315789473684,0.2868421052631579
speed_budget,channel.speed_kmh|feedback.budget_frac,30,0.2,1003,Proposed,1.3307664638627723,0.16634580798284654,0.3364236469418602,0.12105263157894737,192.0,0.0069310753326186055,1.7292659659239562,3.251147471527546,0.983421052631579,0.28842105263157897
speed_budget,channel.speed_kmh|feedback.budget_frac,30,0.2,1003,Baseline,1.621284285990863,0.20266053574885787,0.15152182183362997,0.15677631578947368,170.6442105263158,0.009500962739904016,1.4387481437958654,2.9205644817363012,0.9486842105263158,0.3332894736842105
speed_budget,channel.speed_kmh|feedback.budget_frac,30,0.2,1003,full_feedback,1.7811337134035174,0.22264171417543968,0.04067995813968809,0.3180921052631579,1024.0,0.0017393883919956225,1.278898716383211,2.619191438520998,0.9465789473684211,1.0
speed_budget,channel.speed_kmh|feedback.budget_frac,30,0.2,1004,Exact,1.7461494163406737,0.2182686770425842,0.02279399839037591,0.2425,95.17473684210526,0.018346774304588125,1.299092174006515,2.6042603691511403,0.9757894736842105,0.2425
speed_budget,channel.speed_kmh|feedback.budget_frac,30,0.2,1004,Optimised,1.1089809890071958,0.13862262362589947,0.43648170441695056,0.1363815789473684,192.0,0.005775942651079145,1.9362606013399928,3.635409147740313,0.99,0.2917105263157895
speed_budget,channel.speed_kmh|feedback.budget_frac,30,0.2,1004,Proposed,1.2312371620504756,0.15390464525630945,0.36698967981734676,0.1405263157894737,192.0,0.0064126935523462275,1.814004428296713,3.5094120817980308,0.9873684210526316,0.2988157894736842
speed_budget,channel.speed_kmh|feedback.budget_frac,30,0.2,1004,Baseline,1.5334186582518154,0.19167733228147693,0.17332418920892936,0.1794736842105263,170.6442105263158,0.008986057326658265,1.5118229320953733,3.020527477811803,0.978421052631579,0.3332894736842105
speed_budget,channel.speed_kmh|feedback.budget_frac,30,0.2,1004,full_feedback,1.720293595081942,0.21503669938524275,0.044683813348000076,0.35986842105263156,1024.0,0.001679974213947209,1.3249479952652465,2.6478382196574066,0.9757894736842105,1.0
speed_budget,channel.speed_kmh|feedback.budget_frac,30,0.2,1005,Exact,1.6594868347314553,0.2074358543414319,0.022365145484339908,0.24427631578947367,95.86526315789473,0.017310616797642335,1.2932218824436892,2.6811030577837984,0.983421052631579,0.24427631578947367
speed_budget,channel.speed_kmh|feedback.budget_frac,30,0.2,1005,Optimised,1.1764048542118082,0.14705060677647602,0.3850079973239517,0.14026315789473684,192.0,0.006127108615686501,1.7763038629633365,3.412895841366873,0.9960526315789474,0.29388157894736844
speed_budget,channel.speed_kmh|feedback.budget_frac,30,0.2,1005,Proposed,1.164046807625178,0.14550585095314725,0.3736833511452023,0.14394736842105263,192.0,0.006062743789714469,1.7886619095499665,3.4136788155610565,0.9955263157894737,0.29723684210526313
speed_budget,channel.speed_kmh|feedback.budget_frac,30,0.2,1005,Baseline,1.4372951887775631,0.1796618985971954,0.17578728349966308,0.18263157894736842,170.6442105263158,0.008422759754605982,1.5154135283975814,3.0933252832790052,0.9839473684210527,0.3332894736842105
speed_budget,channel.speed_kmh|feedback.budget_frac,30,0.2,1005,full_feedback,1.6314723153716781,0.20393403942145977,0.04677746386834928,0.37414473684210525,1024.0,0.0015932346829801544,1.3212364018034666,2.738660156012136,0.983421052631579,1.0
speed_budget,channel.speed_kmh|feedback.budget_frac,30,0.2,1006,Exact,1.8019878365104998,0.22524847956381247,0.01820445191351125,0.22447368421052633,87.96631578947368,0.02048497564480393,1.1849198759140203,2.4657285351392213,0.9507894736842105,0.22447368421052633
speed_budget,channel.speed_kmh|feedback.budget_frac,30,0.2,1006,Optimised,1.3209658409265534,0.16512073011581918,0.34530908315165554,0.13111842105263158,192.0,0.006880030421492466,1.6659418714979668,3.2262129401176707,0.975,0.29789473684210527
speed_budget,channel.speed_kmh|feedback.budget_frac,30,0.2,1006,Proposed,1.2353921669936185,0.15442402087420232,0.37584617342535576,0.12953947368421054,192.0,0.006434334203091763,1.7515155454309015,3.291161334156865,0.9728947368421053,0.2963157894736842
speed_budget,channel.speed_kmh|feedback.budget_frac,30,0.2,1006,Baseline,1.594826830020512,0.199353353752564,0.15783958438184556,0.16605263157894737,170.6442105263158,0.009345918183228177,1.3920808824040083,2.8279441589979117,0.9555263157894737,0.3332894736842105
speed_budget,channel.speed_kmh|feedback.budget_frac,30,0.2,1006,full_feedback,1.7772534166144163,0.22215667707680203,0.040302224275746305,0.3319736842105263,1024.0,0.0017355990396625159,1.2096542958101038,2.501231569518583,0.9510526315789474,1.0
speed_budget,channel.speed_kmh|feedback.budget_frac,30,0.2,1007,Exact,1.7001471994377988,0.21251839992972485,0.021232045491895474,0.24164473684210527,95.54526315789474,0.017794154762316113,1.2012376368397815,2.5162470769342744,0.9576315789473684,0.24164473684210527
speed_budget,channel.speed_kmh|feedback.budget_frac,30,0.2,1007,Optimised,1.2322295438989137,0.1540286929873642,0.35156401711746593,0.14223684210526316,192.0,0.006417862207806842,1.6691552923786666,3.371823545258163,0.9786842105263158,0.30032894736842103
speed_budget,channel.speed_kmh|feedback.budget_frac,30,0.2,1007,Proposed,1.2803749202275585,0.1600468650284448,0.3361594239331481,0.15151315789473685,192.0,0.006668619376185201,1.6210099160500215,3.2792155313391156,0.9736842105263158,0.3068421052631579
speed_budget,channel.speed_kmh|feedback.budget_frac,30,0.2,1007,Baseline,1.4866387908051113,0.1858298488506389,0.17088347880335875,0.18118421052631578,170.6442105263158,0.008711920470198725,1.414746045472469,2.8830110622556657,0.9631578947368421,0.3332894736842105
speed_budget,channel.speed_kmh|feedback.budget_frac,30,0.2,1007,full_feedback,1.6695069313544613,0.20868836641930766,0.04523335043571253,0.3568421052631579,1024.0,0.001630377862650841,1.231877904923119,2.5763659929768337,0.9578947368421052,1.0
speed_budget,channel.speed_kmh|feedback.budget_frac,30,0.2,1008,Exact,1.7384418029761448,0.2173052253720181,0.021370197936570464,0.23993421052631578,94.08,0.018478335490817867,1.2506509820369984,2.484224897732309,0.9552631578947368,0.23993421052631578
speed_budget,channel.speed_kmh|feedback.budget_frac,30,0.2,1008,Optimised,1.0480312651151331,0.13100390813939164,0.4502132717467802,0.1281578947368421,192.0,0.005458496172474652,1.9410615198980103,3.6843139717503206,0.986578947368421,0.28407894736842104
speed_budget,channel.speed_kmh|feedback.budget_frac,30,0.2,1008,Proposed,1.3262038903152495,0.1657754862894062,0.3453315197773948,0.14657894736842106,192.0,0.006907311928725258,1.662888894697894,3.2736548526388387,0.9818421052631578,0.3063815789473684
speed_budget,channel.speed_kmh|feedback.budget_frac,30,0.2,1008,Baseline,1.5353577048459914,0.19191971310574893,0.165538616040445,0.17710526315789474,170.6442105263158,0.008997420422940263,1.4537350801671518,2.844785538316208,0.9571052631578948,0.3332894736842105
speed_budget,channel.speed_kmh|feedback.budget_frac,30,0.2,1008,full_feedback,1.711239104723674,0.21390488809045924,0.04716073871974619,0.35855263157894735,1024.0,0.0016711319382067128,1.2778536802894696,2.5264235509666912,0.9552631578947368,1.0
speed_budget,channel.speed_kmh|feedback.budget_frac,30,0.2,1009,Exact,1.786753394189915,0.22334417427373937,0.021276365317315717,0.23539473684210527,93.0357894736842,0.019205011364957676,1.200184003535306,2.504632561816825,0.9139473684210526,0.23539473684210527
speed_budget,channel.speed_kmh|feedback.budget_frac,30,0.2,1009,Optimised,1.4085582319677712,0.1760697789959714,0.28537561264274125,0.14638157894736842,192.0,0.007336240791498808,1.5783791657574497,3.1228636159131726,0.9428947368421052,0.30328947368421055
speed_budget,channel.speed_kmh|feedback.budget_frac,30,0.2,1009,Proposed,1.2654419199490041,0.15818023999362552,0.3678198784329943,0.1438157894736842,192.0,0.0065908433330677295,1.7214954777762164,3.275222757781342,0.9539473684210527,0.3005263157894737
speed_budget,channel.speed_kmh|feedback.budget_frac,30,0.2,1009,Baseline,1.5788811234575113,0.1973601404321889,0.16505241302869067,0.16815789473684212,170.6442105263158,0.009252474013550113,1.4080562742677092,2.8257796118994483,0.9181578947368421,0.3332894736842105
speed_budget,channel.speed_kmh|feedback.budget_frac,30,0.2,1009,full_feedback,1.761759556988904,0.220219944623613,0.04288974856607558,0.3458552631578947,1024.0,0.0017204683173719765,1.2251778407363167,2.5451753544505857,0.9142105263157895,1.0
speed_budget,channel.speed_kmh|feedback.budget_frac,30,0.3,1000,Exact,1.8056068504435625,0.2257008563054453,0.01357641996645203,0.23335526315789473,95.42736842105263,0.018921268398356252,1.181928266366533,2.4705507223186864,0.9636842105263158,0.23335526315789473
speed_budget,channel.speed_kmh|feedback.budget_frac,30,0.3,1000,Optimised,1.531406699414705,0.19142583742683814,0.2244528911240127,0.21848684210526315,288.0,0.005317384372967726,1.4561284173953903,2.934869996020032,0.9671052631578947,0.48118421052631577
speed_budget,channel.speed_kmh|feedback.budget_frac,30,0.3,1000,Proposed,1.6431478634724923,0.20539348293406154,0.16594018233714636,0.21980263157894736,285.2715789473684,0.005759942401327147,1.3443872533376031,2.836831783140452,0.9655263157894737,0.49
speed_budget,channel.speed_kmh|feedback.budget_frac,30,0.3,1000,Baseline,1.6590837803028435,0.20738547253785544,0.12008567123572814,0.22513157894736843,256.0,0.0064807960168079826,1.328451336507252,2.7671905953157125,0.966842105263158,0.5
speed_budget,channel.speed_kmh|feedback.budget_frac,30,0.3,1000,full_feedback,1.7798132677326755,0.22247665846658443,0.03993362063267675,0.33631578947368423,1024.0,0.0017380988942701909,1.2077218490774195,2.523089830328595,0.9639473684210527,1.0
speed_budget,channel.speed_kmh|feedback.budget_frac,30,0.3,1001,Exact,1.731577204852083,0.21644715060651037,0.015966782074452363,0.2531578947368421,103.25894736842105,0.016769270353627862,1.2567849191851548,2.619954318908353,0.9644736842105263,0.2531578947368421
speed_budget,channel.speed_kmh|feedback.budget_frac,30,0.3,1001,Optimised,1.4744199882321927,0.18430249852902408,0.22340699988433585,0.24552631578947368,288.0,0.005119513848028447,1.5139421358050453,2.9976762707272666,0.9671052631578947,0.4880921052631579
speed_budget,channel.speed_kmh|feedback.budget_frac,30,0.3,1001,Proposed,1.5658458622069693,0.19573073277587116,0.1826109951983207,0.2513157894736842,285.10315789473685,0.005492208061704797,1.4225162618302682,2.887197204750431,0.9689473684210527,0.49835526315789475
speed_budget,channel.speed_kmh|feedback.budget_frac,30,0.3,1001,Baseline,1.5755128510544714,0.19693910638180892,0.13216296570468095,0.24743421052631578,256.0,0.006154347074431529,1.4128492729827662,2.892890276624893,0.9678947368421053,0.5
speed_budget,channel.speed_kmh|feedback.budget_frac,30,0.3,1001,full_feedback,1.7021851489786748,0.21277314362233435,0.04700331991275771,0.36427631578947367,1024.0,0.001662290184549487,1.2861769750585628,2.676673491403858,0.965,1.0
speed_budget,channel.speed_kmh|feedback.budget_frac,30,0.3,1002,Exact,1.726335809671027,0.21579197620887838,0.01634725510477328,0.2526973684210526,105.01052631578948,0.016439645340692418,1.274670577459969,2.6197421101117944,0.9613157894736842,0.2526973684210526
speed_budget,channel.speed_kmh|feedback.budget_frac,30,0.3,1002,Optimised,1.4217408552159472,0.1777176069019934,0.23735283979305716,0.23901315789473684,288.0,0.004936600191722039,1.579265531915049,3.1851512191217553,0.966842105263158,0.48697368421052634
speed_budget,channel.speed_kmh|feedback.budget_frac,30,0.3,1002,Proposed,1.560598542378296,0.195074817797287,0.1798004467188044,0.24986842105263157,284.5978947368421,0.0054835210352533635,1.4404078447527,2.9217304574743705,0.963421052631579,0.4961184210526316
speed_budget,channel.speed_kmh|feedback.budget_frac,30,0.3,1002,Baseline,1.5584610205570695,0.19480762756963368,0.13817176905045334,0.24769736842105264,256.0,0.006087738361551053,1.4425453665739267,2.9219802587006867,0.9639473684210527,0.5
speed_budget,channel.speed_kmh|feedback.budget_frac,30,0.3,1002,full_feedback,1.6956414489557743,0.21195518111947179,0.04517818146306644,0.3624342105263158,1024.0,0.0016558998524958733,1.305364938175222,2.702766797591136,0.9613157894736842,1.0
speed_budget,channel.speed_kmh|feedback.budget_frac,30,0.3,1003,Exact,1.8070943709780256,0.2258867963722532,0.013425830178162203,0.2199342105263158,90.07157894736842,0.020062869909652257,1.2529380588087027,2.5592879158035164,0.9460526315789474,0.2199342105263158
speed_budget,channel.speed_kmh|feedback.budget_frac,30,0.3,1003,Optimised,1.611189922815011,0.20139874035187638,0.18966885475173859,0.2131578947368421,288.0,0.005594409454218788,1.4488425069717175,2.935225292899861,0.9523684210526315,0.47986842105263156
speed_budget,channel.speed_kmh|feedback.budget_frac,30,0.3,1003,Proposed,1.654025984860576,0.206753248107572,0.16757237190347124,0.21671052631578946,285.3557894736842,0.005796363858295267,1.4060064449261525,2.892203601369526,0.9478947368421052,0.49256578947368423
speed_budget,channel.speed_kmh|feedback.budget_frac,30,0.3,1003,Baseline,1.6727796479947878,0.20909745599934848,0.11829664335683336,0.21572368421052632,256.0,0.00653429549997964,1.3872527817919407,2.8285981215410687,0.9476315789473684,0.5
speed_budget,channel.speed_kmh|feedback.budget_frac,30,0.3,1003,full_feedback,1.7811337134035174,0.22264171417543968,0.04067995813968809,0.3180921052631579,1024.0,0.0017393883919956225,1.278898716383211,2.619191438520998,0.9465789473684211,1.0
speed_budget,channel.speed_kmh|feedback.budget_frac,30,0.3,1004,Exact,1.74786020543478,0.2184825256793475,0.017231882893509673,0.25473684210526315,104.67368421052632,0.016698181769539834,1.2973813849124087,2.6016416305996732,0.9757894736842105,0.25473684210526315
speed_budget,channel.speed_kmh|feedback.budget_frac,30,0.3,1004,Optimised,1.5225281909929345,0.1903160238741168,0.20984135427494163,0.2382236842105263,288.0,0.005286556218725467,1.522713399354254,3.0558423000894894,0.9797368421052631,0.48585526315789473
speed_budget,channel.speed_kmh|feedback.budget_frac,30,0.3,1004,Proposed,1.5828373846141575,0.19785467307676968,0.18007096373086268,0.24526315789473685,284.49684210526317,0.005563637799636845,1.4624042057330313,2.8846571560959995,0.9773684210526316,0.4963157894736842
speed_budget,channel.speed_kmh|feedback.budget_frac,30,0.3,1004,Baseline,1.595188579779158,0.19939857247239476,0.13727697660642776,0.24717105263157896,256.0,0.006231205389762336,1.4500530105680307,2.9004012849456573,0.9768421052631578,0.5
speed_budget,channel.speed_kmh|feedback.budget_frac,30,0.3,1004,full_feedback,1.720293595081942,0.21503669938524275,0.044683813348000076,0.35986842105263156,1024.0,0.001679974213947209,1.3249479952652465,2.6478382196574066,0.9757894736842105,1.0
speed_budget,channel.speed_kmh|feedback.budget_frac,30,0.3,1005,Exact,1.661247181660346,0.20765589770754325,0.01708427748669626,0.25526315789473686,104.48842105263158,0.015898863863810935,1.2914615355147985,2.677129792974544,0.983421052631579,0.25526315789473686
speed_budget,channel.speed_kmh|feedback.budget_frac,30,0.3,1005,Optimised,1.4457130806902139,0.18071413508627673,0.21727409524258548,0.24289473684210527,288.0,0.005019837085729909,1.5069956364849306,3.132630657905644,0.986578947368421,0.48855263157894735
speed_budget,channel.speed_kmh|feedback.budget_frac,30,0.3,1005,Proposed,1.4962628132358395,0.18703285165447994,0.1843069817478207,0.2505263157894737,284.29473684210524,0.005263068989092298,1.4564459039393052,3.0163506656451147,0.9839473684210527,0.4986842105263158
speed_budget,channel.speed_kmh|feedback.budget_frac,30,0.3,1005,Baseline,1.5095458317715877,0.18869322897144847,0.1343981387053042,0.24802631578947368,256.0,0.005896663405357765,1.4431628854035567,2.976404552728109,0.9836842105263158,0.5
speed_budget,channel.speed_kmh|feedback.budget_frac,30,0.3,1005,full_feedback,1.6314723153716781,0.20393403942145977,0.04677746386834928,0.37414473684210525,1024.0,0.0015932346829801544,1.3212364018034666,2.738660156012136,0.983421052631579,1.0
speed_budget,channel.speed_kmh|feedback.budget_frac,30,0.3,1006,Exact,1.8029807198388494,0.22537258997985618,0.014131316820900278,0.23203947368421052,94.41684210526316,0.01909596508034814,1.1839269925856706,2.464414055953097,0.9507894736842105,0.23203947368421052
speed_budget,channel.speed_kmh|feedback.budget_frac,30,0.3,1006,Optimised,1.5928105966439092,0.19910132458048865,0.2044470025867941,0.22348684210526315,288.0,0.005530592349458018,1.394097115780611,2.832423900215653,0.9571052631578948,0.4863157894736842
speed_budget,channel.speed_kmh|feedback.budget_frac,30,0.3,1006,Proposed,1.6412129719001136,0.2051516214875142,0.17217413300103646,0.2286842105263158,284.66526315789474,0.0057654135727469675,1.3456947405244064,2.7468470065115884,0.9542105263157895,0.49414473684210525
speed_budget,channel.speed_kmh|feedback.budget_frac,30,0.3,1006,Baseline,1.659760170863515,0.20747002135793938,0.12190334409554111,0.22855263157894737,256.0,0.0064834381674356055,1.3271475415610052,2.7184166363774604,0.953421052631579,0.5
speed_budget,channel.speed_kmh|feedback.budget_frac,30,0.3,1006,full_feedback,1.7772534166144163,0.22215667707680203,0.040302224275746305,0.3319736842105263,1024.0,0.0017355990396625159,1.2096542958101038,2.501231569518583,0.9510526315789474,1.0
speed_budget,channel.speed_kmh|feedback.budget_frac,30,0.3,1007,Exact,1.7019208678095743,0.2127401084761968,0.016720885003745866,0.24901315789473685,102.9557894736842,0.016530598973694337,1.199463968468006,2.5111241612235875,0.9576315789473684,0.24901315789473685
speed_budget,channel.speed_kmh|feedback.budget_frac,30,0.3,1007,Optimised,1.4199185093791695,0.1774898136723962,0.22561670107321738,0.23710526315789474,288.0,0.004930272602011006,1.4814663268984105,3.064979390704188,0.9605263157894737,0.4906578947368421
speed_budget,channel.speed_kmh|feedback.budget_frac,30,0.3,1007,Proposed,1.5301925182731444,0.19127406478414305,0.18297341543793205,0.25414473684210526,284.4294736842105,0.005379866222907861,1.3711923180044359,2.8270250646299377,0.9607894736842105,0.4980921052631579
speed_budget,channel.speed_kmh|feedback.budget_frac,30,0.3,1007,Baseline,1.5525798686677856,0.1940724835834732,0.13133604656993497,0.24947368421052632,256.0,0.006064765111983538,1.3488049676097944,2.7789405243801433,0.9615789473684211,0.5
speed_budget,channel.speed_kmh|feedback.budget_frac,30,0.3,1007,full_feedback,1.6695069313544613,0.20868836641930766,0.04523335043571253,0.3568421052631579,1024.0,0.001630377862650841,1.231877904923119,2.5763659929768337,0.9578947368421052,1.0
speed_budget,channel.speed_kmh|feedback.budget_frac,30,0.3,1008,Exact,1.739644859884111,0.21745560748551387,0.01707048123414881,0.24855263157894736,101.22105263157894,0.017186591273813494,1.249447925129032,2.480890051438771,0.9552631578947368,0.24855263157894736
speed_budget,channel.speed_kmh|feedback.budget_frac,30,0.3,1008,Optimised,1.4055946525359553,0.1756993315669944,0.24898564691887,0.23144736842105262,288.0,0.0048805369879720666,1.583498132477188,3.1234512938251933,0.9592105263157895,0.4826315789473684
speed_budget,channel.speed_kmh|feedback.budget_frac,30,0.3,1008,Proposed,1.579001765076219,0.19737522063452737,0.17830135463759794,0.23769736842105263,284.81684210526316,0.005543919922027112,1.4100910199369243,2.7913983695569873,0.9568421052631579,0.49585526315789474
speed_budget,channel.speed_kmh|feedback.budget_frac,30,0.3,1008,Baseline,1.5919829311788347,0.19899786639735434,0.12922599285702466,0.23848684210526316,256.0,0.006218683324917323,1.3971098538343085,2.716872722618928,0.9568421052631579,0.5
speed_budget,channel.speed_kmh|feedback.budget_frac,30,0.3,1008,full_feedback,1.711239104723674,0.21390488809045924,0.04716073871974619,0.35855263157894735,1024.0,0.0016711319382067128,1.2778536802894696,2.5264235509666912,0.9552631578947368,1.0
speed_budget,channel.speed_kmh|feedback.budget_frac,30,0.3,1009,Exact,1.7886943987258952,0.2235867998407369,0.01609315236690969,0.24625,101.0021052631579,0.017709476392254463,1.198242998999326,2.4987955205569685,0.9139473684210526,0.24625
speed_budget,channel.speed_kmh|feedback.budget_frac,30,0.3,1009,Optimised,1.557992447471726,0.19474905593396574,0.20444609913856152,0.2267763157894737,288.0,0.005409695998165715,1.428944950253495,2.8900481465229775,0.9273684210526316,0.48585526315789473
speed_budget,channel.speed_kmh|feedback.budget_frac,30,0.3,1009,Proposed,1.627019165915435,0.20337739573942937,0.17315257271711534,0.23289473684210527,284.66526315789474,0.005715552181767184,1.3599182318097858,2.768482138374416,0.9184210526315789,0.49657894736842106
speed_budget,channel.speed_kmh|feedback.budget_frac,30,0.3,1009,Baseline,1.6358611016058635,0.20448263770073294,0.1283026566473793,0.23625,256.0,0.006390082428147904,1.3510762961193574,2.746103204447562,0.9205263157894736,0.5
speed_budget,channel.speed_kmh|feedback.budget_frac,30,0.3,1009,full_feedback,1.761759556988904,0.220219944623613,0.04288974856607558,0.3458552631578947,1024.0,0.0017204683173719765,1.2251778407363167,2.5451753544505857,0.9142105263157895,1.0
speed_budget,channel.speed_kmh|feedback.budget_frac,30,0.5,1000,Exact,1.8057150977667478,0.22571438722084347,0.013007539018722583,0.23519736842105263,97.31368421052632,0.018555613348892462,1.1818200190433474,2.470504965458071,0.9636842105263158,0.23519736842105263
speed_budget,channel.speed_kmh|feedback.budget_frac,30,0.5,1000,Optimised,1.5158352008669658,0.18947940010837072,0.21790103116107287,0.23236842105263159,512.0,0.0029606156266932925,1.4716999159431294,2.906968261580211,0.9747368421052631,0.5967763157894737
speed_budget,channel.speed_kmh|feedback.budget_frac,30,0.5,1000,Proposed,1.5841433704068928,0.1980179213008616,0.18398804841808322,0.23421052631578948,512.0,0.0030940300203259625,1.4033917464032029,2.838893289670472,0.9721052631578947,0.6023026315789474
speed_budget,channel.speed_kmh|feedback.budget_frac,30,0.5,1000,Baseline,1.7304947660547978,0.21631184575684972,0.07843219480860808,0.39348684210526313,512.0,0.003379872589950777,1.2570403507552976,2.604740454339526,0.9647368421052631,1.0
speed_budget,channel.speed_kmh|feedback.budget_frac,30,0.5,1000,full_feedback,1.7798132677326755,0.22247665846658443,0.03993362063267675,0.33631578947368423,1024.0,0.0017380988942701909,1.2077218490774195,2.523089830328595,0.9639473684210527,1.0
speed_budget,channel.speed_kmh|feedback.budget_frac,30,0.5,1001,Exact,1.7317558329733886,0.21646947912167358,0.01536091558801526,0.25467105263157896,104.58947368421053,0.016557649369210135,1.2566062910638491,2.6195368544899167,0.9644736842105263,0.25467105263157896
speed_budget,channel.speed_kmh|feedback.budget_frac,30,0.5,1001,Optimised,1.4536082843218197,0.18170103554022746,0.22226794036166586,0.2536842105263158,512.0,0.002839078680316054,1.534753839715418,3.1013196464383017,0.9765789473684211,0.6079605263157895
speed_budget,channel.speed_kmh|feedback.budget_frac,30,0.5,1001,Proposed,1.5517087240608367,0.1939635905076046,0.19646528010290332,0.26092105263157894,512.0,0.0030306811016813217,1.4366533999764008,2.910614351208358,0.9715789473684211,0.6184868421052632
speed_budget,channel.speed_kmh|feedback.budget_frac,30,0.5,1001,Baseline,1.6464116286469765,0.20580145358087207,0.08841720684833024,0.43065789473684213,512.0,0.003215647712201126,1.3419504953902612,2.779020087548275,0.9660526315789474,1.0
speed_budget,channel.speed_kmh|feedback.budget_frac,30,0.5,1001,full_feedback,1.7021851489786748,0.21277314362233435,0.04700331991275771,0.36427631578947367,1024.0,0.001662290184549487,1.2861769750585628,2.676673491403858,0.965,1.0
speed_budget,channel.speed_kmh|feedback.budget_frac,30,0.5,1002,Exact,1.7266138399033637,0.21582672998792046,0.015243755147839693,0.25414473684210526,106.88,0.01615469535837728,1.2743925472276323,2.6194954612586825,0.9613157894736842,0.25414473684210526
speed_budget,channel.speed_kmh|feedback.budget_frac,30,0.5,1002,Optimised,1.5028166398032086,0.18785207997540107,0.19916393467167923,0.25743421052631577,512.0,0.0029351887496156417,1.4981897473277872,2.9980685804844183,0.9747368421052631,0.6141447368421052
speed_budget,channel.speed_kmh|feedback.budget_frac,30,0.5,1002,Proposed,1.5592059600035997,0.19490074500044996,0.16604403010624905,0.26282894736842105,512.0,0.0030453241406320306,1.4418004271273963,2.967374598593188,0.968421052631579,0.6266447368421053
speed_budget,channel.speed_kmh|feedback.budget_frac,30,0.5,1002,Baseline,1.6340211850714044,0.20425264813392555,0.09122833760889035,0.4342763157894737,512.0,0.0031914476270925867,1.3669852020595916,2.810532027404014,0.9628947368421052,1.0
speed_budget,channel.speed_kmh|feedback.budget_frac,30,0.5,1002,full_feedback,1.6956414489557743,0.21195518111947179,0.04517818146306644,0.3624342105263158,1024.0,0.0016558998524958733,1.305364938175222,2.702766797591136,0.9613157894736842,1.0
speed_budget,channel.speed_kmh|feedback.budget_frac,30,0.5,1003,Exact,1.807197225040514,0.22589965313006424,0.012875424536238361,0.22197368421052632,91.45263157894736,0.019761019380622566,1.2528352047462143,2.559355127304135,0.9460526315789474,0.22197368421052632
speed_budget,channel.speed_kmh|feedback.budget_frac,30,0.5,1003,Optimised,1.6479206028320723,0.20599007535400904,0.15571132867203785,0.22671052631578947,512.0,0.0032185949274063912,1.4121118269546564,2.8643222606410834,0.9523684210526315,0.6052631578947368
speed_budget,channel.speed_kmh|feedback.budget_frac,30,0.5,1003,Proposed,1.63651258575905,0.20456407321988124,0.16447365722821816,0.2343421052631579,512.0,0.0031963136440606443,1.4235198440276788,2.861117484297185,0.9618421052631579,0.609671052631579
speed_budget,channel.speed_kmh|feedback.budget_frac,30,0.5,1003,Baseline,1.7308341247809125,0.21635426559761406,0.07976690796339103,0.3829605263157895,512.0,0.0033805353999627197,1.3291983050058158,2.730230806004582,0.9481578947368421,1.0
speed_budget,channel.speed_kmh|feedback.budget_frac,30,0.5,1003,full_feedback,1.7811337134035174,0.22264171417543968,0.04067995813968809,0.3180921052631579,1024.0,0.0017393883919956225,1.278898716383211,2.619191438520998,0.9465789473684211,1.0
speed_budget,channel.speed_kmh|feedback.budget_frac,30,0.5,1004,Exact,1.7481815355737695,0.2185226919467212,0.01629415567911274,0.2573026315789474,107.03157894736842,0.016333324732445722,1.297060054773419,2.5999301108440376,0.9757894736842105,0.2573026315789474
speed_budget,channel.speed_kmh|feedback.budget_frac,30,0.5,1004,Optimised,1.5557576076702617,0.19446970095878272,0.19729750965197232,0.2575,512.0,0.00303858907748098,1.489483982676927,2.8987719882037024,0.9857894736842105,0.6115131578947368
speed_budget,channel.speed_kmh|feedback.budget_frac,30,0.5,1004,Proposed,1.5646558696590676,0.19558198370738344,0.19867858261342408,0.2580921052631579,512.0,0.0030559684954278663,1.4805857206881214,2.895278329716252,0.985,0.614671052631579
speed_budget,channel.speed_kmh|feedback.budget_frac,30,0.5,1004,Baseline,1.6681843370103908,0.20852304212629885,0.08755654485927342,0.42467105263157895,512.0,0.0032581725332234196,1.377057253336798,2.747405638132898,0.9765789473684211,1.0
speed_budget,channel.speed_kmh|feedback.budget_frac,30,0.5,1004,full_feedback,1.720293595081942,0.21503669938524275,0.044683813348000076,0.35986842105263156,1024.0,0.001679974213947209,1.3249479952652465,2.6478382196574066,0.9757894736842105,1.0
speed_budget,channel.speed_kmh|feedback.budget_frac,30,0.5,1005,Exact,1.6614156960149404,0.20767696200186755,0.016257351193222674,0.25717105263157897,106.3578947368421,0.015620990807741424,1.291293021160204,2.676640760545206,0.983421052631579,0.25717105263157897
speed_budget,channel.speed_kmh|feedback.budget_frac,30,0.5,1005,Optimised,1.4886816705737753,0.18608520882172191,0.20153253946607272,0.26572368421052633,512.0,0.002907581387839405,1.4640270466013694,2.9491874054726495,0.9876315789473684,0.6171052631578947
speed_budget,channel.speed_kmh|feedback.budget_frac,30,0.5,1005,Proposed,1.5040842597269504,0.1880105324658688,0.18654252136394492,0.26473684210526316,512.0,0.0029376645697792,1.4486244574481941,2.9230337130209643,0.9878947368421053,0.6227631578947368
speed_budget,channel.speed_kmh|feedback.budget_frac,30,0.5,1005,Baseline,1.5726225191944543,0.19657781489930679,0.09133081244440971,0.43546052631578946,512.0,0.0030715283578016685,1.3800861979806902,2.83715946636565,0.983421052631579,1.0
speed_budget,channel.speed_kmh|feedback.budget_frac,30,0.5,1005,full_feedback,1.6314723153716781,0.20393403942145977,0.04677746386834928,0.37414473684210525,1024.0,0.0015932346829801544,1.3212364018034666,2.738660156012136,0.983421052631579,1.0
speed_budget,channel.speed_kmh|feedback.budget_frac,30,0.5,1006,Exact,1.80311312340143,0.22538914042517874,0.013718369416522845,0.23335526315789473,95.5957894736842,0.018861846670535573,1.18379458902309,2.4635304693065327,0.9507894736842105,0.23335526315789473
speed_budget,channel.speed_kmh|feedback.budget_frac,30,0.5,1006,Optimised,1.6222272947706005,0.20277841184632506,0.18866037809598812,0.24039473684210527,512.0,0.003168412685098829,1.3646804176539196,2.780642357252376,0.9665789473684211,0.6175
speed_budget,channel.speed_kmh|feedback.budget_frac,30,0.5,1006,Proposed,1.6156107479686197,0.20195134349607746,0.1828513978268853,0.24052631578947367,512.0,0.0031554897421262103,1.3712969644559005,2.768762332692132,0.9631578947368421,0.6229605263157895
speed_budget,channel.speed_kmh|feedback.budget_frac,30,0.5,1006,Baseline,1.7232461624031667,0.21540577030039584,0.08089034824071814,0.4020394736842105,512.0,0.003365715160943685,1.2636615500213535,2.5947265701181994,0.9521052631578948,1.0
speed_budget,channel.speed_kmh|feedback.budget_frac,30,0.5,1006,full_feedback,1.7772534166144163,0.22215667707680203,0.040302224275746305,0.3319736842105263,1024.0,0.0017355990396625159,1.2096542958101038,2.501231569518583,0.9510526315789474,1.0
speed_budget,channel.speed_kmh|feedback.budget_frac,30,0.5,1007,Exact,1.7020054012561736,0.2127506751570217,0.016038790239684908,0.25046052631578947,104.47157894736841,0.016291563872252994,1.1993794350214069,2.5110154484955207,0.9576315789473684,0.25046052631578947
speed_budget,channel.speed_kmh|feedback.budget_frac,30,0.5,1007,Optimised,1.5071812718737136,0.1883976589842142,0.20524750273248724,0.2600657894736842,512.0,0.002943713421628347,1.3942035644038664,2.8665633387833087,0.9726315789473684,0.6177631578947368
speed_budget,channel.speed_kmh|feedback.budget_frac,30,0.5,1007,Proposed,1.5200105350323425,0.19000131687904281,0.19985902393197397,0.26144736842105265,512.0,0.002968770576235044,1.3813743012452375,2.8151592835487063,0.9755263157894737,0.6229605263157895
speed_budget,channel.speed_kmh|feedback.budget_frac,30,0.5,1007,Baseline,1.6142984065477595,0.20178730081846993,0.09015250071159388,0.4311184210526316,512.0,0.0031529265752885927,1.2870864297298206,2.6845463285644686,0.96,1.0
speed_budget,channel.speed_kmh|feedback.budget_frac,30,0.5,1007,full_feedback,1.6695069313544613,0.20868836641930766,0.04523335043571253,0.3568421052631579,1024.0,0.001630377862650841,1.231877904923119,2.5763659929768337,0.9578947368421052,1.0
speed_budget,channel.speed_kmh|feedback.budget_frac,30,0.5,1008,Exact,1.7398976920025522,0.21748721150031902,0.015800731000086374,0.2513815789473684,103.89894736842105,0.016746056972386375,1.2491950930105913,2.4799435341426332,0.9552631578947368,0.2513815789473684
speed_budget,channel.speed_kmh|feedback.budget_frac,30,0.5,1008,Optimised,1.5694601839006428,0.19618252298758035,0.17711732590521592,0.24848684210526314,512.0,0.003065351921680943,1.4196326011125002,2.7646089828228377,0.9605263157894737,0.625328947368421
speed_budget,channel.speed_kmh|feedback.budget_frac,30,0.5,1008,Proposed,1.5329161626121746,0.19161452032652182,0.1835724806121269,0.25144736842105264,512.0,0.0029939768801019034,1.4561766224009687,2.9369056495278554,0.9578947368421052,0.6223684210526316
speed_budget,channel.speed_kmh|feedback.budget_frac,30,0.5,1008,Baseline,1.6572423274669683,0.20715529093337104,0.08731153295455388,0.4234210526315789,512.0,0.0032368014208339225,1.3318504575461747,2.6224905633014,0.9571052631578948,1.0
speed_budget,channel.speed_kmh|feedback.budget_frac,30,0.5,1008,full_feedback,1.711239104723674,0.21390488809045924,0.04716073871974619,0.35855263157894735,1024.0,0.0016711319382067128,1.2778536802894696,2.5264235509666912,0.9552631578947368,1.0
speed_budget,channel.speed_kmh|feedback.budget_frac,30,0.5,1009,Exact,1.7888595103992653,0.22360743879990816,0.0154069804378925,0.24789473684210525,102.61894736842105,0.017432058662392315,1.1980778873259557,2.4986978847434997,0.9139473684210526,0.24789473684210525
speed_budget,channel.speed_kmh|feedback.budget_frac,30,0.5,1009,Optimised,1.6353137673022555,0.20441422091278194,0.15781085914647075,0.25026315789473685,512.0,0.003193972201762218,1.3516236304229652,2.810242815616919,0.9228947368421052,0.6238815789473684
speed_budget,channel.speed_kmh|feedback.budget_frac,30,0.5,1009,Proposed,1.6275310588387133,0.20344138235483916,0.1535203852748903,0.2513815789473684,512.0,0.003178771599294362,1.3594063388865072,2.751903083512957,0.9231578947368421,0.6255263157894737
speed_budget,channel.speed_kmh|feedback.budget_frac,30,0.5,1009,Baseline,1.7059923570160618,0.21324904462700772,0.08357294079496871,0.41157894736842104,512.0,0.0033320163222969957,1.2809450407091592,2.6528294430173003,0.9163157894736842,1.0
speed_budget,channel.speed_kmh|feedback.budget_frac,30,0.5,1009,full_feedback,1.761759556988904,0.220219944623613,0.04288974856607558,0.3458552631578947,1024.0,0.0017204683173719765,1.2251778407363167,2.5451753544505857,0.9142105263157895,1.0
speed_budget,channel.speed_kmh|feedback.budget_frac,30,0.75,1000,Exact,1.8057150977667478,0.22571438722084347,0.013007539018722583,0.23519736842105263,97.31368421052632,0.018555613348892462,1.1818200190433474,2.470504965458071,0.9636842105263158,0.23519736842105263
speed_budget,channel.speed_kmh|feedback.budget_frac,30,0.75,1000,Optimised,1.7429510475246512,0.2178688809405814,0.08599051966757133,0.3018421052631579,768.0,0.002269467509797723,1.2445840692854437,2.572707642670158,0.965,0.8329605263157894
speed_budget,channel.speed_kmh|feedback.budget_frac,30,0.75,1000,Proposed,1.75013585532801,0.21876698191600125,0.08467335771844166,0.30473684210526314,768.0,0.00227882272829168,1.2373992614820852,2.5656794739514113,0.9647368421052631,0.8380921052631579
speed_budget,channel.speed_kmh|feedback.budget_frac,30,0.75,1000,Baseline,1.7304947660547978,0.21631184575684972,0.07843219480860808,0.39348684210526313,512.0,0.003379872589950777,1.2570403507552976,2.604740454339526,0.9647368421052631,1.0
speed_budget,channel.speed_kmh|feedback.budget_frac,30,0.75,1000,full_feedback,1.7798132677326755,0.22247665846658443,0.03993362063267675,0.33631578947368423,1024.0,0.0017380988942701909,1.2077218490774195,2.523089830328595,0.9639473684210527,1.0
speed_budget,channel.speed_kmh|feedback.budget_frac,30,0.75,1001,Exact,1.7317569875215937,0.2164696234401992,0.015358531728258643,0.2548026315789474,104.67368421052632,0.016544339683683768,1.2566051365156443,2.6195368544899167,0.9644736842105263,0.2548026315789474
speed_budget,channel.speed_kmh|feedback.budget_frac,30,0.75,1001,Optimised,1.6610168794515974,0.20762710993144967,0.09674590172182225,0.3276973684210526,768.0,0.0021627823951192674,1.3273452445856402,2.7345054521958554,0.9671052631578947,0.8386842105263158
speed_budget,channel.speed_kmh|feedback.budget_frac,30,0.75,1001,Proposed,1.6614860707136845,0.20768575883921056,0.09477801006504735,0.32894736842105265,768.0,0.0021633933212417767,1.3268760533235533,2.738760102626832,0.966842105263158,0.8407236842105263
speed_budget,channel.speed_kmh|feedback.budget_frac,30,0.75,1001,Baseline,1.6464116286469765,0.20580145358087207,0.08841720684833024,0.43065789473684213,512.0,0.003215647712201126,1.3419504953902612,2.779020087548275,0.9660526315789474,1.0
speed_budget,channel.speed_kmh|feedback.budget_frac,30,0.75,1001,full_feedback,1.7021851489786748,0.21277314362233435,0.04700331991275771,0.36427631578947367,1024.0,0.001662290184549487,1.2861769750585628,2.676673491403858,0.965,1.0
speed_budget,channel.speed_kmh|feedback.budget_frac,30,0.75,1002,Exact,1.7266138399033637,0.21582672998792046,0.015243755147839693,0.25414473684210526,106.88,0.01615469535837728,1.2743925472276323,2.6194954612586825,0.9613157894736842,0.25414473684210526
speed_budget,channel.speed_kmh|feedback.budget_frac,30,0.75,1002,Optimised,1.6548499503132879,0.20685624378916098,0.10066072171784483,0.32894736842105265,768.0,0.002154752539470427,1.3461564368177084,2.775286962876425,0.9636842105263158,0.8393421052631579
speed_budget,channel.speed_kmh|feedback.budget_frac,30,0.75,1002,Proposed,1.6623134686058754,0.20778918357573442,0.0972504480774263,0.3307894736842105,768.0,0.0021644706622472335,1.3386929185251208,2.7621773626875243,0.9631578947368421,0.8423684210526315
speed_budget,channel.speed_kmh|feedback.budget_frac,30,0.75,1002,Baseline,1.6340211850714044,0.20425264813392555,0.09122833760889035,0.4342763157894737,512.0,0.0031914476270925867,1.3669852020595916,2.810532027404014,0.9628947368421052,1.0
speed_budget,channel.speed_kmh|feedback.budget_frac,30,0.75,1002,full_feedback,1.6956414489557743,0.21195518111947179,0.04517818146306644,0.3624342105263158,1024.0,0.0016558998524958733,1.305364938175222,2.702766797591136,0.9613157894736842,1.0
speed_budget,channel.speed_kmh|feedback.budget_frac,30,0.75,1003,Exact,1.807197225040514,0.22589965313006424,0.012875424536238361,0.22197368421052632,91.45263157894736,0.019761019380622566,1.2528352047462143,2.559355127304135,0.9460526315789474,0.22197368421052632
speed_budget,channel.speed_kmh|feedback.budget_frac,30,0.75,1003,Optimised,1.753943904912907,0.21924298811411339,0.07707483253605578,0.295,768.0,0.002283781126188681,1.3060885248738214,2.6698065724978837,0.9494736842105264,0.8335526315789473
speed_budget,channel.speed_kmh|feedback.budget_frac,30,0.75,1003,Proposed,1.7587427420876687,0.21984284276095858,0.07720839844637979,0.2949342105263158,768.0,0.0022900296120933186,1.3012896876990598,2.649282036646603,0.9489473684210527,0.8363157894736842
speed_budget,channel.speed_kmh|feedback.budget_frac,30,0.75,1003,Baseline,1.7308341247809125,0.21635426559761406,0.07976690796339103,0.3829605263157895,512.0,0.0033805353999627197,1.3291983050058158,2.730230806004582,0.9481578947368421,1.0
speed_budget,channel.speed_kmh|feedback.budget_frac,30,0.75,1003,full_feedback,1.7811337134035174,0.22264171417543968,0.04067995813968809,0.3180921052631579,1024.0,0.0017393883919956225,1.278898716383211,2.619191438520998,0.9465789473684211,1.0
speed_budget,channel.speed_kmh|feedback.budget_frac,30,0.75,1004,Exact,1.7481815355737695,0.2185226919467212,0.01629415567911274,0.2573026315789474,107.03157894736842,0.016333324732445722,1.297060054773419,2.5999301108440376,0.9757894736842105,0.2573026315789474
speed_budget,channel.speed_kmh|feedback.budget_frac,30,0.75,1004,Optimised,1.6803376597410216,0.2100422074676277,0.08997676115513215,0.32789473684210524,768.0,0.0021879396611211217,1.3649039306061672,2.7413248517244404,0.9757894736842105,0.8397368421052631
speed_budget,channel.speed_kmh|feedback.budget_frac,30,0.75,1004,Proposed,1.6912472931053228,0.21140591163816536,0.08834945664506574,0.3299342105263158,768.0,0.002202144912897556,1.353994297241866,2.7103082513390824,0.9757894736842105,0.8432894736842105
speed_budget,channel.speed_kmh|feedback.budget_frac,30,0.75,1004,Baseline,1.6681843370103908,0.20852304212629885,0.08755654485927342,0.42467105263157895,512.0,0.0032581725332234196,1.377057253336798,2.747405638132898,0.9765789473684211,1.0
speed_budget,channel.speed_kmh|feedback.budget_frac,30,0.75,1004,full_feedback,1.720293595081942,0.21503669938524275,0.044683813348000076,0.35986842105263156,1024.0,0.001679974213947209,1.3249479952652465,2.6478382196574066,0.9757894736842105,1.0
speed_budget,channel.speed_kmh|feedback.budget_frac,30,0.75,1005,Exact,1.6614156960149404,0.20767696200186755,0.016257351193222674,0.25717105263157897,106.3578947368421,0.015620990807741424,1.291293021160204,2.676640760545206,0.983421052631579,0.25717105263157897
speed_budget,channel.speed_kmh|feedback.budget_frac,30,0.75,1005,Optimised,1.5992788671064653,0.19990985838830816,0.09882365957316984,0.33848684210526314,768.0,0.0020823943582115433,1.3534298500686794,2.7985724012508753,0.9842105263157894,0.8396710526315789
speed_budget,channel.speed_kmh|feedback.budget_frac,30,0.75,1005,Proposed,1.6054233442030343,0.2006779180253793,0.09552598352513772,0.34098684210526314,768.0,0.0020903949794310343,1.3472853729721102,2.7906342439076175,0.9842105263157894,0.8414473684210526
speed_budget,channel.speed_kmh|feedback.budget_frac,30,0.75,1005,Baseline,1.5726225191944543,0.19657781489930679,0.09133081244440971,0.43546052631578946,512.0,0.0030715283578016685,1.3800861979806902,2.83715946636565,0.983421052631579,1.0
speed_budget,channel.speed_kmh|feedback.budget_frac,30,0.75,1005,full_feedback,1.6314723153716781,0.20393403942145977,0.04677746386834928,0.37414473684210525,1024.0,0.0015932346829801544,1.3212364018034666,2.738660156012136,0.983421052631579,1.0
speed_budget,channel.speed_kmh|feedback.budget_frac,30,0.75,1006,Exact,1.80311312340143,0.22538914042517874,0.013718369416522845,0.23335526315789473,95.5957894736842,0.018861846670535573,1.18379458902309,2.4635304693065327,0.9507894736842105,0.23335526315789473
speed_budget,channel.speed_kmh|feedback.budget_frac,30,0.75,1006,Optimised,1.7467789709570645,0.21834737136963306,0.08194281865966388,0.30546052631578946,768.0,0.0022744517851003444,1.2401287414674556,2.545721792976867,0.9521052631578948,0.8382236842105263
speed_budget,channel.speed_kmh|feedback.budget_frac,30,0.75,1006,Proposed,1.7499551786632133,0.21874439733290166,0.08119452321311277,0.3088815789473684,768.0,0.0022785874722177257,1.2369525337613065,2.539175897798631,0.9521052631578948,0.84375
speed_budget,channel.speed_kmh|feedback.budget_frac,30,0.75,1006,Baseline,1.7232461624031667,0.21540577030039584,0.08089034824071814,0.4020394736842105,512.0,0.003365715160943685,1.2636615500213535,2.5947265701181994,0.9521052631578948,1.0
speed_budget,channel.speed_kmh|feedback.budget_frac,30,0.75,1006,full_feedback,1.7772534166144163,0.22215667707680203,0.040302224275746305,0.3319736842105263,1024.0,0.0017355990396625159,1.2096542958101038,2.501231569518583,0.9510526315789474,1.0
speed_budget,channel.speed_kmh|feedback.budget_frac,30,0.75,1007,Exact,1.7020054012561736,0.2127506751570217,0.016038790239684908,0.25046052631578947,104.47157894736841,0.016291563872252994,1.1993794350214069,2.5110154484955207,0.9576315789473684,0.25046052631578947
speed_budget,channel.speed_kmh|feedback.budget_frac,30,0.75,1007,Optimised,1.6209106706516612,0.20261383383145765,0.10529264291332838,0.32493421052631577,768.0,0.002110560769077684,1.280474165625919,2.6398503651723764,0.9631578947368421,0.8334868421052631
speed_budget,channel.speed_kmh|feedback.budget_frac,30,0.75,1007,Proposed,1.629976768611924,0.2037470960764905,0.09890559101506016,0.33111842105263156,768.0,0.0021223655841301095,1.2714080676656563,2.621897578335691,0.9628947368421052,0.8407894736842105
speed_budget,channel.speed_kmh|feedback.budget_frac,30,0.75,1007,Baseline,1.6142984065477595,0.20178730081846993,0.09015250071159388,0.4311184210526316,512.0,0.0031529265752885927,1.2870864297298206,2.6845463285644686,0.96,1.0
speed_budget,channel.speed_kmh|feedback.budget_frac,30,0.75,1007,full_feedback,1.6695069313544613,0.20868836641930766,0.04523335043571253,0.3568421052631579,1024.0,0.001630377862650841,1.231877904923119,2.5763659929768337,0.9578947368421052,1.0
speed_budget,channel.speed_kmh|feedback.budget_frac,30,0.75,1008,Exact,1.7398976920025522,0.21748721150031902,0.015800731000086374,0.2513815789473684,103.89894736842105,0.016746056972386375,1.2491950930105913,2.4799435341426332,0.9552631578947368,0.2513815789473684
speed_budget,channel.speed_kmh|feedback.budget_frac,30,0.75,1008,Optimised,1.6772266523791433,0.2096533315473929,0.09257944963080822,0.3194736842105263,768.0,0.0021838888702853426,1.311866132634,2.579692951612953,0.9557894736842105,0.8375
speed_budget,channel.speed_kmh|feedback.budget_frac,30,0.75,1008,Proposed,1.679688833952643,0.20996110424408038,0.09843642745079485,0.32125,768.0,0.0021870948358758374,1.3094039510605004,2.612761973284064,0.9560526315789474,0.8419078947368421
speed_budget,channel.speed_kmh|feedback.budget_frac,30,0.75,1008,Baseline,1.6572423274669683,0.20715529093337104,0.08731153295455388,0.4234210526315789,512.0,0.0032368014208339225,1.3318504575461747,2.6224905633014,0.9571052631578948,1.0
speed_budget,channel.speed_kmh|feedback.budget_frac,30,0.75,1008,full_feedback,1.711239104723674,0.21390488809045924,0.04716073871974619,0.35855263157894735,1024.0,0.0016711319382067128,1.2778536802894696,2.5264235509666912,0.9552631578947368,1.0
speed_budget,channel.speed_kmh|feedback.budget_frac,30,0.75,1009,Exact,1.7888595103992653,0.22360743879990816,0.0154069804378925,0.24789473684210525,102.61894736842105,0.017432058662392315,1.1980778873259557,2.4986978847434997,0.9139473684210526,0.24789473684210525
speed_budget,channel.speed_kmh|feedback.budget_frac,30,0.75,1009,Optimised,1.7188843104352332,0.21486053880440414,0.08970776050542213,0.31796052631578947,768.0,0.0022381306125458765,1.268053087289988,2.625819748839438,0.9173684210526316,0.8394736842105263
speed_budget,channel.speed_kmh|feedback.budget_frac,30,0.75,1009,Proposed,1.734036746686471,0.21675459333580888,0.08431497156174386,0.32223684210526315,768.0,0.002257860347248009,1.25290065103875,2.5831258436900333,0.9173684210526316,0.845657894736842
speed_budget,channel.speed_kmh|feedback.budget_frac,30,0.75,1009,Baseline,1.7059923570160618,0.21324904462700772,0.08357294079496871,0.41157894736842104,512.0,0.0033320163222969957,1.2809450407091592,2.6528294430173003,0.9163157894736842,1.0
speed_budget,channel.speed_kmh|feedback.budget_frac,30,0.75,1009,full_feedback,1.761759556988904,0.220219944623613,0.04288974856607558,0.3458552631578947,1024.0,0.0017204683173719765,1.2251778407363167,2.5451753544505857,0.9142105263157895,1.0
speed_budget,channel.speed_kmh|feedback.budget_frac,30,1.0,1000,Exact,1.8057150977667478,0.22571438722084347,0.013007539018722583,0.23519736842105263,97.31368421052632,0.018555613348892462,1.1818200190433474,2.470504965458071,0.9636842105263158,0.23519736842105263
speed_budget,channel.speed_kmh|feedback.budget_frac,30,1.0,1000,Optimised,1.7798132677326755,0.22247665846658443,0.03993362063267675,0.33631578947368423,1024.0,0.0017380988942701909,1.2077218490774195,2.523089830328595,0.9639473684210527,1.0
speed_budget,channel.speed_kmh|feedback.budget_frac,30,1.0,1000,Proposed,1.7798132677326755,0.22247665846658443,0.03993362063267675,0.33631578947368423,1024.0,0.0017380988942701909,1.2077218490774195,2.523089830328595,0.9639473684210527,1.0
speed_budget,channel.speed_kmh|feedback.budget_frac,30,1.0,1000,Baseline,1.7304947660547978,0.21631184575684972,0.07843219480860808,0.39348684210526313,512.0,0.003379872589950777,1.2570403507552976,2.604740454339526,0.9647368421052631,1.0
speed_budget,channel.speed_kmh|feedback.budget_frac,30,1.0,1000,full_feedback,1.7798132677326755,0.22247665846658443,0.03993362063267675,0.33631578947368423,1024.0,0.0017380988942701909,1.2077218490774195,2.523089830328595,0.9639473684210527,1.0
speed_budget,channel.speed_kmh|feedback.budget_frac,30,1.0,1001,Exact,1.7317569875215937,0.2164696234401992,0.015358531728258643,0.2548026315789474,104.67368421052632,0.016544339683683768,1.2566051365156443,2.6195368544899167,0.9644736842105263,0.2548026315789474
speed_budget,channel.speed_kmh|feedback.budget_frac,30,1.0,1001,Optimised,1.7021851489786748,0.21277314362233435,0.04700331991275771,0.36427631578947367,1024.0,0.001662290184549487,1.2861769750585628,2.676673491403858,0.965,1.0
speed_budget,channel.speed_kmh|feedback.budget_frac,30,1.0,1001,Proposed,1.7021851489786748,0.21277314362233435,0.04700331991275771,0.36427631578947367,1024.0,0.001662290184549487,1.2861769750585628,2.676673491403858,0.965,1.0
speed_budget,channel.speed_kmh|feedback.budget_frac,30,1.0,1001,Baseline,1.6464116286469765,0.20580145358087207,0.08841720684833024,0.43065789473684213,512.0,0.003215647712201126,1.3419504953902612,2.779020087548275,0.9660526315789474,1.0
speed_budget,channel.speed_kmh|feedback.budget_frac,30,1.0,1001,full_feedback,1.7021851489786748,0.21277314362233435,0.04700331991275771,0.36427631578947367,1024.0,0.001662290184549487,1.2861769750585628,2.676673491403858,0.965,1.0
speed_budget,channel.speed_kmh|feedback.budget_frac,30,1.0,1002,Exact,1.7266138399033637,0.21582672998792046,0.015243755147839693,0.25414473684210526,106.88,0.01615469535837728,1.2743925472276323,2.6194954612586825,0.9613157894736842,0.25414473684210526
speed_budget,channel.speed_kmh|feedback.budget_frac,30,1.0,1002,Optimised,1.6956414489557743,0.21195518111947179,0.04517818146306644,0.3624342105263158,1024.0,0.0016558998524958733,1.305364938175222,2.702766797591136,0.9613157894736842,1.0
speed_budget,channel.speed_kmh|feedback.budget_frac,30,1.0,1002,Proposed,1.6956414489557743,0.21195518111947179,0.04517818146306644,0.3624342105263158,1024.0,0.0016558998524958733,1.305364938175222,2.702766797591136,0.9613157894736842,1.0
speed_budget,channel.speed_kmh|feedback.budget_frac,30,1.0,1002,Baseline,1.6340211850714044,0.20425264813392555,0.09122833760889035,0.4342763157894737,512.0,0.0031914476270925867,1.3669852020595916,2.810532027404014,0.9628947368421052,1.0
speed_budget,channel.speed_kmh|feedback.budget_frac,30,1.0,1002,full_feedback,1.6956414489557743,0.21195518111947179,0.04517818146306644,0.3624342105263158,1024.0,0.0016558998524958733,1.305364938175222,2.702766797591136,0.9613157894736842,1.0
speed_budget,channel.speed_kmh|feedback.budget_frac,30,1.0,1003,Exact,1.807197225040514,0.22589965313006424,0.012875424536238361,0.22197368421052632,91.45263157894736,0.019761019380622566,1.2528352047462143,2.559355127304135,0.9460526315789474,0.22197368421052632
speed_budget,channel.speed_kmh|feedback.budget_frac,30,1.0,1003,Optimised,1.7811337134035174,0.22264171417543968,0.04067995813968809,0.3180921052631579,1024.0,0.0017393883919956225,1.278898716383211,2.619191438520998,0.9465789473684211,1.0
speed_budget,channel.speed_kmh|feedback.budget_frac,30,1.0,1003,Proposed,1.7811337134035174,0.22264171417543968,0.04067995813968809,0.3180921052631579,1024.0,0.0017393883919956225,1.278898716383211,2.619191438520998,0.9465789473684211,1.0
speed_budget,channel.speed_kmh|feedback.budget_frac,30,1.0,1003,Baseline,1.7308341247809125,0.21635426559761406,0.07976690796339103,0.3829605263157895,512.0,0.0033805353999627197,1.3291983050058158,2.730230806004582,0.9481578947368421,1.0
speed_budget,channel.speed_kmh|feedback.budget_frac,30,1.0,1003,full_feedback,1.7811337134035174,0.22264171417543968,0.04067995813968809,0.3180921052631579,1024.0,0.0017393883919956225,1.278898716383211,2.619191438520998,0.9465789473684211,1.0
speed_budget,channel.speed_kmh|feedback.budget_frac,30,1.0,1004,Exact,1.7481815355737695,0.2185226919467212,0.01629415567911274,0.2573026315789474,107.03157894736842,0.016333324732445722,1.297060054773419,2.5999301108440376,0.9757894736842105,0.2573026315789474
speed_budget,channel.speed_kmh|feedback.budget_frac,30,1.0,1004,Optimised,1.720293595081942,0.21503669938524275,0.044683813348000076,0.35986842105263156,1024.0,0.001679974213947209,1.3249479952652465,2.6478382196574066,0.9757894736842105,1.0
speed_budget,channel.speed_kmh|feedback.budget_frac,30,1.0,1004,Proposed,1.720293595081942,0.21503669938524275,0.044683813348000076,0.35986842105263156,1024.0,0.001679974213947209,1.3249479952652465,2.6478382196574066,0.9757894736842105,1.0
speed_budget,channel.speed_kmh|feedback.budget_frac,30,1.0,1004,Baseline,1.6681843370103908,0.20852304212629885,0.08755654485927342,0.42467105263157895,512.0,0.0032581725332234196,1.377057253336798,2.747405638132898,0.9765789473684211,1.0
speed_budget,channel.speed_kmh|feedback.budget_frac,30,1.0,1004,full_feedback,1.720293595081942,0.21503669938524275,0.044683813348000076,0.35986842105263156,1024.0,0.001679974213947209,1.3249479952652465,2.6478382196574066,0.9757894736842105,1.0
speed_budget,channel.speed_kmh|feedback.budget_frac,30,1.0,1005,Exact,1.6614156960149404,0.20767696200186755,0.016257351193222674,0.25717105263157897,106.3578947368421,0.015620990807741424,1.291293021160204,2.676640760545206,0.983421052631579,0.25717105263157897
speed_budget,channel.speed_kmh|feedback.budget_frac,30,1.0,1005,Optimised,1.6314723153716781,0.20393403942145977,0.04677746386834928,0.37414473684210525,1024.0,0.0015932346829801544,1.3212364018034666,2.738660156012136,0.983421052631579,1.0
speed_budget,channel.speed_kmh|feedback.budget_frac,30,1.0,1005,Proposed,1.6314723153716781,0.20393403942145977,0.04677746386834928,0.37414473684210525,1024.0,0.0015932346829801544,1.3212364018034666,2.738660156012136,0.983421052631579,1.0
speed_budget,channel.speed_kmh|feedback.budget_frac,30,1.0,1005,Baseline,1.5726225191944543,0.19657781489930679,0.09133081244440971,0.43546052631578946,512.0,0.0030715283578016685,1.3800861979806902,2.83715946636565,0.983421052631579,1.0
speed_budget,channel.speed_kmh|feedback.budget_frac,30,1.0,1005,full_feedback,1.6314723153716781,0.20393403942145977,0.04677746386834928,0.37414473684210525,1024.0,0.0015932346829801544,1.3212364018034666,2.738660156012136,0.983421052631579,1.0
speed_budget,channel.speed_kmh|feedback.budget_frac,30,1.0,1006,Exact,1.80311312340143,0.22538914042517874,0.013718369416522845,0.23335526315789473,95.5957894736842,0.018861846670535573,1.18379458902309,2.4635304693065327,0.9507894736842105,0.23335526315789473
speed_budget,channel.speed_kmh|feedback.budget_frac,30,1.0,1006,Optimised,1.7772534166144163,0.22215667707680203,0.040302224275746305,0.3319736842105263,1024.0,0.0017355990396625159,1.2096542958101038,2.501231569518583,0.9510526315789474,1.0
speed_budget,channel.speed_kmh|feedback.budget_frac,30,1.0,1006,Proposed,1.7772534166144163,0.22215667707680203,0.040302224275746305,0.3319736842105263,1024.0,0.0017355990396625159,1.2096542958101038,2.501231569518583,0.9510526315789474,1.0
speed_budget,channel.speed_kmh|feedback.budget_frac,30,1.0,1006,Baseline,1.7232461624031667,0.21540577030039584,0.08089034824071814,0.4020394736842105,512.0,0.003365715160943685,1.2636615500213535,2.5947265701181994,0.9521052631578948,1.0
speed_budget,channel.speed_kmh|feedback.budget_frac,30,1.0,1006,full_feedback,1.7772534166144163,0.22215667707680203,0.040302224275746305,0.3319736842105263,1024.0,0.0017355990396625159,1.2096542958101038,2.501231569518583,0.9510526315789474,1.0
speed_budget,channel.speed_kmh|feedback.budget_frac,30,1.0,1007,Exact,1.7020054012561736,0.2127506751570217,0.016038790239684908,0.25046052631578947,104.47157894736841,0.016291563872252994,1.1993794350214069,2.5110154484955207,0.9576315789473684,0.25046052631578947
speed_budget,channel.speed_kmh|feedback.budget_frac,30,1.0,1007,Optimised,1.6695069313544613,0.20868836641930766,0.04523335043571253,0.3568421052631579,1024.0,0.001630377862650841,1.231877904923119,2.5763659929768337,0.9578947368421052,1.0
speed_budget,channel.speed_kmh|feedback.budget_frac,30,1.0,1007,Proposed,1.6695069313544613,0.20868836641930766,0.04523335043571253,0.3568421052631579,1024.0,0.001630377862650841,1.231877904923119,2.5763659929768337,0.9578947368421052,1.0
speed_budget,channel.speed_kmh|feedback.budget_frac,30,1.0,1007,Baseline,1.6142984065477595,0.20178730081846993,0.09015250071159388,0.4311184210526316,512.0,0.0031529265752885927,1.2870864297298206,2.6845463285644686,0.96,1.0
speed_budget,channel.speed_kmh|feedback.budget_frac,30,1.0,1007,full_feedback,1.6695069313544613,0.20868836641930766,0.04523335043571253,0.3568421052631579,1024.0,0.001630377862650841,1.231877904923119,2.5763659929768337,0.9578947368421052,1.0
speed_budget,channel.speed_kmh|feedback.budget_frac,30,1.0,1008,Exact,1.7398976920025522,0.21748721150031902,0.015800731000086374,0.2513815789473684,103.89894736842105,0.016746056972386375,1.2491950930105913,2.4799435341426332,0.9552631578947368,0.2513815789473684
speed_budget,channel.speed_kmh|feedback.budget_frac,30,1.0,1008,Optimised,1.711239104723674,0.21390488809045924,0.04716073871974619,0.35855263157894735,1024.0,0.0016711319382067128,1.2778536802894696,2.5264235509666912,0.9552631578947368,1.0
speed_budget,channel.speed_kmh|feedback.budget_frac,30,1.0,1008,Proposed,1.711239104723674,0.21390488809045924,0.04716073871974619,0.35855263157894735,1024.0,0.0016711319382067128,1.2778536802894696,2.5264235509666912,0.9552631578947368,1.0
speed_budget,channel.speed_kmh|feedback.budget_frac,30,1.0,1008,Baseline,1.6572423274669683,0.20715529093337104,0.08731153295455388,0.4234210526315789,512.0,0.0032368014208339225,1.3318504575461747,2.6224905633014,0.9571052631578948,1.0
speed_budget,channel.speed_kmh|feedback.budget_frac,30,1.0,1008,full_feedback,1.711239104723674,0.21390488809045924,0.04716073871974619,0.35855263157894735,1024.0,0.0016711319382067128,1.2778536802894696,2.5264235509666912,0.9552631578947368,1.0
speed_budget,channel.speed_kmh|feedback.budget_frac,30,1.0,1009,Exact,1.7888595103992653,0.22360743879990816,0.0154069804378925,0.24789473684210525,102.61894736842105,0.017432058662392315,1.1980778873259557,2.4986978847434997,0.9139473684210526,0.24789473684210525
speed_budget,channel.speed_kmh|feedback.budget_frac,30,1.0,1009,Optimised,1.761759556988904,0.220219944623613,0.04288974856607558,0.3458552631578947,1024.0,0.0017204683173719765,1.2251778407363167,2.5451753544505857,0.9142105263157895,1.0
speed_budget,channel.speed_kmh|feedback.budget_frac,30,1.0,1009,Proposed,1.761759556988904,0.220219944623613,0.04288974856607558,0.3458552631578947,1024.0,0.0017204683173719765,1.2251778407363167,2.5451753544505857,0.9142105263157895,1.0
speed_budget,channel.speed_kmh|feedback.budget_frac,30,1.0,1009,Baseline,1.7059923570160618,0.21324904462700772,0.08357294079496871,0.41157894736842104,512.0,0.0033320163222969957,1.2809450407091592,2.6528294430173003,0.9163157894736842,1.0
speed_budget,channel.speed_kmh|feedback.budget_frac,30,1.0,1009,full_feedback,1.761759556988904,0.220219944623613,0.04288974856607558,0.3458552631578947,1024.0,0.0017204683173719765,1.2251778407363167,2.5451753544505857,0.9142105263157895,1.0
speed_budget,channel.speed_kmh|feedback.budget_frac,40,0.05,1000,Exact,1.6011481683814532,0.20014352104768166,0.19812578181044493,0.12019736842105264,30.770526315789475,0.05203512451978587,1.386386948428642,2.8097842311444836,0.9692105263157895,0.12019736842105264
speed_budget,channel.speed_kmh|feedback.budget_frac,40,0.05,1000,Optimised,0.9125878873438322,0.11407348591797903,0.5585869713543065,0.08013157894736841,32.0,0.028518371479494757,2.074947229466263,3.832678878519123,0.9960526315789474,0.125
speed_budget,channel.speed_kmh|feedback.budget_frac,40,0.05,1000,Proposed,0.8335426630086524,0.10419283287608155,0.5459443602689578,0.08368421052631579,32.0,0.02604820821902039,2.1539924538014428,3.9849070984026382,0.9873684210526316,0.125
speed_budget,channel.speed_kmh|feedback.budget_frac,40,0.05,1000,Baseline,0.5633729600185066,0.07042162000231332,0.7211834135006366,0.0,0.0,,2.4241621567915885,4.1357947740656495,0.9981578947368421,0.0
speed_budget,channel.speed_kmh|feedback.budget_frac,40,0.05,1000,full_feedback,1.7512680871496313,0.21890851089370392,0.03988790233940671,0.4033552631578947,1024.0,0.0017102227413570619,1.236267029660464,2.540646070314309,0.9663157894736842,1.0
speed_budget,channel.speed_kmh|feedback.budget_frac,40,0.05,1001,Exact,1.5318038302028947,0.19147547877536183,0.22278413137377764,0.12197368421052632,31.225263157894737,0.049056554702425495,1.456558293834343,3.0285329342565497,0.9663157894736842,0.12197368421052632
speed_budget,channel.speed_kmh|feedback.budget_frac,40,0.05,1001,Optimised,0.8632511326542889,0.10790639158178611,0.5569357273995973,0.08335526315789474,32.0,0.026976597895446527,2.125110991382949,3.9342527816621926,0.9905263157894737,0.125
speed_budget,channel.speed_kmh|feedback.budget_frac,40,0.05,1001,Proposed,0.7753873248677525,0.09692341560846907,0.5636895095079212,0.08375,32.0,0.024230853902117266,2.2129747991694853,4.073565503099983,0.985,0.125
speed_budget,channel.speed_kmh|feedback.budget_frac,40,0.05,1001,Baseline,0.2770298717563404,0.03462873396954255,0.7534784191673864,0.0,0.0,,2.7113322522808976,4.608744685720856,0.9902631578947368,0.0
speed_budget,channel.speed_kmh|feedback.budget_frac,40,0.05,1001,full_feedback,1.7050101255409513,0.21312626569261892,0.044844866527336366,0.42736842105263156,1024.0,0.0016650489507235853,1.2833519984962865,2.679477350416427,0.9607894736842105,1.0
speed_budget,channel.speed_kmh|feedback.budget_frac,40,0.05,1002,Exact,1.512400900317133,0.18905011253964163,0.22701110144595732,0.12131578947368421,31.056842105263158,0.04869783267696842,1.488605486813863,3.0051054293794848,0.9742105263157895,0.12131578947368421
speed_budget,channel.speed_kmh|feedback.budget_frac,40,0.05,1002,Optimised,0.6485872940345432,0.0810734117543179,0.6464700441678792,0.08177631578947368,32.0,0.020268352938579474,2.352419093096453,4.264807684300315,0.9963157894736843,0.125
speed_budget,channel.speed_kmh|feedback.budget_frac,40,0.05,1002,Proposed,0.7742896348556327,0.09678620435695409,0.578642291699364,0.08513157894736842,32.0,0.024196551089238523,2.226716752275363,4.140527586269823,0.993421052631579,0.125
speed_budget,channel.speed_kmh|feedback.budget_frac,40,0.05,1002,Baseline,0.35281719464073785,0.04410214933009223,0.752859977867841,0.0,0.0,,2.6481891924902583,4.634586750901977,0.998421052631579,0.0
speed_budget,channel.speed_kmh|feedback.budget_frac,40,0.05,1002,full_feedback,1.6961156342901875,0.21201445428627344,0.04683635003312675,0.42664473684210524,1024.0,0.0016563629241115113,1.3048907528408085,2.6592037900729313,0.9692105263157895,1.0
speed_budget,channel.speed_kmh|feedback.budget_frac,40,0.05,1003,Exact,1.6340454070999495,0.2042556758874937,0.1736296712297046,0.11973684210526316,30.652631578947368,0.05330848683876896,1.4259870226867792,2.8170211093269164,0.97,0.11973684210526316
speed_budget,channel.speed_kmh|feedback.budget_frac,40,0.05,1003,Optimised,0.8615516269636392,0.1076939533704549,0.5262279785450474,0.07796052631578948,32.0,0.026923488342613724,2.1984808028230893,3.8786491045752167,0.9921052631578947,0.125
speed_budget,channel.speed_kmh|feedback.budget_frac,40,0.05,1003,Proposed,1.0505252239969505,0.1313156529996188,0.4568744823183855,0.08013157894736841,32.0,0.0328289132499047,2.009507205789778,3.754071851746085,0.9876315789473684,0.125
speed_budget,channel.speed_kmh|feedback.budget_frac,40,0.05,1003,Baseline,0.8380581441763142,0.10475726802203927,0.5724011959822146,0.0,0.0,,2.2219742856104143,3.885020213546576,0.9981578947368421,0.0
speed_budget,channel.speed_kmh|feedback.budget_frac,40,0.05,1003,full_feedback,1.7581085186868206,0.21976356483585258,0.0421033829088485,0.39125,1024.0,0.0017169028502800983,1.3019239110999081,2.6217301552524037,0.9678947368421053,1.0
speed_budget,channel.speed_kmh|feedback.budget_frac,40,0.05,1004,Exact,1.598324814415752,0.199790601801969,0.20483158945364238,0.12157894736842105,31.12421052631579,0.0513531038181468,1.4469167759314367,2.8237612440686806,0.9705263157894737,0.12157894736842105
speed_budget,channel.speed_kmh|feedback.budget_frac,40,0.05,1004,Optimised,0.7944372950110123,0.09930466187637654,0.6000902207155988,0.08131578947368422,32.0,0.024826165469094136,2.2508042953361764,4.079739970469441,0.9897368421052631,0.125
speed_budget,channel.speed_kmh|feedback.budget_frac,40,0.05,1004,Proposed,0.9022819792276741,0.11278524740345926,0.5514254376609035,0.08473684210526315,32.0,0.028196311850864814,2.142959611119515,3.841762364343486,0.9944736842105263,0.125
speed_budget,channel.speed_kmh|feedback.budget_frac,40,0.05,1004,Baseline,0.515485375319877,0.06443567191498463,0.7974031884869446,0.0,0.0,,2.529756215027312,4.350441008619678,1.0,0.0
speed_budget,channel.speed_kmh|feedback.budget_frac,40,0.05,1004,full_feedback,1.7584614441568802,0.21980768051961003,0.043500390832119776,0.4181578947368421,1024.0,0.0017172475040594533,1.2867801461903083,2.548263940374128,0.9689473684210527,1.0
speed_budget,channel.speed_kmh|feedback.budget_frac,40,0.05,1005,Exact,1.4685388696386732,0.18356735870483415,0.22978889522875542,0.12184210526315789,31.19157894736842,0.04708126100690941,1.4841698475364717,2.9779465484831382,0.9868421052631579,0.12184210526315789
speed_budget,channel.speed_kmh|feedback.budget_frac,40,0.05,1005,Optimised,0.8123943671677765,0.10154929589597206,0.5710574911376881,0.08526315789473685,32.0,0.025387323973993015,2.140314350007368,3.9257346784598415,0.9960526315789474,0.125
speed_budget,channel.speed_kmh|feedback.budget_frac,40,0.05,1005,Proposed,0.9179535111205803,0.11474418889007254,0.5344191910808882,0.08651315789473685,32.0,0.028686047222518135,2.034755206054564,3.7029547700942542,0.9968421052631579,0.125
speed_budget,channel.speed_kmh|feedback.budget_frac,40,0.05,1005,Baseline,0.569347538185454,0.07116844227318175,0.7820638534188856,0.0,0.0,,2.3833611789896905,4.162391859760822,1.0,0.0
speed_budget,channel.speed_kmh|feedback.budget_frac,40,0.05,1005,full_feedback,1.637351044131,0.204668880516375,0.047749560900180746,0.43467105263157896,1024.0,0.0015989756290341797,1.3153576730441447,2.6770714842788816,0.9836842105263158,1.0
speed_budget,channel.speed_kmh|feedback.budget_frac,40,0.05,1006,Exact,1.6144447537751607,0.2018055942218951,0.18389364434528566,0.11960526315789474,30.618947368421054,0.05272698418888898,1.3724629586493593,2.748893616172828,0.9394736842105263,0.11960526315789474
speed_budget,channel.speed_kmh|feedback.budget_frac,40,0.05,1006,Optimised,0.8387662684864273,0.10484578356080342,0.5710977748526124,0.07960526315789473,32.0,0.026211445890200854,2.148141443938093,3.8873230004513863,0.9763157894736842,0.125
speed_budget,channel.speed_kmh|feedback.budget_frac,40,0.05,1006,Proposed,0.9722223026247246,0.12152778782809058,0.48911191709190843,0.08118421052631579,32.0,0.030381946957022645,2.0146854097997955,3.743018761513035,0.9805263157894737,0.125
speed_budget,channel.speed_kmh|feedback.budget_frac,40,0.05,1006,Baseline,0.7511967464669421,0.09389959330836777,0.5696300740812661,0.0,0.0,,2.235710965957578,4.057800642140417,0.9715789473684211,0.0
speed_budget,channel.speed_kmh|feedback.budget_frac,40,0.05,1006,full_feedback,1.751755590784985,0.21896944884812314,0.042412552273465964,0.40651315789473685,1024.0,0.001710698819125962,1.2351521216395347,2.547798141129007,0.9355263157894737,1.0
speed_budget,channel.speed_kmh|feedback.budget_frac,40,0.05,1007,Exact,1.5088259037960403,0.18860323797450504,0.22051424636442973,0.12223684210526316,31.29263157894737,0.04821665125828304,1.39255893248154,2.7970224228780975,0.9636842105263158,0.12223684210526316
speed_budget,channel.speed_kmh|feedback.budget_frac,40,0.05,1007,Optimised,0.8013745182087778,0.10017181477609723,0.595108919587009,0.0844078947368421,32.0,0.025042953694024307,2.100010318068802,3.915438682811954,0.991578947368421,0.125
speed_budget,channel.speed_kmh|feedback.budget_frac,40,0.05,1007,Proposed,0.7824061977375147,0.09780077471718934,0.5875151092834001,0.08802631578947369,32.0,0.024450193679297336,2.1189786385400655,3.8731012093022503,0.9897368421052631,0.125
speed_budget,channel.speed_kmh|feedback.budget_frac,40,0.05,1007,Baseline,0.3660557134165732,0.04575696417707165,0.7744400600887226,0.0,0.0,,2.535329122861007,4.55303351443768,0.9871052631578947,0.0
speed_budget,channel.speed_kmh|feedback.budget_frac,40,0.05,1007,full_feedback,1.6813466907404473,0.2101683363425559,0.04587180430443718,0.43046052631578946,1024.0,0.001641940127676218,1.2200381455371327,2.5280737370215496,0.9568421052631579,1.0
speed_budget,channel.speed_kmh|feedback.budget_frac,40,0.05,1008,Exact,1.5399132605876682,0.19248915757345852,0.22231209693895032,0.12164473684210526,31.141052631578948,0.04944962133444716,1.4491795244254748,2.869262356794464,0.9560526315789474,0.12164473684210526
speed_budget,channel.speed_kmh|feedback.budget_frac,40,0.05,1008,Optimised,0.9721318244290007,0.12151647805362509,0.5473838346237057,0.08328947368421052,32.0,0.030379119513406272,2.0169609605841425,3.7347020394349117,0.9823684210526316,0.125
speed_budget,channel.speed_kmh|feedback.budget_frac,40,0.05,1008,Proposed,0.960974881253756,0.1201218601567195,0.5058042087370769,0.08625,32.0,0.030030465039179874,2.0281179037593873,3.7181542047899434,0.9836842105263158,0.125
speed_budget,channel.speed_kmh|feedback.budget_frac,40,0.05,1008,Baseline,0.44844515729804796,0.056055644662255995,0.7904363144181085,0.0,0.0,,2.540647627715095,4.375282373166815,0.9897368421052631,0.0
speed_budget,channel.speed_kmh|feedback.budget_frac,40,0.05,1008,full_feedback,1.7088901354805295,0.21361126693506619,0.04513743718639372,0.4223026315789474,1024.0,0.0016688380229302046,1.2802026495326142,2.5512280460204972,0.9542105263157895,1.0
speed_budget,channel.speed_kmh|feedback.budget_frac,40,0.05,1009,Exact,1.6312690833599501,0.20390863541999377,0.18885566761783532,0.1199342105263158,30.703157894736844,0.05313033561409601,1.355668314365271,2.7595808228285166,0.9113157894736842,0.1199342105263158
speed_budget,channel.speed_kmh|feedback.budget_frac,40,0.05,1009,Optimised,0.8900923314640041,0.11126154143300052,0.5581578584237281,0.07967105263157895,32.0,0.02781538535825013,2.0968450662612166,3.7663435464200226,0.9860526315789474,0.125
speed_budget,channel.speed_kmh|feedback.budget_frac,40,0.05,1009,Proposed,0.9188281412426058,0.11485351765532573,0.5665940812747845,0.08388157894736842,32.0,0.02871337941383143,2.068109256482615,3.7326389198175463,0.9871052631578947,0.125
speed_budget,channel.speed_kmh|feedback.budget_frac,40,0.05,1009,Baseline,0.3754458633695992,0.0469307329211999,0.7184952776763439,0.0,0.0,,2.611491534355622,4.388872524313377,0.9160526315789473,0.0
speed_budget,channel.speed_kmh|feedback.budget_frac,40,0.05,1009,full_feedback,1.7704897635269428,0.22131122044086785,0.044188468288761995,0.4063157894736842,1024.0,0.00172899390969428,1.216447634198278,2.5296195668802,0.9044736842105263,1.0
speed_budget,channel.speed_kmh|feedback.budget_frac,40,0.1,1000,Exact,1.7426081377211446,0.21782601721514308,0.06297947572030645,0.2475657894736842,72.82526315789474,0.023928621225067753,1.2449269790889508,2.568623042836787,0.9663157894736842,0.2475657894736842
speed_budget,channel.speed_kmh|feedback.budget_frac,40,0.1,1000,Optimised,0.990322125131377,0.12379026564142212,0.4908637763150646,0.1423684210526316,96.0,0.01031585547011851,1.997212991678718,3.6971647127216234,0.9942105263157894,0.2501315789473684
speed_budget,channel.speed_kmh|feedback.budget_frac,40,0.1,1000,Proposed,1.231525207683477,0.15394065096043463,0.3783044739418888,0.14677631578947367,96.0,0.012828387580036219,1.7560099091266181,3.3687702871805323,0.9771052631578947,0.25046052631578947
speed_budget,channel.speed_kmh|feedback.budget_frac,40,0.1,1000,Baseline,1.0821031035997561,0.13526288794996952,0.4771275597616476,0.07651315789473684,64.0,0.01690786099374619,1.905432013210339,3.448255327298475,0.9981578947368421,0.125
speed_budget,channel.speed_kmh|feedback.budget_frac,40,0.1,1000,full_feedback,1.7512680871496313,0.21890851089370392,0.03988790233940671,0.4033552631578947,1024.0,0.0017102227413570619,1.236267029660464,2.540646070314309,0.9663157894736842,1.0
speed_budget,channel.speed_kmh|feedback.budget_frac,40,0.1,1001,Exact,1.6938430589922389,0.21173038237402986,0.07223641051322635,0.2590789473684211,76.78315789473685,0.02206008590209787,1.2945190650449991,2.6796768665219814,0.9613157894736842,0.2590789473684211
speed_budget,channel.speed_kmh|feedback.budget_frac,40,0.1,1001,Optimised,1.093564031614208,0.136695503951776,0.44796408988686287,0.14559210526315788,96.0,0.011391291995981332,1.8947980924230299,3.5816715593300485,0.9926315789473684,0.2507236842105263
speed_budget,channel.speed_kmh|feedback.budget_frac,40,0.1,1001,Proposed,1.1810758420260734,0.14763448025325918,0.3972628158616803,0.15243421052631578,96.0,0.012302873354438264,1.8072862820111641,3.4885269851340244,0.9839473684210527,0.25046052631578947
speed_budget,channel.speed_kmh|feedback.budget_frac,40,0.1,1001,Baseline,1.1152207562044207,0.1394025945255526,0.42325645990958605,0.08322368421052631,64.0,0.017425324315694074,1.873141367832817,3.5455501471931368,0.9902631578947368,0.125
speed_budget,channel.speed_kmh|feedback.budget_frac,40,0.1,1001,full_feedback,1.7050101255409513,0.21312626569261892,0.044844866527336366,0.42736842105263156,1024.0,0.0016650489507235853,1.2833519984962865,2.679477350416427,0.9607894736842105,1.0
speed_budget,channel.speed_kmh|feedback.budget_frac,40,0.1,1002,Exact,1.6824186651990494,0.21030233314988117,0.07619911082525038,0.2579605263157895,75.9578947368421,0.02214935881290323,1.3185877219319466,2.6763165516026772,0.9694736842105263,0.2579605263157895
speed_budget,channel.speed_kmh|feedback.budget_frac,40,0.1,1002,Optimised,0.934128547256764,0.1167660684070955,0.48722832900881247,0.14526315789473684,96.0,0.009730505700591292,2.0668778398742322,3.932908037890286,0.9826315789473684,0.2503947368421053
speed_budget,channel.speed_kmh|feedback.budget_frac,40,0.1,1002,Proposed,1.101425045807087,0.1376781307258859,0.415022174399491,0.1544078947368421,96.0,0.01147317756049049,1.8995813413239089,3.6710102780219422,0.9815789473684211,0.2503947368421053
speed_budget,channel.speed_kmh|feedback.budget_frac,40,0.1,1002,Baseline,1.1119553775964728,0.1389944221995591,0.4530549600393565,0.08302631578947368,64.0,0.017374302774944887,1.8890510095345234,3.5758483977462103,0.998421052631579,0.125
speed_budget,channel.speed_kmh|feedback.budget_frac,40,0.1,1002,full_feedback,1.6961156342901875,0.21201445428627344,0.04683635003312675,0.42664473684210524,1024.0,0.0016563629241115113,1.3048907528408085,2.6592037900729313,0.9692105263157895,1.0
speed_budget,channel.speed_kmh|feedback.budget_frac,40,0.1,1003,Exact,1.7530373800666006,0.21912967250832507,0.055021641177879804,0.24078947368421053,70.73684210526316,0.02478252248606057,1.306995049720128,2.606917496316032,0.9681578947368421,0.24078947368421053
speed_budget,channel.speed_kmh|feedback.budget_frac,40,0.1,1003,Optimised,1.212182856593136,0.151522857074142,0.43694527545624123,0.13644736842105262,96.0,0.012626904756178501,1.8478495731935924,3.4699167337255976,0.9968421052631579,0.25
speed_budget,channel.speed_kmh|feedback.budget_frac,40,0.1,1003,Proposed,1.3688156534943037,0.17110195668678796,0.3229858899944572,0.14171052631578948,96.0,0.014258496390565664,1.6912167762924246,3.252773082443816,0.9821052631578947,0.2507236842105263
speed_budget,channel.speed_kmh|feedback.budget_frac,40,0.1,1003,Baseline,1.2395614782554514,0.15494518478193142,0.41589566655909593,0.0705921052631579,64.0,0.019368148097741428,1.8204709515312774,3.3558931169968282,0.9981578947368421,0.125
speed_budget,channel.speed_kmh|feedback.budget_frac,40,0.1,1003,full_feedback,1.7581085186868206,0.21976356483585258,0.0421033829088485,0.39125,1024.0,0.0017169028502800983,1.3019239110999081,2.6217301552524037,0.9678947368421053,1.0
speed_budget,channel.speed_kmh|feedback.budget_frac,40,0.1,1004,Exact,1.7484177595922505,0.21855221994903132,0.06912628164467581,0.2559868421052632,75.99157894736842,0.023008046204740663,1.2968238307549382,2.567990642003361,0.9692105263157895,0.2559868421052632
speed_budget,channel.speed_kmh|feedback.budget_frac,40,0.1,1004,Optimised,1.0505415827678868,0.13131769784598585,0.46139057098356084,0.14671052631578949,96.0,0.010943141487165487,1.994700007579302,3.688301685279726,0.9792105263157894,0.2501973684210526
speed_budget,channel.speed_kmh|feedback.budget_frac,40,0.1,1004,Proposed,1.1715937806509449,0.1464492225813681,0.4024794513759883,0.15203947368421053,96.0,0.012204101881780676,1.8736478096962437,3.5723650888573992,0.9871052631578947,0.2505263157894737
speed_budget,channel.speed_kmh|feedback.budget_frac,40,0.1,1004,Baseline,1.0717725628628227,0.13397157035785284,0.5227086635173726,0.08375,64.0,0.016746446294731605,1.9734690274843658,3.6002197386395514,1.0,0.125
speed_budget,channel.speed_kmh|feedback.budget_frac,40,0.1,1004,full_feedback,1.7584614441568802,0.21980768051961003,0.043500390832119776,0.4181578947368421,1024.0,0.0017172475040594533,1.2867801461903083,2.548263940374128,0.9689473684210527,1.0
speed_budget,channel.speed_kmh|feedback.budget_frac,40,0.1,1005,Exact,1.6240574748619008,0.2030071843577376,0.07725911614531779,0.25953947368421054,77.05263157894737,0.021077248649164014,1.328651242313244,2.7002913162030096,0.9839473684210527,0.25953947368421054
speed_budget,channel.speed_kmh|feedback.budget_frac,40,0.1,1005,Optimised,1.0586609912682843,0.13233262390853553,0.49284312192661384,0.15302631578947368,96.0,0.011027718659044628,1.89404772590686,3.547660066998201,0.9986842105263158,0.2501315789473684
speed_budget,channel.speed_kmh|feedback.budget_frac,40,0.1,1005,Proposed,1.1268660765300207,0.14085825956625259,0.40375012513011166,0.1561842105263158,96.0,0.011738188297187716,1.825842640645124,3.541757057132083,0.991578947368421,0.25032894736842104
speed_budget,channel.speed_kmh|feedback.budget_frac,40,0.1,1005,Baseline,0.995793154772186,0.12447414434652325,0.5479709776983054,0.08427631578947369,64.0,0.015559268043315406,1.9569155624029586,3.652845988550369,1.0,0.125
speed_budget,channel.speed_kmh|feedback.budget_frac,40,0.1,1005,full_feedback,1.637351044131,0.204668880516375,0.047749560900180746,0.43467105263157896,1024.0,0.0015989756290341797,1.3153576730441447,2.6770714842788816,0.9836842105263158,1.0
speed_budget,channel.speed_kmh|feedback.budget_frac,40,0.1,1006,Exact,1.7458287609112153,0.2182285951139019,0.05999920078750403,0.24447368421052632,71.8821052631579,0.024287390505881773,1.241078951513305,2.5349298301444096,0.9355263157894737,0.24447368421052632
speed_budget,channel.speed_kmh|feedback.budget_frac,40,0.1,1006,Optimised,1.0882662412014672,0.1360332801501834,0.46162522240532783,0.13769736842105262,96.0,0.01133610667918195,1.8986414712230533,3.5487408293853333,0.9836842105263158,0.25026315789473685
speed_budget,channel.speed_kmh|feedback.budget_frac,40,0.1,1006,Proposed,1.259027686886077,0.15737846086075963,0.37509364305137943,0.1419736842105263,96.0,0.013114871738396636,1.727880025538443,3.3212058742671524,0.9592105263157895,0.25092105263157893
speed_budget,channel.speed_kmh|feedback.budget_frac,40,0.1,1006,Baseline,1.2836018428623717,0.16045023035779646,0.3298940206671928,0.0769078947368421,64.0,0.020056278794724557,1.7033058695621484,3.3042817875807584,0.9715789473684211,0.125
speed_budget,channel.speed_kmh|feedback.budget_frac,40,0.1,1006,full_feedback,1.751755590784985,0.21896944884812314,0.042412552273465964,0.40651315789473685,1024.0,0.001710698819125962,1.2351521216395347,2.547798141129007,0.9355263157894737,1.0
speed_budget,channel.speed_kmh|feedback.budget_frac,40,0.1,1007,Exact,1.667487899808904,0.208435987476113,0.0696146214077943,0.25802631578947366,75.89052631578947,0.02197228008236877,1.233896936468676,2.559409264618239,0.9576315789473684,0.25802631578947366
speed_budget,channel.speed_kmh|feedback.budget_frac,40,0.1,1007,Optimised,0.9473860561895675,0.11842325702369594,0.5168229466590671,0.14717105263157895,96.0,0.009868604751974661,1.9539987800880128,3.755229788992825,0.9836842105263158,0.2503947368421053
speed_budget,channel.speed_kmh|feedback.budget_frac,40,0.1,1007,Proposed,1.1434897050873494,0.14293621313591867,0.3914678904289055,0.15361842105263157,96.0,0.01191135109465989,1.7578951311902309,3.424481405292699,0.98,0.2507894736842105
speed_budget,channel.speed_kmh|feedback.budget_frac,40,0.1,1007,Baseline,1.079737898096841,0.13496723726210513,0.43633523369199495,0.08394736842105263,64.0,0.01687090465776314,1.8216469381807392,3.429538739671777,0.9871052631578947,0.125
speed_budget,channel.speed_kmh|feedback.budget_frac,40,0.1,1007,full_feedback,1.6813466907404473,0.2101683363425559,0.04587180430443718,0.43046052631578946,1024.0,0.001641940127676218,1.2200381455371327,2.5280737370215496,0.9568421052631579,1.0
speed_budget,channel.speed_kmh|feedback.budget_frac,40,0.1,1008,Exact,1.6998322404694683,0.21247903005868354,0.06920434372372244,0.2573684210526316,76.2778947368421,0.022284729361420775,1.2892605445436747,2.558166608573745,0.9544736842105264,0.2573684210526316
speed_budget,channel.speed_kmh|feedback.budget_frac,40,0.1,1008,Optimised,1.114292925825104,0.139286615728138,0.4813499581636357,0.1463157894736842,96.0,0.011607217977344833,1.8747998591880395,3.5260324983554456,0.9942105263157894,0.2501315789473684
speed_budget,channel.speed_kmh|feedback.budget_frac,40,0.1,1008,Proposed,1.0514455605647444,0.13143069507059305,0.43101859364930595,0.1493421052631579,96.0,0.01095255792254942,1.9376472244483989,3.6310699669892563,0.9768421052631578,0.2505263157894737
speed_budget,channel.speed_kmh|feedback.budget_frac,40,0.1,1008,Baseline,1.0716766949878542,0.13395958687348178,0.5064377451292028,0.08335526315789474,64.0,0.016744948359185222,1.9174160900252888,3.53542469657465,0.9897368421052631,0.125
speed_budget,channel.speed_kmh|feedback.budget_frac,40,0.1,1008,full_feedback,1.7088901354805295,0.21361126693506619,0.04513743718639372,0.4223026315789474,1024.0,0.0016688380229302046,1.2802026495326142,2.5512280460204972,0.9542105263157895,1.0
speed_budget,channel.speed_kmh|feedback.budget_frac,40,0.1,1009,Exact,1.7621256703486055,0.22026570879357568,0.06271849216741213,0.24625,72.42105263157895,0.02433167713417406,1.2248117273766155,2.5482716543938784,0.9047368421052632,0.24625
speed_budget,channel.speed_kmh|feedback.budget_frac,40,0.1,1009,Optimised,1.0836577268755998,0.13545721585944998,0.4163371186331407,0.14328947368421052,96.0,0.01128810132162083,1.9032796708496211,3.5570198670806588,0.9428947368421052,0.25032894736842104
speed_budget,channel.speed_kmh|feedback.budget_frac,40,0.1,1009,Proposed,1.053502828228165,0.13168785352852064,0.43193791369606804,0.14144736842105263,96.0,0.010973987794043386,1.9334345694970556,3.5457102753936915,0.9360526315789474,0.2505921052631579
speed_budget,channel.speed_kmh|feedback.budget_frac,40,0.1,1009,Baseline,1.235078509963305,0.15438481374541313,0.3550668416931493,0.08243421052631579,64.0,0.01929810171817664,1.7518588877619157,3.3547431206590637,0.9160526315789473,0.125
speed_budget,channel.speed_kmh|feedback.budget_frac,40,0.1,1009,full_feedback,1.7704897635269428,0.22131122044086785,0.044188468288761995,0.4063157894736842,1024.0,0.00172899390969428,1.216447634198278,2.5296195668802,0.9044736842105263,1.0
speed_budget,channel.speed_kmh|feedback.budget_frac,40,0.2,1000,Exact,1.7713518128580221,0.22141897660725277,0.026448978004540494,0.2986842105263158,113.19578947368421,0.015648566268181084,1.2161833039520733,2.5018613398139125,0.9660526315789474,0.2986842105263158
speed_budget,channel.speed_kmh|feedback.budget_frac,40,0.2,1000,Optimised,1.190693028505824,0.148836628563228,0.41603553967179213,0.15217105263157896,192.0,0.0062015261901345,1.796842088304271,3.451096452763542,0.9952631578947368,0.3076315789473684
speed_budget,channel.speed_kmh|feedback.budget_frac,40,0.2,1000,Proposed,1.3030144107165524,0.16287680133956906,0.40578360644661204,0.15111842105263157,192.0,0.006786533389148711,1.6845207060935425,3.249105101792633,0.9960526315789474,0.3105921052631579
speed_budget,channel.speed_kmh|feedback.budget_frac,40,0.2,1000,Baseline,1.5067923596668087,0.1883490449583511,0.19639698420802096,0.19592105263157894,170.6442105263158,0.008830023327597391,1.4807427571432865,2.958555565279357,0.9689473684210527,0.3332894736842105
speed_budget,channel.speed_kmh|feedback.budget_frac,40,0.2,1000,full_feedback,1.7512680871496313,0.21890851089370392,0.03988790233940671,0.4033552631578947,1024.0,0.0017102227413570619,1.236267029660464,2.540646070314309,0.9663157894736842,1.0
speed_budget,channel.speed_kmh|feedback.budget_frac,40,0.2,1001,Exact,1.7282779138273359,0.21603473922841698,0.029154960099212573,0.3157894736842105,118.82105263157895,0.014545216319418578,1.2600842102099021,2.6119031518450475,0.9607894736842105,0.3157894736842105
speed_budget,channel.speed_kmh|feedback.budget_frac,40,0.2,1001,Optimised,1.1762492161675262,0.14703115202094078,0.40211336704846584,0.16664473684210526,192.0,0.006126298000872533,1.8121129078697114,3.5060042399972464,0.9810526315789474,0.31703947368421054
speed_budget,channel.speed_kmh|feedback.budget_frac,40,0.2,1001,Proposed,1.1648987768485106,0.14561234710606383,0.40350462696264056,0.16592105263157894,192.0,0.0060671811294193264,1.823463347188727,3.473878710962324,0.9802631578947368,0.31592105263157894
speed_budget,channel.speed_kmh|feedback.budget_frac,40,0.2,1001,Baseline,1.454111185113817,0.18176389813922714,0.20407719438542413,0.20144736842105262,170.6442105263158,0.008521303949480152,1.5342509389234205,3.118565599815617,0.9660526315789474,0.3332894736842105
speed_budget,channel.speed_kmh|feedback.budget_frac,40,0.2,1001,full_feedback,1.7050101255409513,0.21312626569261892,0.044844866527336366,0.42736842105263156,1024.0,0.0016650489507235853,1.2833519984962865,2.679477350416427,0.9607894736842105,1.0
speed_budget,channel.speed_kmh|feedback.budget_frac,40,0.2,1002,Exact,1.7203827860118506,0.21504784825148132,0.033160353166846374,0.31105263157894736,118.28210526315789,0.014544742691079828,1.2806236011191454,2.6020396127299614,0.9689473684210527,0.31105263157894736
speed_budget,channel.speed_kmh|feedback.budget_frac,40,0.2,1002,Optimised,1.1262351936712567,0.14077939920890709,0.4305813458015085,0.16302631578947369,192.0,0.005865808300371128,1.8747711934597393,3.688396374738608,0.99,0.3113815789473684
speed_budget,channel.speed_kmh|feedback.budget_frac,40,0.2,1002,Proposed,1.0134863178102813,0.12668578972628516,0.4655227481715384,0.15671052631578947,192.0,0.005278574571928548,1.9875200693207147,3.7576332518853564,0.9860526315789474,0.3032236842105263
speed_budget,channel.speed_kmh|feedback.budget_frac,40,0.2,1002,Baseline,1.4386841954156573,0.17983552442695716,0.20877204992822798,0.2013157894736842,170.6442105263158,0.008430899536399986,1.5623221917153387,3.141563337812141,0.9742105263157895,0.3332894736842105
speed_budget,channel.speed_kmh|feedback.budget_frac,40,0.2,1002,full_feedback,1.6961156342901875,0.21201445428627344,0.04683635003312675,0.42664473684210524,1024.0,0.0016563629241115113,1.3048907528408085,2.6592037900729313,0.9692105263157895,1.0
speed_budget,channel.speed_kmh|feedback.budget_frac,40,0.2,1003,Exact,1.776580670654023,0.22207258383175288,0.025706564905794264,0.2873684210526316,108.95157894736842,0.016306148913291487,1.2834517591327055,2.567309881959375,0.9678947368421053,0.2873684210526316
speed_budget,channel.speed_kmh|feedback.budget_frac,40,0.2,1003,Optimised,1.277754131859061,0.15971926648238263,0.3713210884099539,0.14848684210526317,192.0,0.006654969436765943,1.7822782979276675,3.3620433824086184,0.9826315789473684,0.30473684210526314
speed_budget,channel.speed_kmh|feedback.budget_frac,40,0.2,1003,Proposed,1.275403242688415,0.15942540533605187,0.3506390713221024,0.14894736842105263,192.0,0.006642725222335495,1.7846291870983135,3.36716649248566,0.9852631578947368,0.3068421052631579
speed_budget,channel.speed_kmh|feedback.budget_frac,40,0.2,1003,Baseline,1.5316647702633934,0.19145809628292418,0.1909498272676723,0.18197368421052632,170.6442105263158,0.008975779286852446,1.528367659523335,2.9866903907483953,0.9718421052631578,0.3332894736842105
speed_budget,channel.speed_kmh|feedback.budget_frac,40,0.2,1003,full_feedback,1.7581085186868206,0.21976356483585258,0.0421033829088485,0.39125,1024.0,0.0017169028502800983,1.3019239110999081,2.6217301552524037,0.9678947368421053,1.0
speed_budget,channel.speed_kmh|feedback.budget_frac,40,0.2,1004,Exact,1.7790228898376024,0.2223778612297003,0.02960627541772028,0.3113157894736842,117.57473684210527,0.01513099614440734,1.2662187005095862,2.51175874256059,0.9689473684210527,0.3113157894736842
speed_budget,channel.speed_kmh|feedback.budget_frac,40,0.2,1004,Optimised,1.1450696378109777,0.1431337047263722,0.4525161100896412,0.15407894736842107,192.0,0.005963904363598842,1.9001719525362109,3.5006048238214613,0.9931578947368421,0.3046052631578947
speed_budget,channel.speed_kmh|feedback.budget_frac,40,0.2,1004,Proposed,1.1819727170539807,0.14774658963174758,0.39950740750608915,0.16302631578947369,192.0,0.006156107901322816,1.8632688732932081,3.5020729572111047,0.9860526315789474,0.3182236842105263
speed_budget,channel.speed_kmh|feedback.budget_frac,40,0.2,1004,Baseline,1.4898195352738726,0.18622744190923407,0.20642405676211387,0.20282894736842105,170.6442105263158,0.0087305600974029,1.5554220550733164,3.047252376462758,0.9723684210526315,0.3332894736842105
speed_budget,channel.speed_kmh|feedback.budget_frac,40,0.2,1004,full_feedback,1.7584614441568802,0.21980768051961003,0.043500390832119776,0.4181578947368421,1024.0,0.0017172475040594533,1.2867801461903083,2.548263940374128,0.9689473684210527,1.0
speed_budget,channel.speed_kmh|feedback.budget_frac,40,0.2,1005,Exact,1.6592305781302592,0.2074038222662824,0.033708568729167686,0.3167763157894737,121.11157894736841,0.01370001607237994,1.2934781390448853,2.6374321808650834,0.983421052631579,0.3167763157894737
speed_budget,channel.speed_kmh|feedback.budget_frac,40,0.2,1005,Optimised,1.1287846559564907,0.14109808199456134,0.4180077840969753,0.17269736842105263,192.0,0.005879086749773389,1.8239240612186538,3.4408417471364556,0.9968421052631579,0.3176973684210526
speed_budget,channel.speed_kmh|feedback.budget_frac,40,0.2,1005,Proposed,1.156930631058506,0.14461632888231324,0.4212362200457344,0.1725657894736842,192.0,0.006025680370096385,1.7957780861166386,3.449645622766427,0.9989473684210526,0.3178947368421053
speed_budget,channel.speed_kmh|feedback.budget_frac,40,0.2,1005,Baseline,1.3825055027436135,0.1728131878429517,0.21499626557995588,0.20460526315789473,170.6442105263158,0.008101684191216152,1.570203214431531,3.1320013292971516,0.9863157894736843,0.3332894736842105
speed_budget,channel.speed_kmh|feedback.budget_frac,40,0.2,1005,full_feedback,1.637351044131,0.204668880516375,0.047749560900180746,0.43467105263157896,1024.0,0.0015989756290341797,1.3153576730441447,2.6770714842788816,0.9836842105263158,1.0
speed_budget,channel.speed_kmh|feedback.budget_frac,40,0.2,1006,Exact,1.7755584347334508,0.22194480434168135,0.0264430461060812,0.2931578947368421,112.0,0.015853200310120098,1.2113492776910693,2.490899493223197,0.9355263157894737,0.2931578947368421
speed_budget,channel.speed_kmh|feedback.budget_frac,40,0.2,1006,Optimised,1.2481382725393813,0.15601728406742266,0.36928117204718114,0.15953947368421054,192.0,0.006500720169475944,1.738769439885139,3.3597148688471155,0.9857894736842105,0.31394736842105264
speed_budget,channel.speed_kmh|feedback.budget_frac,40,0.2,1006,Proposed,1.280694646850561,0.1600868308563201,0.35449711253520194,0.16164473684210526,192.0,0.006670284619013338,1.7062130655739591,3.2937371061298517,0.9589473684210527,0.3219736842105263
speed_budget,channel.speed_kmh|feedback.budget_frac,40,0.2,1006,Baseline,1.5100080861411393,0.18875101076764242,0.1922256056500054,0.18782894736842104,170.6442105263158,0.00884886795446409,1.4768996262833805,2.900497580831121,0.9413157894736842,0.3332894736842105
speed_budget,channel.speed_kmh|feedback.budget_frac,40,0.2,1006,full_feedback,1.751755590784985,0.21896944884812314,0.042412552273465964,0.40651315789473685,1024.0,0.001710698819125962,1.2351521216395347,2.547798141129007,0.9355263157894737,1.0
speed_budget,channel.speed_kmh|feedback.budget_frac,40,0.2,1007,Exact,1.7029115444362202,0.21286394305452752,0.03012106443951409,0.3125657894736842,117.94526315789474,0.014438151213894126,1.19847329184136,2.4884405674786514,0.9565789473684211,0.3125657894736842
speed_budget,channel.speed_kmh|feedback.budget_frac,40,0.2,1007,Optimised,1.1328705263014016,0.1416088157876752,0.4109874698099,0.16611842105263158,192.0,0.0059003673244864665,1.7685143099761784,3.4664309624146257,0.9810526315789474,0.3188157894736842
speed_budget,channel.speed_kmh|feedback.budget_frac,40,0.2,1007,Proposed,1.0813581107768389,0.13516976384710486,0.43083442965880453,0.16585526315789473,192.0,0.005632073493629369,1.8200267255007412,3.4607531439383488,0.9847368421052631,0.3184868421052632
speed_budget,channel.speed_kmh|feedback.budget_frac,40,0.2,1007,Baseline,1.42300544088958,0.1778756801111975,0.2076311216967522,0.20605263157894738,170.6442105263158,0.00833901974465247,1.4783793953880002,2.962757459051265,0.9642105263157895,0.3332894736842105
speed_budget,channel.speed_kmh|feedback.budget_frac,40,0.2,1007,full_feedback,1.6813466907404473,0.2101683363425559,0.04587180430443718,0.43046052631578946,1024.0,0.001641940127676218,1.2200381455371327,2.5280737370215496,0.9568421052631579,1.0
speed_budget,channel.speed_kmh|feedback.budget_frac,40,0.2,1008,Exact,1.732249010921851,0.21653112636523136,0.030721594261368456,0.31105263157894736,116.59789473684211,0.014856606243461634,1.256843774091292,2.492370463433232,0.9542105263157895,0.31105263157894736
speed_budget,channel.speed_kmh|feedback.budget_frac,40,0.2,1008,Optimised,1.189993880574209,0.14874923507177612,0.45200168217334363,0.16092105263157894,192.0,0.006197884794657338,1.7990989044389343,3.383368276507712,0.9986842105263158,0.3144078947368421
speed_budget,channel.speed_kmh|feedback.budget_frac,40,0.2,1008,Proposed,1.2198100258563587,0.15247625323204483,0.42687672011913813,0.16513157894736843,192.0,0.006353177218001868,1.7692827591567848,3.301544453805219,0.995,0.31776315789473686
speed_budget,channel.speed_kmh|feedback.budget_frac,40,0.2,1008,Baseline,1.4583952950963603,0.18229941188704504,0.2053991216229252,0.20078947368421052,170.6442105263158,0.008546409459765732,1.5306974899167831,3.0127466076011697,0.9576315789473684,0.3332894736842105
speed_budget,channel.speed_kmh|feedback.budget_frac,40,0.2,1008,full_feedback,1.7088901354805295,0.21361126693506619,0.04513743718639372,0.4223026315789474,1024.0,0.0016688380229302046,1.2802026495326142,2.5512280460204972,0.9542105263157895,1.0
speed_budget,channel.speed_kmh|feedback.budget_frac,40,0.2,1009,Exact,1.7955697544196387,0.22444621930245484,0.02750168200227266,0.29526315789473684,111.74736842105263,0.016068116679527664,1.191367643305582,2.486258263142924,0.9036842105263158,0.29526315789473684
speed_budget,channel.speed_kmh|feedback.budget_frac,40,0.2,1009,Optimised,1.2477975687900313,0.15597469609875392,0.3878222638630046,0.1618421052631579,192.0,0.006498945670781413,1.7391398289351896,3.263222801473357,0.9705263157894737,0.3173684210526316
speed_budget,channel.speed_kmh|feedback.budget_frac,40,0.2,1009,Proposed,1.2325830908606206,0.15407288635757757,0.3961019666204285,0.16664473684210526,192.0,0.006419703598232399,1.7543543068646001,3.285472663569488,0.9757894736842105,0.32111842105263155
speed_budget,channel.speed_kmh|feedback.budget_frac,40,0.2,1009,Baseline,1.5141945256572729,0.1892743157071591,0.19895043660376466,0.19223684210526315,170.6442105263158,0.008873401101549603,1.472742872067948,2.985598103966819,0.9126315789473685,0.3332894736842105
speed_budget,channel.speed_kmh|feedback.budget_frac,40,0.2,1009,full_feedback,1.7704897635269428,0.22131122044086785,0.044188468288761995,0.4063157894736842,1024.0,0.00172899390969428,1.216447634198278,2.5296195668802,0.9044736842105263,1.0
speed_budget,channel.speed_kmh|feedback.budget_frac,40,0.3,1000,Exact,1.7744225468803732,0.22180281836004664,0.018041039750464876,0.31453947368421054,126.18105263157895,0.014062511842101196,1.213112569929722,2.4949795624742075,0.9660526315789474,0.31453947368421054
speed_budget,channel.speed_kmh|feedback.budget_frac,40,0.3,1000,Optimised,1.403540440733695,0.1754425550917119,0.3190220463369191,0.24118421052631578,288.0,0.004873404308103108,1.5839946760764,3.0961428790217678,0.986578947368421,0.48236842105263156
speed_budget,channel.speed_kmh|feedback.budget_frac,40,0.3,1000,Proposed,1.5468651517916747,0.19335814397395934,0.21374702869882412,0.2632894736842105,287.98315789473685,0.005371373670251517,1.4406699650184205,2.896474646598843,0.9715789473684211,0.514671052631579
speed_budget,channel.speed_kmh|feedback.budget_frac,40,0.3,1000,Baseline,1.5855409500391235,0.19819261875489044,0.14959581547993486,0.2626973684210526,256.0,0.006193519336090326,1.4019941667709717,2.855838564584259,0.9681578947368421,0.5
speed_budget,channel.speed_kmh|feedback.budget_frac,40,0.3,1000,full_feedback,1.7512680871496313,0.21890851089370392,0.03988790233940671,0.4033552631578947,1024.0,0.0017102227413570619,1.236267029660464,2.540646070314309,0.9663157894736842,1.0
speed_budget,channel.speed_kmh|feedback.budget_frac,40,0.3,1001,Exact,1.7323292130660306,0.21654115163325383,0.019481634218274667,0.33223684210526316,131.82315789473685,0.01314131174470366,1.256032910971207,2.605300499264013,0.9605263157894737,0.33223684210526316
speed_budget,channel.speed_kmh|feedback.budget_frac,40,0.3,1001,Optimised,1.2381042042304424,0.1547630255288053,0.3374465093014225,0.25217105263157896,288.0,0.0042989729313557025,1.7502579198067953,3.4073585776822495,0.9786842105263158,0.4880263157894737
speed_budget,channel.speed_kmh|feedback.budget_frac,40,0.3,1001,Proposed,1.5015008592530297,0.1876876074066287,0.21564866389694573,0.2833552631578947,287.9326315789474,0.005214764478132231,1.4868612647842077,3.0777856348539645,0.9673684210526315,0.5253947368421052
speed_budget,channel.speed_kmh|feedback.budget_frac,40,0.3,1001,Baseline,1.53616290475356,0.192020363094195,0.16003578061721985,0.28098684210526315,256.0,0.006000636346693594,1.4521992192836777,2.959633657525288,0.963421052631579,0.5
speed_budget,channel.speed_kmh|feedback.budget_frac,40,0.3,1001,full_feedback,1.7050101255409513,0.21312626569261892,0.044844866527336366,0.42736842105263156,1024.0,0.0016650489507235853,1.2833519984962865,2.679477350416427,0.9607894736842105,1.0
speed_budget,channel.speed_kmh|feedback.budget_frac,40,0.3,1002,Exact,1.7248589440090316,0.21560736800112895,0.02201362191922815,0.32842105263157895,132.7157894736842,0.012996637030524906,1.2761474431219646,2.5912328014843142,0.9689473684210527,0.32842105263157895
speed_budget,channel.speed_kmh|feedback.budget_frac,40,0.3,1002,Optimised,1.185482248193843,0.14818528102423037,0.3679003840791809,0.25125,288.0,0.004116257806228621,1.815524138937153,3.558997777193218,0.9826315789473684,0.4830921052631579
speed_budget,channel.speed_kmh|feedback.budget_frac,40,0.3,1002,Proposed,1.4780005437304686,0.18475006796630858,0.2274344334715163,0.28559210526315787,287.9157894736842,0.005133447340391727,1.5230058434005274,3.0634668957729967,0.9721052631578947,0.5180263157894737
speed_budget,channel.speed_kmh|feedback.budget_frac,40,0.3,1002,Baseline,1.5161115346460945,0.1895139418307618,0.16509268094180254,0.2801315789473684,256.0,0.005922310682211307,1.4848948524849015,2.993319951997487,0.9723684210526315,0.5
speed_budget,channel.speed_kmh|feedback.budget_frac,40,0.3,1002,full_feedback,1.6961156342901875,0.21201445428627344,0.04683635003312675,0.42664473684210524,1024.0,0.0016563629241115113,1.3048907528408085,2.6592037900729313,0.9692105263157895,1.0
speed_budget,channel.speed_kmh|feedback.budget_frac,40,0.3,1003,Exact,1.7796556256659732,0.22245695320824665,0.017980317888591193,0.2994078947368421,119.49473684210527,0.014893171638325181,1.2803768041207555,2.5618086669924853,0.9678947368421053,0.2994078947368421
speed_budget,channel.speed_kmh|feedback.budget_frac,40,0.3,1003,Optimised,1.363706120850549,0.17046326510631862,0.2962756562824322,0.23098684210526316,288.0,0.004735090697397739,1.6963263089361795,3.2928373727773157,0.9839473684210527,0.4738157894736842
speed_budget,channel.speed_kmh|feedback.budget_frac,40,0.3,1003,Proposed,1.576464458224333,0.19705805727804163,0.2092540713771805,0.25407894736842107,288.0,0.005473834924390045,1.4835679715623957,2.9946622952695625,0.973421052631579,0.5107894736842106
speed_budget,channel.speed_kmh|feedback.budget_frac,40,0.3,1003,Baseline,1.6109571864077623,0.2013696483009703,0.14341837307014646,0.2501973684210526,256.0,0.0062928015094053215,1.4490752433789662,2.8857380473054057,0.9707894736842105,0.5
speed_budget,channel.speed_kmh|feedback.budget_frac,40,0.3,1003,full_feedback,1.7581085186868206,0.21976356483585258,0.0421033829088485,0.39125,1024.0,0.0017169028502800983,1.3019239110999081,2.6217301552524037,0.9678947368421053,1.0
speed_budget,channel.speed_kmh|feedback.budget_frac,40,0.3,1004,Exact,1.7830662488552813,0.22288328110691016,0.019661023447682734,0.3282894736842105,131.94105263157894,0.013514112653278317,1.2621753414919075,2.501079241198718,0.9689473684210527,0.3282894736842105
speed_budget,channel.speed_kmh|feedback.budget_frac,40,0.3,1004,Optimised,1.269491298803732,0.1586864123504665,0.3300888053339328,0.24546052631578946,288.0,0.004407955898624069,1.7757502915434566,3.430043344753866,0.98,0.48118421052631577
speed_budget,channel.speed_kmh|feedback.budget_frac,40,0.3,1004,Proposed,1.5556560932898824,0.1944570116612353,0.21569573997872088,0.2756578947368421,287.86526315789473,0.005404111896740392,1.4895854970573061,2.9520238671079904,0.9707894736842105,0.5217105263157895
speed_budget,channel.speed_kmh|feedback.budget_frac,40,0.3,1004,Baseline,1.5842206378037123,0.19802757972546403,0.15504680073121319,0.2761842105263158,256.0,0.006188361866420751,1.4610209525434765,2.830204680801318,0.9718421052631578,0.5
speed_budget,channel.speed_kmh|feedback.budget_frac,40,0.3,1004,full_feedback,1.7584614441568802,0.21980768051961003,0.043500390832119776,0.4181578947368421,1024.0,0.0017172475040594533,1.2867801461903083,2.548263940374128,0.9689473684210527,1.0
speed_budget,channel.speed_kmh|feedback.budget_frac,40,0.3,1005,Exact,1.6640163308285143,0.2080020413535643,0.02185543357307054,0.33881578947368424,138.45894736842106,0.012018120623153269,1.2886923863466302,2.630534495149579,0.983421052631579,0.33881578947368424
speed_budget,channel.speed_kmh|feedback.budget_frac,40,0.3,1005,Optimised,1.3314099892840634,0.16642624866050792,0.30709628687312523,0.2694078947368421,288.0,0.004622951351680776,1.6212987278910813,3.197035782905041,0.9926315789473684,0.48717105263157895
speed_budget,channel.speed_kmh|feedback.budget_frac,40,0.3,1005,Proposed,1.4311197147697026,0.17888996434621282,0.2344344839824788,0.29598684210526316,287.98315789473685,0.004969456287762506,1.5215890024054417,2.9912794469561543,0.9871052631578947,0.52375
speed_budget,channel.speed_kmh|feedback.budget_frac,40,0.3,1005,Baseline,1.4658503194297612,0.18323128992872015,0.16406203915222112,0.2841447368421053,256.0,0.005725977810272505,1.4868583977453833,2.95247446286685,0.9836842105263158,0.5
speed_budget,channel.speed_kmh|feedback.budget_frac,40,0.3,1005,full_feedback,1.637351044131,0.204668880516375,0.047749560900180746,0.43467105263157896,1024.0,0.0015989756290341797,1.3153576730441447,2.6770714842788816,0.9836842105263158,1.0
speed_budget,channel.speed_kmh|feedback.budget_frac,40,0.3,1006,Exact,1.7785213868885894,0.22231517336107368,0.018243974039573518,0.3082894736842105,124.02526315789474,0.01433999284987914,1.2083863255359308,2.4824276037304203,0.9355263157894737,0.3082894736842105
speed_budget,channel.speed_kmh|feedback.budget_frac,40,0.3,1006,Optimised,1.4766989010470062,0.18458736263087577,0.25446439811891974,0.24467105263157896,288.0,0.00512742673974655,1.5102088113775136,3.002884872779499,0.9578947368421052,0.4826315789473684
speed_budget,channel.speed_kmh|feedback.budget_frac,40,0.3,1006,Proposed,1.5614345318604204,0.19517931648255255,0.21924163258477178,0.26539473684210524,287.9326315789474,0.005422916198479905,1.4254731805640997,2.8556979193117007,0.9460526315789474,0.5178947368421053
speed_budget,channel.speed_kmh|feedback.budget_frac,40,0.3,1006,Baseline,1.5974770848077036,0.19968463560096295,0.14835645800432876,0.2619736842105263,256.0,0.006240144862530092,1.3894306276168165,2.8088422872314087,0.9378947368421052,0.5
speed_budget,channel.speed_kmh|feedback.budget_frac,40,0.3,1006,full_feedback,1.751755590784985,0.21896944884812314,0.042412552273465964,0.40651315789473685,1024.0,0.001710698819125962,1.2351521216395347,2.547798141129007,0.9355263157894737,1.0
speed_budget,channel.speed_kmh|feedback.budget_frac,40,0.3,1007,Exact,1.7064418222543565,0.21330522778179456,0.020950444020045627,0.3306578947368421,133.22105263157894,0.012809100277667816,1.194943014023224,2.481618177703933,0.9565789473684211,0.3306578947368421
speed_budget,channel.speed_kmh|feedback.budget_frac,40,0.3,1007,Optimised,1.2851820782925458,0.16064775978656823,0.3031714347443801,0.25526315789473686,288.0,0.004462437771849117,1.6162027579850344,3.169260703460991,0.9689473684210527,0.4895394736842105
speed_budget,channel.speed_kmh|feedback.budget_frac,40,0.3,1007,Proposed,1.4719973120420038,0.18399966400525047,0.2233713150698072,0.2754605263157895,287.9157894736842,0.005112596689236267,1.4293875242355762,2.8906939929242004,0.9631578947368421,0.5214473684210527
speed_budget,channel.speed_kmh|feedback.budget_frac,40,0.3,1007,Baseline,1.51467310427481,0.18933413803435126,0.15432035913785705,0.2763815789473684,256.0,0.005916691813573477,1.38671173200277,2.787408325686179,0.9597368421052631,0.5
speed_budget,channel.speed_kmh|feedback.budget_frac,40,0.3,1007,full_feedback,1.6813466907404473,0.2101683363425559,0.04587180430443718,0.43046052631578946,1024.0,0.001641940127676218,1.2200381455371327,2.5280737370215496,0.9568421052631579,1.0
speed_budget,channel.speed_kmh|feedback.budget_frac,40,0.3,1008,Exact,1.7358184735514597,0.21697730919393246,0.020883692291154627,0.32914473684210527,132.05894736842106,0.013144270101660237,1.2532743114616836,2.4911959873608747,0.9542105263157895,0.32914473684210527
speed_budget,channel.speed_kmh|feedback.budget_frac,40,0.3,1008,Optimised,1.197516631787204,0.1496895789734005,0.34423276150591803,0.2513157894736842,288.0,0.004158043860372235,1.7915761532259393,3.4187861571756444,0.9713157894736842,0.4845394736842105
speed_budget,channel.speed_kmh|feedback.budget_frac,40,0.3,1008,Proposed,1.5196764571009926,0.18995955713762408,0.21577458294188215,0.2775,287.94947368421055,0.0052775802562070205,1.4694163279121504,2.901658788616729,0.9631578947368421,0.5223684210526316
speed_budget,channel.speed_kmh|feedback.budget_frac,40,0.3,1008,Baseline,1.5452169263019897,0.1931521157877487,0.1568539258067827,0.27440789473684213,256.0,0.006036003618367147,1.4438758587111533,2.8786543939910456,0.9571052631578948,0.5
speed_budget,channel.speed_kmh|feedback.budget_frac,40,0.3,1008,full_feedback,1.7088901354805295,0.21361126693506619,0.04513743718639372,0.4223026315789474,1024.0,0.0016688380229302046,1.2802026495326142,2.5512280460204972,0.9542105263157895,1.0
speed_budget,channel.speed_kmh|feedback.budget_frac,40,0.3,1009,Exact,1.7984973245812497,0.2248121655726562,0.019557019477623935,0.3113815789473684,124.56421052631579,0.014438315122635438,1.1884400731439713,2.4800428343893977,0.9034210526315789,0.3113815789473684
speed_budget,channel.speed_kmh|feedback.budget_frac,40,0.3,1009,Optimised,1.2770989016971535,0.15963736271214418,0.34352157632421654,0.24125,288.0,0.00443437118644845,1.7098384960280673,3.269338319803899,0.9455263157894737,0.4818421052631579
speed_budget,channel.speed_kmh|feedback.budget_frac,40,0.3,1009,Proposed,1.5431998778159628,0.19289998472699535,0.22840948293974267,0.2741447368421053,287.98315789473685,0.005358646280210702,1.443737519909258,2.929458957137452,0.9234210526315789,0.5243421052631579
speed_budget,channel.speed_kmh|feedback.budget_frac,40,0.3,1009,Baseline,1.6065773116826534,0.20082216396033167,0.14878731972604686,0.2675,256.0,0.006275692623760365,1.3803600860425675,2.8507602643441348,0.9089473684210526,0.5
speed_budget,channel.speed_kmh|feedback.budget_frac,40,0.3,1009,full_feedback,1.7704897635269428,0.22131122044086785,0.044188468288761995,0.4063157894736842,1024.0,0.00172899390969428,1.216447634198278,2.5296195668802,0.9044736842105263,1.0
speed_budget,channel.speed_kmh|feedback.budget_frac,40,0.5,1000,Exact,1.7750262202926177,0.2218782775365772,0.016207770264479275,0.3181578947368421,129.70105263157896,0.013685519001412046,1.2125088965174777,2.4935501682192247,0.9660526315789474,0.3181578947368421
speed_budget,channel.speed_kmh|feedback.budget_frac,40,0.5,1000,Optimised,1.5559331409862438,0.19449164262328048,0.22000602749368603,0.2794736842105263,512.0,0.0030389319159887574,1.4316019758238512,2.829513848906216,0.9771052631578947,0.6294078947368421
speed_budget,channel.speed_kmh|feedback.budget_frac,40,0.5,1000,Proposed,1.6035170214261525,0.20043962767826906,0.18782722968401094,0.2856578947368421,512.0,0.003131869182472954,1.3840180953839425,2.779153072802775,0.9728947368421053,0.6430263157894737
speed_budget,channel.speed_kmh|feedback.budget_frac,40,0.5,1000,Baseline,1.697409088565955,0.21217613607074437,0.08103444589641434,0.45960526315789474,512.0,0.0033152521261053808,1.2901260282441405,2.6327172616079886,0.9678947368421053,1.0
speed_budget,channel.speed_kmh|feedback.budget_frac,40,0.5,1000,full_feedback,1.7512680871496313,0.21890851089370392,0.03988790233940671,0.4033552631578947,1024.0,0.0017102227413570619,1.236267029660464,2.540646070314309,0.9663157894736842,1.0
speed_budget,channel.speed_kmh|feedback.budget_frac,40,0.5,1001,Exact,1.7329404496208032,0.2166175562026004,0.01776802819707177,0.33592105263157895,135.86526315789473,0.012754845567898252,1.2554216744164346,2.6046017338235057,0.9605263157894737,0.33592105263157895
speed_budget,channel.speed_kmh|feedback.budget_frac,40,0.5,1001,Optimised,1.4420739417203492,0.18025924271504365,0.23178643875212526,0.3045394736842105,512.0,0.002816550667422557,1.5462881823168884,3.038815718483748,0.9752631578947368,0.6358552631578948
speed_budget,channel.speed_kmh|feedback.budget_frac,40,0.5,1001,Proposed,1.4642269654790558,0.18302837068488198,0.21969953260753677,0.31394736842105264,512.0,0.002859818291951281,1.524135158558182,3.101624864993471,0.9744736842105263,0.6522368421052631
speed_budget,channel.speed_kmh|feedback.budget_frac,40,0.5,1001,Baseline,1.6497620501232992,0.2062202562654124,0.08597706269511214,0.4782236842105263,512.0,0.003222191504147069,1.3386000739139385,2.7803254588766544,0.9628947368421052,1.0
speed_budget,channel.speed_kmh|feedback.budget_frac,40,0.5,1001,full_feedback,1.7050101255409513,0.21312626569261892,0.044844866527336366,0.42736842105263156,1024.0,0.0016650489507235853,1.2833519984962865,2.679477350416427,0.9607894736842105,1.0
speed_budget,channel.speed_kmh|feedback.budget_frac,40,0.5,1002,Exact,1.7255943846448145,0.21569929808060181,0.01886914292492795,0.33289473684210524,137.65052631578948,0.012536053663071804,1.2754120024861815,2.5884845562994476,0.9689473684210527,0.33289473684210524
speed_budget,channel.speed_kmh|feedback.budget_frac,40,0.5,1002,Optimised,1.3238195842178895,0.16547744802723618,0.26673776510816916,0.28092105263157896,512.0,0.0025855851254255654,1.6771868029131063,3.2763085679815345,0.9781578947368421,0.6188157894736842
speed_budget,channel.speed_kmh|feedback.budget_frac,40,0.5,1002,Proposed,1.5112218251801595,0.18890272814751993,0.20445993798412904,0.3107894736842105,512.0,0.002951605127304999,1.4897845619508365,3.068893436561514,0.9768421052631578,0.6532894736842105
speed_budget,channel.speed_kmh|feedback.budget_frac,40,0.5,1002,Baseline,1.6364331340335985,0.2045541417541998,0.09143734420691453,0.48217105263157894,512.0,0.003196158464909372,1.3645732530973973,2.763325863092684,0.97,1.0
speed_budget,channel.speed_kmh|feedback.budget_frac,40,0.5,1002,full_feedback,1.6961156342901875,0.21201445428627344,0.04683635003312675,0.42664473684210524,1024.0,0.0016563629241115113,1.3048907528408085,2.6592037900729313,0.9692105263157895,1.0
speed_budget,channel.speed_kmh|feedback.budget_frac,40,0.5,1003,Exact,1.7798896592147087,0.22248620740183858,0.016630613435593997,0.3018421052631579,122.3242105263158,0.014550591837515258,1.28014277057202,2.561934602901259,0.9678947368421053,0.3018421052631579
speed_budget,channel.speed_kmh|feedback.budget_frac,40,0.5,1003,Optimised,1.5763907034479487,0.1970488379309936,0.1860313050829947,0.2754605263157895,512.0,0.003078888092671775,1.4836417263387798,2.9270664689561383,0.9778947368421053,0.6305921052631579
speed_budget,channel.speed_kmh|feedback.budget_frac,40,0.5,1003,Proposed,1.5685251666014426,0.19606564582518032,0.18284110634529913,0.27717105263157893,512.0,0.0030635257160184426,1.491507263185286,2.9856365181770665,0.978421052631579,0.6338157894736842
speed_budget,channel.speed_kmh|feedback.budget_frac,40,0.5,1003,Baseline,1.7140264476025937,0.2142533059503242,0.07981440430035099,0.4384868421052632,512.0,0.003347707905473816,1.3460059821841346,2.693946025721378,0.9686842105263158,1.0
speed_budget,channel.speed_kmh|feedback.budget_frac,40,0.5,1003,full_feedback,1.7581085186868206,0.21976356483585258,0.0421033829088485,0.39125,1024.0,0.0017169028502800983,1.3019239110999081,2.6217301552524037,0.9678947368421053,1.0
speed_budget,channel.speed_kmh|feedback.budget_frac,40,0.5,1004,Exact,1.7837705547129645,0.22297131933912057,0.017677556205063442,0.33144736842105266,135.78105263157894,0.01313710948723422,1.2614710356342242,2.500243539868567,0.9689473684210527,0.33144736842105266
speed_budget,channel.speed_kmh|feedback.budget_frac,40,0.5,1004,Optimised,1.5616502057371284,0.19520627571714105,0.21045588458223277,0.2992105263157895,512.0,0.003050098058080329,1.4835913846100606,2.9049679576884695,0.9802631578947368,0.6394736842105263
speed_budget,channel.speed_kmh|feedback.budget_frac,40,0.5,1004,Proposed,1.5817412952940089,0.1977176619117511,0.19371344802632573,0.3069078947368421,512.0,0.003089338467371111,1.4635002950531797,2.872188496184174,0.9802631578947368,0.6480921052631579
speed_budget,channel.speed_kmh|feedback.budget_frac,40,0.5,1004,Baseline,1.7061815875267052,0.21327269844083815,0.08518593268903875,0.4722368421052632,512.0,0.003332385913138096,1.3390600028204835,2.6449542523388994,0.9694736842105263,1.0
speed_budget,channel.speed_kmh|feedback.budget_frac,40,0.5,1004,full_feedback,1.7584614441568802,0.21980768051961003,0.043500390832119776,0.4181578947368421,1024.0,0.0017172475040594533,1.2867801461903083,2.548263940374128,0.9689473684210527,1.0
speed_budget,channel.speed_kmh|feedback.budget_frac,40,0.5,1005,Exact,1.664671479976305,0.20808393499703812,0.0189623549133866,0.3447368421052632,144.25263157894736,0.011539973044202349,1.2880372371988396,2.6293649186714867,0.983421052631579,0.3447368421052632
speed_budget,channel.speed_kmh|feedback.budget_frac,40,0.5,1005,Optimised,1.4331188066197482,0.17913985082746853,0.23802487168055694,0.31164473684210525,512.0,0.0027990601691791957,1.5195899105553965,2.9824517969906013,0.9936842105263158,0.6319078947368421
speed_budget,channel.speed_kmh|feedback.budget_frac,40,0.5,1005,Proposed,1.4719215109680739,0.18399018887100924,0.22654668411240497,0.3140131578947368,512.0,0.0028748467011095193,1.4807872062070706,2.940015572594959,0.9931578947368421,0.6430921052631579
speed_budget,channel.speed_kmh|feedback.budget_frac,40,0.5,1005,Baseline,1.580919158402929,0.19761489480036612,0.09416863949984666,0.4982236842105263,512.0,0.0030877327312557206,1.3717895587722158,2.7585754111324063,0.9836842105263158,1.0
speed_budget,channel.speed_kmh|feedback.budget_frac,40,0.5,1005,full_feedback,1.637351044131,0.204668880516375,0.047749560900180746,0.43467105263157896,1024.0,0.0015989756290341797,1.3153576730441447,2.6770714842788816,0.9836842105263158,1.0
speed_budget,channel.speed_kmh|feedback.budget_frac,40,0.5,1006,Exact,1.7787941789993338,0.22234927237491672,0.016652961139279013,0.3119736842105263,127.27578947368421,0.013975903715506874,1.2081135334251862,2.482328290351833,0.9355263157894737,0.3119736842105263
speed_budget,channel.speed_kmh|feedback.budget_frac,40,0.5,1006,Optimised,1.566029029375497,0.19575362867193713,0.20142140809219905,0.2945394736842105,512.0,0.0030586504479990177,1.420878683049023,2.8197998729584817,0.9536842105263158,0.6426315789473684
speed_budget,channel.speed_kmh|feedback.budget_frac,40,0.5,1006,Proposed,1.5582616942533205,0.19478271178166506,0.2073564673588715,0.297828947368421,512.0,0.0030434798715885166,1.4286460181711997,2.8441813242453735,0.965,0.6468421052631579
speed_budget,channel.speed_kmh|feedback.budget_frac,40,0.5,1006,Baseline,1.699983991770784,0.212497998971348,0.08318237830879471,0.45381578947368423,512.0,0.0033202812339273124,1.286923720653736,2.629350631605745,0.9365789473684211,1.0
speed_budget,channel.speed_kmh|feedback.budget_frac,40,0.5,1006,full_feedback,1.751755590784985,0.21896944884812314,0.042412552273465964,0.40651315789473685,1024.0,0.001710698819125962,1.2351521216395347,2.547798141129007,0.9355263157894737,1.0
speed_budget,channel.speed_kmh|feedback.budget_frac,40,0.5,1007,Exact,1.707060353419139,0.21338254417739239,0.018785859431761098,0.3350657894736842,137.61684210526315,0.012404443579030889,1.1943244828584412,2.479777131613854,0.9565789473684211,0.3350657894736842
speed_budget,channel.speed_kmh|feedback.budget_frac,40,0.5,1007,Optimised,1.4576615814527518,0.18220769768159398,0.21664129653415218,0.3057894736842105,512.0,0.002846995276274906,1.443723254824828,2.8856343140490144,0.9697368421052631,0.6426973684210526
speed_budget,channel.speed_kmh|feedback.budget_frac,40,0.5,1007,Proposed,1.5100746005086139,0.18875932506357673,0.19264449123579658,0.3207236842105263,512.0,0.0029493644541183864,1.3913102357689662,2.8445703228545622,0.9713157894736842,0.6597368421052632
speed_budget,channel.speed_kmh|feedback.budget_frac,40,0.5,1007,Baseline,1.6257655028060256,0.2032206878507532,0.08681621284060109,0.47526315789473683,512.0,0.0031753232476680188,1.2756193334715547,2.6484622125115167,0.9589473684210527,1.0
speed_budget,channel.speed_kmh|feedback.budget_frac,40,0.5,1007,full_feedback,1.6813466907404473,0.2101683363425559,0.04587180430443718,0.43046052631578946,1024.0,0.001641940127676218,1.2200381455371327,2.5280737370215496,0.9568421052631579,1.0
speed_budget,channel.speed_kmh|feedback.budget_frac,40,0.5,1008,Exact,1.736368951066955,0.2170461188833694,0.01854178041383454,0.33401315789473685,136.45473684210526,0.012724871200888726,1.2527238339461881,2.4899143307149325,0.9542105263157895,0.33401315789473685
speed_budget,channel.speed_kmh|feedback.budget_frac,40,0.5,1008,Optimised,1.537003903422615,0.19212548792782688,0.2034873525018933,0.30546052631578946,512.0,0.003001960748872295,1.4520888815905284,2.847619348089201,0.9718421052631578,0.6433552631578947
speed_budget,channel.speed_kmh|feedback.budget_frac,40,0.5,1008,Proposed,1.56306500809095,0.19538312601136876,0.1857444571576927,0.31625,512.0,0.003052861343927637,1.4260277769221932,2.774908621386133,0.9663157894736842,0.6564473684210527
speed_budget,channel.speed_kmh|feedback.budget_frac,40,0.5,1008,Baseline,1.6544307325824403,0.20680384157280504,0.08733022662456863,0.47467105263157894,512.0,0.0032313100245750788,1.3346620524307027,2.6283316600836737,0.9547368421052631,1.0
speed_budget,channel.speed_kmh|feedback.budget_frac,40,0.5,1008,full_feedback,1.7088901354805295,0.21361126693506619,0.04513743718639372,0.4223026315789474,1024.0,0.0016688380229302046,1.2802026495326142,2.5512280460204972,0.9542105263157895,1.0
speed_budget,channel.speed_kmh|feedback.budget_frac,40,0.5,1009,Exact,1.7989756291335521,0.22487195364169402,0.0178041092646551,0.3153947368421053,128.18526315789472,0.014034184467192835,1.1879617685916688,2.479639140273556,0.9034210526315789,0.3153947368421053
speed_budget,channel.speed_kmh|feedback.budget_frac,40,0.5,1009,Optimised,1.521474923295441,0.19018436541193012,0.24839769833724493,0.2899342105263158,512.0,0.002971630709561408,1.46546247442978,2.908840409564057,0.9568421052631579,0.6324342105263158
speed_budget,channel.speed_kmh|feedback.budget_frac,40,0.5,1009,Proposed,1.5501566453370048,0.1937695806671256,0.21540123650846243,0.2943421052631579,512.0,0.0030276496979238375,1.436780752388216,2.9258900309646036,0.9471052631578948,0.6433552631578947
speed_budget,channel.speed_kmh|feedback.budget_frac,40,0.5,1009,Baseline,1.7170235366616864,0.2146279420827108,0.0844829335998058,0.45651315789473684,512.0,0.0033535615950423562,1.269913861063534,2.629494797616206,0.9060526315789473,1.0
speed_budget,channel.speed_kmh|feedback.budget_frac,40,0.5,1009,full_feedback,1.7704897635269428,0.22131122044086785,0.044188468288761995,0.4063157894736842,1024.0,0.00172899390969428,1.216447634198278,2.5296195668802,0.9044736842105263,1.0
speed_budget,channel.speed_kmh|feedback.budget_frac,40,0.75,1000,Exact,1.7750262202926177,0.2218782775365772,0.016207770264479275,0.3181578947368421,129.70105263157896,0.013685519001412046,1.2125088965174777,2.4935501682192247,0.9660526315789474,0.3181578947368421
speed_budget,channel.speed_kmh|feedback.budget_frac,40,0.75,1000,Optimised,1.6961028727128518,0.21201285908910647,0.09532578200198444,0.3649342105263158,768.0,0.0022084672821781923,1.2914322440972437,2.6330813343080184,0.9689473684210527,0.8505921052631579
speed_budget,channel.speed_kmh|feedback.budget_frac,40,0.75,1000,Proposed,1.7084209641976218,0.21355262052470272,0.0893763274605926,0.3673026315789474,768.0,0.002224506463798987,1.2791141526124734,2.6077926822750963,0.9692105263157895,0.8561184210526316
speed_budget,channel.speed_kmh|feedback.budget_frac,40,0.75,1000,Baseline,1.697409088565955,0.21217613607074437,0.08103444589641434,0.45960526315789474,512.0,0.0033152521261053808,1.2901260282441405,2.6327172616079886,0.9678947368421053,1.0
speed_budget,channel.speed_kmh|feedback.budget_frac,40,0.75,1000,full_feedback,1.7512680871496313,0.21890851089370392,0.03988790233940671,0.4033552631578947,1024.0,0.0017102227413570619,1.236267029660464,2.540646070314309,0.9663157894736842,1.0
speed_budget,channel.speed_kmh|feedback.budget_frac,40,0.75,1001,Exact,1.7329404496208032,0.2166175562026004,0.01776802819707177,0.33592105263157895,135.86526315789473,0.012754845567898252,1.2554216744164346,2.6046017338235057,0.9605263157894737,0.33592105263157895
speed_budget,channel.speed_kmh|feedback.budget_frac,40,0.75,1001,Optimised,1.6606465626210156,0.20758082032762695,0.09547588422775595,0.39171052631578945,768.0,0.002162300211746114,1.3277155614162222,2.766387347470274,0.9621052631578947,0.8579605263157895
speed_budget,channel.speed_kmh|feedback.budget_frac,40,0.75,1001,Proposed,1.6701962769262617,0.20877453461578271,0.08913347087377743,0.39631578947368423,768.0,0.00217473473558107,1.3181658471109758,2.7430256039758847,0.9623684210526315,0.8669078947368422
speed_budget,channel.speed_kmh|feedback.budget_frac,40,0.75,1001,Baseline,1.6497620501232992,0.2062202562654124,0.08597706269511214,0.4782236842105263,512.0,0.003222191504147069,1.3386000739139385,2.7803254588766544,0.9628947368421052,1.0
speed_budget,channel.speed_kmh|feedback.budget_frac,40,0.75,1001,full_feedback,1.7050101255409513,0.21312626569261892,0.044844866527336366,0.42736842105263156,1024.0,0.0016650489507235853,1.2833519984962865,2.679477350416427,0.9607894736842105,1.0
speed_budget,channel.speed_kmh|feedback.budget_frac,40,0.75,1002,Exact,1.7255944271331194,0.21569930339163992,0.018867205659028035,0.33289473684210524,137.70105263157896,0.012531454147630744,1.2754119599978766,2.58848370653335,0.9689473684210527,0.33289473684210524
speed_budget,channel.speed_kmh|feedback.budget_frac,40,0.75,1002,Optimised,1.6385241765496987,0.20481552206871234,0.10849333226321385,0.3873684210526316,768.0,0.0021334950215490867,1.3624822105812975,2.7643759008230093,0.9726315789473684,0.8565131578947368
speed_budget,channel.speed_kmh|feedback.budget_frac,40,0.75,1002,Proposed,1.6505736021459938,0.20632170026824923,0.09990019731307478,0.39131578947368423,768.0,0.0021491843777942626,1.3504327849850022,2.7208600679529713,0.9707894736842105,0.8626315789473684
speed_budget,channel.speed_kmh|feedback.budget_frac,40,0.75,1002,Baseline,1.6364331340335985,0.2045541417541998,0.09143734420691453,0.48217105263157894,512.0,0.003196158464909372,1.3645732530973973,2.763325863092684,0.97,1.0
speed_budget,channel.speed_kmh|feedback.budget_frac,40,0.75,1002,full_feedback,1.6961156342901875,0.21201445428627344,0.04683635003312675,0.42664473684210524,1024.0,0.0016563629241115113,1.3048907528408085,2.6592037900729313,0.9692105263157895,1.0
speed_budget,channel.speed_kmh|feedback.budget_frac,40,0.75,1003,Exact,1.7798896592147087,0.22248620740183858,0.016630613435593997,0.3018421052631579,122.3242105263158,0.014550591837515258,1.28014277057202,2.561934602901259,0.9678947368421053,0.3018421052631579
speed_budget,channel.speed_kmh|feedback.budget_frac,40,0.75,1003,Optimised,1.7233668162431053,0.21542085203038816,0.08430306296755105,0.3536184210526316,768.0,0.002243967208649877,1.3366656135436232,2.6898258216881117,0.9694736842105263,0.8498684210526316
speed_budget,channel.speed_kmh|feedback.budget_frac,40,0.75,1003,Proposed,1.7268005338693007,0.21585006673366258,0.0837171451368518,0.35776315789473684,768.0,0.0022484381951423187,1.333231895917428,2.687126887706236,0.9697368421052631,0.8573684210526316
speed_budget,channel.speed_kmh|feedback.budget_frac,40,0.75,1003,Baseline,1.7140264476025937,0.2142533059503242,0.07981440430035099,0.4384868421052632,512.0,0.003347707905473816,1.3460059821841346,2.693946025721378,0.9686842105263158,1.0
speed_budget,channel.speed_kmh|feedback.budget_frac,40,0.75,1003,full_feedback,1.7581085186868206,0.21976356483585258,0.0421033829088485,0.39125,1024.0,0.0017169028502800983,1.3019239110999081,2.6217301552524037,0.9678947368421053,1.0
speed_budget,channel.speed_kmh|feedback.budget_frac,40,0.75,1004,Exact,1.7837705547129645,0.22297131933912057,0.017677556205063442,0.33144736842105266,135.78105263157894,0.01313710948723422,1.2614710356342242,2.500243539868567,0.9689473684210527,0.33144736842105266
speed_budget,channel.speed_kmh|feedback.budget_frac,40,0.75,1004,Optimised,1.6959359003233456,0.2119919875404182,0.09853418686648881,0.38263157894736843,768.0,0.0022082498702126895,1.3493056900238432,2.6348712562352414,0.9697368421052631,0.8582894736842105
speed_budget,channel.speed_kmh|feedback.budget_frac,40,0.75,1004,Proposed,1.702117076299348,0.2127646345374185,0.09784667090771043,0.3821052631578947,768.0,0.0022162982764314426,1.3431245140478407,2.6111099832318296,0.9715789473684211,0.8610526315789474
speed_budget,channel.speed_kmh|feedback.budget_frac,40,0.75,1004,Baseline,1.7061815875267052,0.21327269844083815,0.08518593268903875,0.4722368421052632,512.0,0.003332385913138096,1.3390600028204835,2.6449542523388994,0.9694736842105263,1.0
speed_budget,channel.speed_kmh|feedback.budget_frac,40,0.75,1004,full_feedback,1.7584614441568802,0.21980768051961003,0.043500390832119776,0.4181578947368421,1024.0,0.0017172475040594533,1.2867801461903083,2.548263940374128,0.9689473684210527,1.0
speed_budget,channel.speed_kmh|feedback.budget_frac,40,0.75,1005,Exact,1.664672924684375,0.20808411558554687,0.018915878020130335,0.34480263157894736,144.37052631578948,0.011530559368074518,1.2880357924907697,2.6293649186714867,0.983421052631579,0.34480263157894736
speed_budget,channel.speed_kmh|feedback.budget_frac,40,0.75,1005,Optimised,1.5885047048296344,0.1985630881037043,0.11316341469193922,0.3924342105263158,768.0,0.002068365501080253,1.36420401234551,2.751147960128657,0.9857894736842105,0.8528947368421053
speed_budget,channel.speed_kmh|feedback.budget_frac,40,0.75,1005,Proposed,1.5845300214836249,0.1980662526854531,0.1147576453321991,0.39611842105263156,768.0,0.0020631901321401364,1.3681786956915196,2.7590877347717333,0.9881578947368421,0.8583552631578948
speed_budget,channel.speed_kmh|feedback.budget_frac,40,0.75,1005,Baseline,1.580919158402929,0.19761489480036612,0.09416863949984666,0.4982236842105263,512.0,0.0030877327312557206,1.3717895587722158,2.7585754111324063,0.9836842105263158,1.0
speed_budget,channel.speed_kmh|feedback.budget_frac,40,0.75,1005,full_feedback,1.637351044131,0.204668880516375,0.047749560900180746,0.43467105263157896,1024.0,0.0015989756290341797,1.3153576730441447,2.6770714842788816,0.9836842105263158,1.0
speed_budget,channel.speed_kmh|feedback.budget_frac,40,0.75,1006,Exact,1.7787941789993338,0.22234927237491672,0.016652961139279013,0.3119736842105263,127.27578947368421,0.013975903715506874,1.2081135334251862,2.482328290351833,0.9355263157894737,0.3119736842105263
speed_budget,channel.speed_kmh|feedback.budget_frac,40,0.75,1006,Optimised,1.7013463670193125,0.21266829587741407,0.0980803459655818,0.37217105263157896,768.0,0.002215294748723063,1.285561345405208,2.6216044672456515,0.9436842105263158,0.8545394736842106
speed_budget,channel.speed_kmh|feedback.budget_frac,40,0.75,1006,Proposed,1.7082364331029993,0.21352955413787492,0.09534836850335353,0.3773026315789474,768.0,0.002224266188936197,1.278671279321521,2.6194289336749246,0.9447368421052632,0.8638815789473684
speed_budget,channel.speed_kmh|feedback.budget_frac,40,0.75,1006,Baseline,1.699983991770784,0.212497998971348,0.08318237830879471,0.45381578947368423,512.0,0.0033202812339273124,1.286923720653736,2.629350631605745,0.9365789473684211,1.0
speed_budget,channel.speed_kmh|feedback.budget_frac,40,0.75,1006,full_feedback,1.751755590784985,0.21896944884812314,0.042412552273465964,0.40651315789473685,1024.0,0.001710698819125962,1.2351521216395347,2.547798141129007,0.9355263157894737,1.0
speed_budget,channel.speed_kmh|feedback.budget_frac,40,0.75,1007,Exact,1.707065457434633,0.2133831821793291,0.01875306322117613,0.335,137.6,0.012405998963914484,1.1943193788429476,2.479777131613854,0.9565789473684211,0.335
speed_budget,channel.speed_kmh|feedback.budget_frac,40,0.75,1007,Optimised,1.6346430772513048,0.2043303846564131,0.09631490827700828,0.39032894736842105,768.0,0.0021284415068376365,1.2667417590262755,2.5999968981791266,0.958421052631579,0.85875
speed_budget,channel.speed_kmh|feedback.budget_frac,40,0.75,1007,Proposed,1.642901507891915,0.20536268848648936,0.09492535546713553,0.39342105263157895,768.0,0.002139194671734264,1.2584833283856651,2.582959145635971,0.958421052631579,0.8651315789473685
speed_budget,channel.speed_kmh|feedback.budget_frac,40,0.75,1007,Baseline,1.6257655028060256,0.2032206878507532,0.08681621284060109,0.47526315789473683,512.0,0.0031753232476680188,1.2756193334715547,2.6484622125115167,0.9589473684210527,1.0
speed_budget,channel.speed_kmh|feedback.budget_frac,40,0.75,1007,full_feedback,1.6813466907404473,0.2101683363425559,0.04587180430443718,0.43046052631578946,1024.0,0.001641940127676218,1.2200381455371327,2.5280737370215496,0.9568421052631579,1.0
speed_budget,channel.speed_kmh|feedback.budget_frac,40,0.75,1008,Exact,1.736372684596637,0.21704658557457962,0.018530196471843226,0.33414473684210527,136.5557894736842,0.012715482011337608,1.2527201004165063,2.4899143307149325,0.9542105263157895,0.33414473684210527
speed_budget,channel.speed_kmh|feedback.budget_frac,40,0.75,1008,Optimised,1.6645809871429256,0.2080726233928657,0.0963209234506694,0.38611842105263156,768.0,0.002167423160342351,1.3245117978702177,2.619291856846186,0.9560526315789474,0.8605921052631579
speed_budget,channel.speed_kmh|feedback.budget_frac,40,0.75,1008,Proposed,1.6636147501692085,0.20795184377115106,0.0953955034276208,0.38743421052631577,768.0,0.0021661650392828234,1.3254780348439348,2.62179100206792,0.9565789473684211,0.8642105263157894
speed_budget,channel.speed_kmh|feedback.budget_frac,40,0.75,1008,Baseline,1.6544307325824403,0.20680384157280504,0.08733022662456863,0.47467105263157894,512.0,0.0032313100245750788,1.3346620524307027,2.6283316600836737,0.9547368421052631,1.0
speed_budget,channel.speed_kmh|feedback.budget_frac,40,0.75,1008,full_feedback,1.7088901354805295,0.21361126693506619,0.04513743718639372,0.4223026315789474,1024.0,0.0016688380229302046,1.2802026495326142,2.5512280460204972,0.9542105263157895,1.0
speed_budget,channel.speed_kmh|feedback.budget_frac,40,0.75,1009,Exact,1.7989756346693944,0.2248719543336743,0.017787568671932253,0.31532894736842104,128.16842105263157,0.014036028687055887,1.1879617630558266,2.479639140273556,0.9034210526315789,0.31532894736842104
speed_budget,channel.speed_kmh|feedback.budget_frac,40,0.75,1009,Optimised,1.7125410174868285,0.21406762718585357,0.10380879836864965,0.37144736842105264,768.0,0.002229871116519308,1.2743963802383924,2.6134399106661372,0.9157894736842105,0.85375
speed_budget,channel.speed_kmh|feedback.budget_frac,40,0.75,1009,Proposed,1.7162591478937326,0.21453239348671657,0.10195008235736797,0.37355263157894736,768.0,0.0022347124321532978,1.2706782498314881,2.593234217665567,0.9160526315789473,0.8580263157894736
speed_budget,channel.speed_kmh|feedback.budget_frac,40,0.75,1009,Baseline,1.7170235366616864,0.2146279420827108,0.0844829335998058,0.45651315789473684,512.0,0.0033535615950423562,1.269913861063534,2.629494797616206,0.9060526315789473,1.0
speed_budget,channel.speed_kmh|feedback.budget_frac,40,0.75,1009,full_feedback,1.7704897635269428,0.22131122044086785,0.044188468288761995,0.4063157894736842,1024.0,0.00172899390969428,1.216447634198278,2.5296195668802,0.9044736842105263,1.0
speed_budget,channel.speed_kmh|feedback.budget_frac,40,1.0,1000,Exact,1.7750262202926177,0.2218782775365772,0.016207770264479275,0.3181578947368421,129.70105263157896,0.013685519001412046,1.2125088965174777,2.4935501682192247,0.9660526315789474,0.3181578947368421
speed_budget,channel.speed_kmh|feedback.budget_frac,40,1.0,1000,Optimised,1.7512680871496313,0.21890851089370392,0.03988790233940671,0.4033552631578947,1024.0,0.0017102227413570619,1.236267029660464,2.540646070314309,0.9663157894736842,1.0
speed_budget,channel.speed_kmh|feedback.budget_frac,40,1.0,1000,Proposed,1.7512680871496313,0.21890851089370392,0.03988790233940671,0.4033552631578947,1024.0,0.0017102227413570619,1.236267029660464,2.540646070314309,0.9663157894736842,1.0
speed_budget,channel.speed_kmh|feedback.budget_frac,40,1.0,1000,Baseline,1.697409088565955,0.21217613607074437,0.08103444589641434,0.45960526315789474,512.0,0.0033152521261053808,1.2901260282441405,2.6327172616079886,0.9678947368421053,1.0
speed_budget,channel.speed_kmh|feedback.budget_frac,40,1.0,1000,full_feedback,1.7512680871496313,0.21890851089370392,0.03988790233940671,0.4033552631578947,1024.0,0.0017102227413570619,1.236267029660464,2.540646070314309,0.9663157894736842,1.0
speed_budget,channel.speed_kmh|feedback.budget_frac,40,1.0,1001,Exact,1.7329404496208032,0.2166175562026004,0.01776802819707177,0.33592105263157895,135.86526315789473,0.012754845567898252,1.2554216744164346,2.6046017338235057,0.9605263157894737,0.33592105263157895
speed_budget,channel.speed_kmh|feedback.budget_frac,40,1.0,1001,Optimised,1.7050101255409513,0.21312626569261892,0.044844866527336366,0.42736842105263156,1024.0,0.0016650489507235853,1.2833519984962865,2.679477350416427,0.9607894736842105,1.0
speed_budget,channel.speed_kmh|feedback.budget_frac,40,1.0,1001,Proposed,1.7050101255409513,0.21312626569261892,0.044844866527336366,0.42736842105263156,1024.0,0.0016650489507235853,1.2833519984962865,2.679477350416427,0.9607894736842105,1.0
speed_budget,channel.speed_kmh|feedback.budget_frac,40,1.0,1001,Baseline,1.6497620501232992,0.2062202562654124,0.08597706269511214,0.4782236842105263,512.0,0.003222191504147069,1.3386000739139385,2.7803254588766544,0.9628947368421052,1.0
speed_budget,channel.speed_kmh|feedback.budget_frac,40,1.0,1001,full_feedback,1.7050101255409513,0.21312626569261892,0.044844866527336366,0.42736842105263156,1024.0,0.0016650489507235853,1.2833519984962865,2.679477350416427,0.9607894736842105,1.0
speed_budget,channel.speed_kmh|feedback.budget_frac,40,1.0,1002,Exact,1.7255944271331194,0.21569930339163992,0.018867205659028035,0.33289473684210524,137.70105263157896,0.012531454147630744,1.2754119599978766,2.58848370653335,0.9689473684210527,0.33289473684210524
speed_budget,channel.speed_kmh|feedback.budget_frac,40,1.0,1002,Optimised,1.6961156342901875,0.21201445428627344,0.04683635003312675,0.42664473684210524,1024.0,0.0016563629241115113,1.3048907528408085,2.6592037900729313,0.9692105263157895,1.0
speed_budget,channel.speed_kmh|feedback.budget_frac,40,1.0,1002,Proposed,1.6961156342901875,0.21201445428627344,0.04683635003312675,0.42664473684210524,1024.0,0.0016563629241115113,1.3048907528408085,2.6592037900729313,0.9692105263157895,1.0
speed_budget,channel.speed_kmh|feedback.budget_frac,40,1.0,1002,Baseline,1.6364331340335985,0.2045541417541998,0.09143734420691453,0.48217105263157894,512.0,0.003196158464909372,1.3645732530973973,2.763325863092684,0.97,1.0
speed_budget,channel.speed_kmh|feedback.budget_frac,40,1.0,1002,full_feedback,1.6961156342901875,0.21201445428627344,0.04683635003312675,0.42664473684210524,1024.0,0.0016563629241115113,1.3048907528408085,2.6592037900729313,0.9692105263157895,1.0
speed_budget,channel.speed_kmh|feedback.budget_frac,40,1.0,1003,Exact,1.7798896592147087,0.22248620740183858,0.016630613435593997,0.3018421052631579,122.3242105263158,0.014550591837515258,1.28014277057202,2.561934602901259,0.9678947368421053,0.3018421052631579
speed_budget,channel.speed_kmh|feedback.budget_frac,40,1.0,1003,Optimised,1.7581085186868206,0.21976356483585258,0.0421033829088485,0.39125,1024.0,0.0017169028502800983,1.3019239110999081,2.6217301552524037,0.9678947368421053,1.0
speed_budget,channel.speed_kmh|feedback.budget_frac,40,1.0,1003,Proposed,1.7581085186868206,0.21976356483585258,0.0421033829088485,0.39125,1024.0,0.0017169028502800983,1.3019239110999081,2.6217301552524037,0.9678947368421053,1.0
speed_budget,channel.speed_kmh|feedback.budget_frac,40,1.0,1003,Baseline,1.7140264476025937,0.2142533059503242,0.07981440430035099,0.4384868421052632,512.0,0.003347707905473816,1.3460059821841346,2.693946025721378,0.9686842105263158,1.0
speed_budget,channel.speed_kmh|feedback.budget_frac,40,1.0,1003,full_feedback,1.7581085186868206,0.21976356483585258,0.0421033829088485,0.39125,1024.0,0.0017169028502800983,1.3019239110999081,2.6217301552524037,0.9678947368421053,1.0
speed_budget,channel.speed_kmh|feedback.budget_frac,40,1.0,1004,Exact,1.7837705547129645,0.22297131933912057,0.017677556205063442,0.33144736842105266,135.78105263157894,0.01313710948723422,1.2614710356342242,2.500243539868567,0.9689473684210527,0.33144736842105266
speed_budget,channel.speed_kmh|feedback.budget_frac,40,1.0,1004,Optimised,1.7584614441568802,0.21980768051961003,0.043500390832119776,0.4181578947368421,1024.0,0.0017172475040594533,1.2867801461903083,2.548263940374128,0.9689473684210527,1.0
speed_budget,channel.speed_kmh|feedback.budget_frac,40,1.0,1004,Proposed,1.7584614441568802,0.21980768051961003,0.043500390832119776,0.4181578947368421,1024.0,0.0017172475040594533,1.2867801461903083,2.548263940374128,0.9689473684210527,1.0
speed_budget,channel.speed_kmh|feedback.budget_frac,40,1.0,1004,Baseline,1.7061815875267052,0.21327269844083815,0.08518593268903875,0.4722368421052632,512.0,0.003332385913138096,1.3390600028204835,2.6449542523388994,0.9694736842105263,1.0
speed_budget,channel.speed_kmh|feedback.budget_frac,40,1.0,1004,full_feedback,1.7584614441568802,0.21980768051961003,0.043500390832119776,0.4181578947368421,1024.0,0.0017172475040594533,1.2867801461903083,2.548263940374128,0.9689473684210527,1.0
speed_budget,channel.speed_kmh|feedback.budget_frac,40,1.0,1005,Exact,1.664672924684375,0.20808411558554687,0.018915878020130335,0.34480263157894736,144.37052631578948,0.011530559368074518,1.2880357924907697,2.6293649186714867,0.983421052631579,0.34480263157894736
speed_budget,channel.speed_kmh|feedback.budget_frac,40,1.0,1005,Optimised,1.637351044131,0.204668880516375,0.047749560900180746,0.43467105263157896,1024.0,0.0015989756290341797,1.3153576730441447,2.6770714842788816,0.9836842105263158,1.0
speed_budget,channel.speed_kmh|feedback.budget_frac,40,1.0,1005,Proposed,1.637351044131,0.204668880516375,0.047749560900180746,0.43467105263157896,1024.0,0.0015989756290341797,1.3153576730441447,2.6770714842788816,0.9836842105263158,1.0
speed_budget,channel.speed_kmh|feedback.budget_frac,40,1.0,1005,Baseline,1.580919158402929,0.19761489480036612,0.09416863949984666,0.4982236842105263,512.0,0.0030877327312557206,1.3717895587722158,2.7585754111324063,0.9836842105263158,1.0
speed_budget,channel.speed_kmh|feedback.budget_frac,40,1.0,1005,full_feedback,1.637351044131,0.204668880516375,0.047749560900180746,0.43467105263157896,1024.0,0.0015989756290341797,1.3153576730441447,2.6770714842788816,0.9836842105263158,1.0
speed_budget,channel.speed_kmh|feedback.budget_frac,40,1.0,1006,Exact,1.7787941789993338,0.22234927237491672,0.016652961139279013,0.3119736842105263,127.27578947368421,0.013975903715506874,1.2081135334251862,2.482328290351833,0.9355263157894737,0.3119736842105263
speed_budget,channel.speed_kmh|feedback.budget_frac,40,1.0,1006,Optimised,1.751755590784985,0.21896944884812314,0.042412552273465964,0.40651315789473685,1024.0,0.001710698819125962,1.2351521216395347,2.547798141129007,0.9355263157894737,1.0
speed_budget,channel.speed_kmh|feedback.budget_frac,40,1.0,1006,Proposed,1.751755590784985,0.21896944884812314,0.042412552273465964,0.40651315789473685,1024.0,0.001710698819125962,1.2351521216395347,2.547798141129007,0.9355263157894737,1.0
speed_budget,channel.speed_kmh|feedback.budget_frac,40,1.0,1006,Baseline,1.699983991770784,0.212497998971348,0.08318237830879471,0.45381578947368423,512.0,0.0033202812339273124,1.286923720653736,2.629350631605745,0.9365789473684211,1.0
speed_budget,channel.speed_kmh|feedback.budget_frac,40,1.0,1006,full_feedback,1.751755590784985,0.21896944884812314,0.042412552273465964,0.40651315789473685,1024.0,0.001710698819125962,1.2351521216395347,2.547798141129007,0.9355263157894737,1.0
speed_budget,channel.speed_kmh|feedback.budget_frac,40,1.0,1007,Exact,1.707065457434633,0.2133831821793291,0.01875306322117613,0.335,137.6,0.012405998963914484,1.1943193788429476,2.479777131613854,0.9565789473684211,0.335
speed_budget,channel.speed_kmh|feedback.budget_frac,40,1.0,1007,Optimised,1.6813466907404473,0.2101683363425559,0.04587180430443718,0.43046052631578946,1024.0,0.001641940127676218,1.2200381455371327,2.5280737370215496,0.9568421052631579,1.0
speed_budget,channel.speed_kmh|feedback.budget_frac,40,1.0,1007,Proposed,1.6813466907404473,0.2101683363425559,0.04587180430443718,0.43046052631578946,1024.0,0.001641940127676218,1.2200381455371327,2.5280737370215496,0.9568421052631579,1.0
speed_budget,channel.speed_kmh|feedback.budget_frac,40,1.0,1007,Baseline,1.6257655028060256,0.2032206878507532,0.08681621284060109,0.47526315789473683,512.0,0.0031753232476680188,1.2756193334715547,2.6484622125115167,0.9589473684210527,1.0
speed_budget,channel.speed_kmh|feedback.budget_frac,40,1.0,1007,full_feedback,1.6813466907404473,0.2101683363425559,0.04587180430443718,0.43046052631578946,1024.0,0.001641940127676218,1.2200381455371327,2.5280737370215496,0.9568421052631579,1.0
speed_budget,channel.speed_kmh|feedback.budget_frac,40,1.0,1008,Exact,1.736372684596637,0.21704658557457962,0.018530196471843226,0.33414473684210527,136.5557894736842,0.012715482011337608,1.2527201004165063,2.4899143307149325,0.9542105263157895,0.33414473684210527
speed_budget,channel.speed_kmh|feedback.budget_frac,40,1.0,1008,Optimised,1.7088901354805295,0.21361126693506619,0.04513743718639372,0.4223026315789474,1024.0,0.0016688380229302046,1.2802026495326142,2.5512280460204972,0.9542105263157895,1.0
speed_budget,channel.speed_kmh|feedback.budget_frac,40,1.0,1008,Proposed,1.7088901354805295,0.21361126693506619,0.04513743718639372,0.4223026315789474,1024.0,0.0016688380229302046,1.2802026495326142,2.5512280460204972,0.9542105263157895,1.0
speed_budget,channel.speed_kmh|feedback.budget_frac,40,1.0,1008,Baseline,1.6544307325824403,0.20680384157280504,0.08733022662456863,0.47467105263157894,512.0,0.0032313100245750788,1.3346620524307027,2.6283316600836737,0.9547368421052631,1.0
speed_budget,channel.speed_kmh|feedback.budget_frac,40,1.0,1008,full_feedback,1.7088901354805295,0.21361126693506619,0.04513743718639372,0.4223026315789474,1024.0,0.0016688380229302046,1.2802026495326142,2.5512280460204972,0.9542105263157895,1.0
speed_budget,channel.speed_kmh|feedback.budget_frac,40,1.0,1009,Exact,1.7989756346693944,0.2248719543336743,0.017787568671932253,0.31532894736842104,128.16842105263157,0.014036028687055887,1.1879617630558266,2.479639140273556,0.9034210526315789,0.31532894736842104
speed_budget,channel.speed_kmh|feedback.budget_frac,40,1.0,1009,Optimised,1.7704897635269428,0.22131122044086785,0.044188468288761995,0.4063157894736842,1024.0,0.00172899390969428,1.216447634198278,2.5296195668802,0.9044736842105263,1.0
speed_budget,channel.speed_kmh|feedback.budget_frac,40,1.0,1009,Proposed,1.7704897635269428,0.22131122044086785,0.044188468288761995,0.4063157894736842,1024.0,0.00172899390969428,1.216447634198278,2.5296195668802,0.9044736842105263,1.0
speed_budget,channel.speed_kmh|feedback.budget_frac,40,1.0,1009,Baseline,1.7170235366616864,0.2146279420827108,0.0844829335998058,0.45651315789473684,512.0,0.0033535615950423562,1.269913861063534,2.629494797616206,0.9060526315789473,1.0
speed_budget,channel.speed_kmh|feedback.budget_frac,40,1.0,1009,full_feedback,1.7704897635269428,0.22131122044086785,0.044188468288761995,0.4063157894736842,1024.0,0.00172899390969428,1.216447634198278,2.5296195668802,0.9044736842105263,1.0
speed_budget,channel.speed_kmh|feedback.budget_frac,60,0.05,1000,Exact,1.4634886028028622,0.18293607535035777,0.3011576453307819,0.12407894736842105,31.76421052631579,0.046073507842746525,1.524046514007233,2.9426370657121206,0.965,0.12407894736842105
speed_budget,channel.speed_kmh|feedback.budget_frac,60,0.05,1000,Optimised,0.8275339479165548,0.10344174348956935,0.6137118567850592,0.08532894736842105,32.0,0.025860435872392337,2.16000116889354,3.86251617354915,0.9971052631578947,0.125
speed_budget,channel.speed_kmh|feedback.budget_frac,60,0.05,1000,Proposed,0.8353573575084378,0.10441966968855472,0.5846198310330742,0.08651315789473685,32.0,0.02610491742213868,2.1521777593016576,3.915796310849056,0.9939473684210526,0.125
speed_budget,channel.speed_kmh|feedback.budget_frac,60,0.05,1000,Baseline,0.5214713536849885,0.06518391921062357,0.7376850667350489,0.0,0.0,,2.466063763125107,4.182554505998924,0.9968421052631579,0.0
speed_budget,channel.speed_kmh|feedback.budget_frac,60,0.05,1000,full_feedback,1.7261435482007428,0.21576794352509285,0.043283928434686716,0.5239473684210526,1024.0,0.0016856870587897879,1.2613915686093526,2.524693938375502,0.9571052631578948,1.0
speed_budget,channel.speed_kmh|feedback.budget_frac,60,0.05,1001,Exact,1.3777993000346487,0.17222491250433108,0.3354198577470086,0.12447368421052632,31.865263157894738,0.043238284058962614,1.6105628240025889,3.0826369591142764,0.9731578947368421,0.12447368421052632
speed_budget,channel.speed_kmh|feedback.budget_frac,60,0.05,1001,Optimised,0.6397655999713796,0.07997069999642245,0.6554388149775261,0.08644736842105263,32.0,0.019992674999105613,2.3485965240658584,4.128979573275986,0.995,0.125
speed_budget,channel.speed_kmh|feedback.budget_frac,60,0.05,1001,Proposed,0.6900840626363003,0.08626050782953754,0.6369181934378304,0.08980263157894737,32.0,0.021565126957384384,2.298278061400938,4.1325661255560755,0.9926315789473684,0.125
speed_budget,channel.speed_kmh|feedback.budget_frac,60,0.05,1001,Baseline,0.3879543386670706,0.04849429233338382,0.7435329345911164,0.0,0.0,,2.6004077853701673,4.522368469975025,0.9907894736842106,0.0
speed_budget,channel.speed_kmh|feedback.budget_frac,60,0.05,1001,full_feedback,1.688814688427245,0.21110183605340563,0.04648796423935151,0.54625,1024.0,0.0016492330941672315,1.2995474356099928,2.627875225490303,0.9639473684210527,1.0
speed_budget,channel.speed_kmh|feedback.budget_frac,60,0.05,1002,Exact,1.4376156429551266,0.17970195536939082,0.30501337763986164,0.12407894736842105,31.76421052631579,0.04525897603417849,1.5633907441758694,3.118706058367099,0.9710526315789474,0.12407894736842105
speed_budget,channel.speed_kmh|feedback.budget_frac,60,0.05,1002,Optimised,0.7278272199179671,0.09097840248974588,0.6274561011851151,0.08348684210526315,32.0,0.02274460062243647,2.273179167213029,4.150110807521231,0.9973684210526316,0.125
speed_budget,channel.speed_kmh|feedback.budget_frac,60,0.05,1002,Proposed,0.7200204297318116,0.09000255371647645,0.6136808088817123,0.0875,32.0,0.02250063842911911,2.280985957399184,4.26197366017773,0.993421052631579,0.125
speed_budget,channel.speed_kmh|feedback.budget_frac,60,0.05,1002,Baseline,0.3729038968158638,0.04661298710198297,0.7622468742390557,0.0,0.0,,2.628102490315132,4.640031045497297,0.998421052631579,0.0
speed_budget,channel.speed_kmh|feedback.budget_frac,60,0.05,1002,full_feedback,1.7198570761727383,0.2149821345215923,0.04540956120435191,0.54375,1024.0,0.0016795479259499398,1.281149310958258,2.714112787818107,0.9618421052631579,1.0
speed_budget,channel.speed_kmh|feedback.budget_frac,60,0.05,1003,Exact,1.526733686880166,0.19084171086002075,0.27214476136360227,0.12381578947368421,31.69684210526316,0.048166744239378244,1.5332987429065623,2.9538404276968655,0.9815789473684211,0.12381578947368421
speed_budget,channel.speed_kmh|feedback.budget_frac,60,0.05,1003,Optimised,0.9456310058329682,0.11820387572912103,0.5455189085506577,0.08046052631578947,32.0,0.029550968932280257,2.11440142395376,3.7984639031164087,0.995,0.125
speed_budget,channel.speed_kmh|feedback.budget_frac,60,0.05,1003,Proposed,0.8175034717971972,0.10218793397464965,0.5695836301659277,0.08197368421052631,32.0,0.025546983493662412,2.242528957989531,4.0671610199683865,0.9947368421052631,0.125
speed_budget,channel.speed_kmh|feedback.budget_frac,60,0.05,1003,Baseline,0.8510561950374801,0.10638202437968501,0.567692243534149,0.0,0.0,,2.208976234749249,3.888202498593898,0.9963157894736843,0.0
speed_budget,channel.speed_kmh|feedback.budget_frac,60,0.05,1003,full_feedback,1.7616252386496976,0.2202031548312122,0.043486780288165806,0.5004605263157895,1024.0,0.0017203371471188453,1.298407191137031,2.6098148286818232,0.975,1.0
speed_budget,channel.speed_kmh|feedback.budget_frac,60,0.05,1004,Exact,1.470349285341819,0.18379366066772737,0.30526308452104195,0.1244078947368421,31.84842105263158,0.046167101436896084,1.5748923050053698,3.001854554670848,0.9763157894736842,0.1244078947368421
speed_budget,channel.speed_kmh|feedback.budget_frac,60,0.05,1004,Optimised,0.8083937174301772,0.10104921467877215,0.588166847431974,0.08467105263157895,32.0,0.025262303669693037,2.236847872917011,4.020437728150482,0.9897368421052631,0.125
speed_budget,channel.speed_kmh|feedback.budget_frac,60,0.05,1004,Proposed,0.7744435932727141,0.09680544915908926,0.5880710897182572,0.08605263157894737,32.0,0.024201362289772314,2.2707979970744745,4.0683707150524615,0.9905263157894737,0.125
speed_budget,channel.speed_kmh|feedback.budget_frac,60,0.05,1004,Baseline,0.5865023630011927,0.07331279537514909,0.7393367850729189,0.0,0.0,,2.458739227345996,4.322451967336198,0.9992105263157894,0.0
speed_budget,channel.speed_kmh|feedback.budget_frac,60,0.05,1004,full_feedback,1.755585206653517,0.21944815083168961,0.043400776317533155,0.5342763157894737,1024.0,0.0017144386783725751,1.2896563836936719,2.572042439137391,0.9721052631578947,1.0
speed_budget,channel.speed_kmh|feedback.budget_frac,60,0.05,1005,Exact,1.3700952844335974,0.17126191055419968,0.3287762808869544,0.12453947368421053,31.882105263157897,0.04297380217287102,1.582613432741547,3.075033218440326,0.9792105263157894,0.12453947368421053
speed_budget,channel.speed_kmh|feedback.budget_frac,60,0.05,1005,Optimised,0.6382158280670331,0.07977697850837914,0.6581585004098702,0.09092105263157894,32.0,0.019944244627094786,2.3144928891081116,4.152532438311213,0.9947368421052631,0.125
speed_budget,channel.speed_kmh|feedback.budget_frac,60,0.05,1005,Proposed,0.5665790821448655,0.07082238526810819,0.6823282135426505,0.08769736842105263,32.0,0.017705596317027048,2.386129635030279,4.2186664313026965,0.9944736842105263,0.125
speed_budget,channel.speed_kmh|feedback.budget_frac,60,0.05,1005,Baseline,0.542891547740906,0.06786144346761325,0.7726052937469802,0.0,0.0,,2.409817169434239,4.2501499695261336,1.0,0.0
speed_budget,channel.speed_kmh|feedback.budget_frac,60,0.05,1005,full_feedback,1.6548335065692101,0.20685418832115127,0.046874770383311344,0.545921052631579,1024.0,0.0016160483462589943,1.2978752106059346,2.6872599370175894,0.9731578947368421,1.0
speed_budget,channel.speed_kmh|feedback.budget_frac,60,0.05,1006,Exact,1.4731995887484015,0.1841499485935502,0.2871622590435599,0.12414473684210527,31.781052631578948,0.046354650546866105,1.5137081236761185,2.9874878414315504,0.9439473684210526,0.12414473684210527
speed_budget,channel.speed_kmh|feedback.budget_frac,60,0.05,1006,Optimised,0.8133770672536452,0.10167213340670565,0.5771528414325684,0.08480263157894737,32.0,0.025418033351676413,2.1735306451708745,3.9165425662045146,0.9913157894736843,0.125
speed_budget,channel.speed_kmh|feedback.budget_frac,60,0.05,1006,Proposed,0.7103674421364639,0.08879593026705798,0.6132667664336398,0.08578947368421053,32.0,0.022198982566764495,2.276540270288056,4.014802355065987,0.9815789473684211,0.125
speed_budget,channel.speed_kmh|feedback.budget_frac,60,0.05,1006,Baseline,0.6658558752332161,0.08323198440415201,0.6197772387296623,0.0,0.0,,2.3210518371913045,4.223462237506921,0.968421052631579,0.0
speed_budget,channel.speed_kmh|feedback.budget_frac,60,0.05,1006,full_feedback,1.733842827835559,0.2167303534794449,0.04338629178476433,0.517828947368421,1024.0,0.0016932058865581632,1.2530648845889611,2.5984935154797957,0.9355263157894737,1.0
speed_budget,channel.speed_kmh|feedback.budget_frac,60,0.05,1007,Exact,1.369042988103912,0.171130373512989,0.3200491599789226,0.12388157894736843,31.713684210526317,0.043168840902108215,1.5323418481736684,3.089150221673462,0.9742105263157895,0.12388157894736843
speed_budget,channel.speed_kmh|feedback.budget_frac,60,0.05,1007,Optimised,0.7548202033114725,0.09435252541393406,0.6260929069251024,0.08763157894736842,32.0,0.023588131353483515,2.1465646329661077,4.045340728021994,0.9986842105263158,0.125
speed_budget,channel.speed_kmh|feedback.budget_frac,60,0.05,1007,Proposed,0.7372451529891302,0.09215564412364127,0.5873560721691445,0.08901315789473684,32.0,0.023038911030910318,2.1641396832884503,4.087480090174226,0.9881578947368421,0.125
speed_budget,channel.speed_kmh|feedback.budget_frac,60,0.05,1007,Baseline,0.4090152458341634,0.05112690572927042,0.7417139041801887,0.0,0.0,,2.492369590443417,4.495188362984817,0.9868421052631579,0.0
speed_budget,channel.speed_kmh|feedback.budget_frac,60,0.05,1007,full_feedback,1.647444196317676,0.2059305245397095,0.04766757603642076,0.5548684210526316,1024.0,0.0016088322229664805,1.253940639959904,2.687327437692287,0.9642105263157895,1.0
speed_budget,channel.speed_kmh|feedback.budget_frac,60,0.05,1008,Exact,1.4118449695201094,0.17648062119001368,0.31652889758700536,0.12421052631578948,31.797894736842107,0.04440058001337738,1.5772478154930336,3.003962167278467,0.9694736842105263,0.12421052631578948
speed_budget,channel.speed_kmh|feedback.budget_frac,60,0.05,1008,Optimised,0.7354499680684554,0.09193124600855693,0.6399661891737034,0.08809210526315789,32.0,0.022982811502139232,2.2536428169446876,4.036889431754167,0.9952631578947368,0.125
speed_budget,channel.speed_kmh|feedback.budget_frac,60,0.05,1008,Proposed,0.6271358065490447,0.07839197581863058,0.6735738972060743,0.0886842105263158,32.0,0.019597993954657646,2.361956978464099,4.227302666096041,0.993421052631579,0.125
speed_budget,channel.speed_kmh|feedback.budget_frac,60,0.05,1008,Baseline,0.45189248100011187,0.05648656012501398,0.7818436891219411,0.0,0.0,,2.537200304013031,4.350016495793757,0.993421052631579,0.0
speed_budget,channel.speed_kmh|feedback.budget_frac,60,0.05,1008,full_feedback,1.6973913742568767,0.2121739217821096,0.044799501773338635,0.5411184210526315,1024.0,0.0016576087639227311,1.2917014107562665,2.5914639178398517,0.963421052631579,1.0
speed_budget,channel.speed_kmh|feedback.budget_frac,60,0.05,1009,Exact,1.519424244378397,0.18992803054729962,0.27006592482719616,0.12368421052631579,31.66315789473684,0.047987135377642195,1.467513153346824,2.9461918562131193,0.9202631578947369,0.12368421052631579
speed_budget,channel.speed_kmh|feedback.budget_frac,60,0.05,1009,Optimised,0.6664311637252986,0.08330389546566233,0.6168397359182735,0.0863157894736842,32.0,0.020825973866415583,2.320506233999922,4.120549757744614,0.9536842105263158,0.125
speed_budget,channel.speed_kmh|feedback.budget_frac,60,0.05,1009,Proposed,0.7464651551982884,0.09330814439978605,0.6272006367902679,0.08756578947368421,32.0,0.023327036099946512,2.2404722425269323,3.9865630414294992,0.9618421052631579,0.125
speed_budget,channel.speed_kmh|feedback.budget_frac,60,0.05,1009,Baseline,0.46854707895129655,0.05856838486891207,0.6793226818884897,0.0,0.0,,2.5183903187739243,4.320031765217618,0.9228947368421052,0.0
speed_budget,channel.speed_kmh|feedback.budget_frac,60,0.05,1009,full_feedback,1.780065503356884,0.2225081879196105,0.043835967183225945,0.5129605263157895,1024.0,0.001738345218121957,1.2068718943683368,2.5530062950309125,0.9110526315789473,1.0
speed_budget,channel.speed_kmh|feedback.budget_frac,60,0.1,1000,Exact,1.684645287410976,0.210580660926372,0.11528567117785363,0.3046052631578947,86.98947368421052,0.019366082079385616,1.3028898293991191,2.580460980172556,0.9592105263157895,0.3046052631578947
speed_budget,channel.speed_kmh|feedback.budget_frac,60,0.1,1000,Optimised,0.917931403911497,0.11474142548893712,0.5461374271448749,0.16480263157894737,96.0,0.009561785457411426,2.0696037128985987,3.832631483674199,0.99,0.2536184210526316
speed_budget,channel.speed_kmh|feedback.budget_frac,60,0.1,1000,Proposed,0.9987105692359655,0.12483882115449568,0.4912229801833512,0.16171052631578947,96.0,0.010403235096207974,1.9888245475741297,3.6683243990395247,0.9892105263157894,0.2542105263157895
speed_budget,channel.speed_kmh|feedback.budget_frac,60,0.1,1000,Baseline,0.9844324931060885,0.12305406163826106,0.5258076676999364,0.08375,64.0,0.015381757704782633,2.0031026237040064,3.6545251663333453,0.9968421052631579,0.125
speed_budget,channel.speed_kmh|feedback.budget_frac,60,0.1,1000,full_feedback,1.7261435482007428,0.21576794352509285,0.043283928434686716,0.5239473684210526,1024.0,0.0016856870587897879,1.2613915686093526,2.524693938375502,0.9571052631578948,1.0
speed_budget,channel.speed_kmh|feedback.budget_frac,60,0.1,1001,Exact,1.6306776690426,0.203834708630325,0.1348939223093003,0.3113815789473684,89.02736842105263,0.01831658845997056,1.3576844549946376,2.6730762356155795,0.9663157894736842,0.3113815789473684
speed_budget,channel.speed_kmh|feedback.budget_frac,60,0.1,1001,Optimised,0.7731469629540153,0.09664337036925191,0.6014764910032402,0.1675,96.0,0.008053614197437659,2.2152151610832225,3.961706245189166,0.9942105263157894,0.2530921052631579
speed_budget,channel.speed_kmh|feedback.budget_frac,60,0.1,1001,Proposed,0.8578501923213009,0.10723127404016261,0.5656269827214345,0.16572368421052633,96.0,0.008935939503346884,2.130511931715937,3.832104523468613,0.9947368421052631,0.255
speed_budget,channel.speed_kmh|feedback.budget_frac,60,0.1,1001,Baseline,0.9894569836384833,0.12368212295481042,0.49666300998098317,0.08953947368421053,64.0,0.015460265369351302,1.9989051403987546,3.715473224386467,0.9907894736842106,0.125
speed_budget,channel.speed_kmh|feedback.budget_frac,60,0.1,1001,full_feedback,1.688814688427245,0.21110183605340563,0.04648796423935151,0.54625,1024.0,0.0016492330941672315,1.2995474356099928,2.627875225490303,0.9639473684210527,1.0
speed_budget,channel.speed_kmh|feedback.budget_frac,60,0.1,1002,Exact,1.6688518104719448,0.2086064763089931,0.1283246154164059,0.3086184210526316,88.84210526315789,0.018784469430667625,1.3321545766590512,2.7628184201368113,0.9631578947368421,0.3086184210526316
speed_budget,channel.speed_kmh|feedback.budget_frac,60,0.1,1002,Optimised,0.842535550358493,0.10531694379481163,0.5600160403894869,0.16,96.0,0.008776411982900969,2.158470836772503,4.026180878244723,0.9944736842105263,0.2556578947368421
speed_budget,channel.speed_kmh|feedback.budget_frac,60,0.1,1002,Proposed,0.8400951452873905,0.10501189316092381,0.5424695680817914,0.15875,96.0,0.008750991096743651,2.160911241843605,3.9644926520249273,0.9807894736842105,0.25282894736842104
speed_budget,channel.speed_kmh|feedback.budget_frac,60,0.1,1002,Baseline,1.0124937926278716,0.12656172407848396,0.5150660997137007,0.0868421052631579,64.0,0.015820215509810494,1.9885125945031243,3.816269065331656,0.998421052631579,0.125
speed_budget,channel.speed_kmh|feedback.budget_frac,60,0.1,1002,full_feedback,1.7198570761727383,0.2149821345215923,0.04540956120435191,0.54375,1024.0,0.0016795479259499398,1.281149310958258,2.714112787818107,0.9618421052631579,1.0
speed_budget,channel.speed_kmh|feedback.budget_frac,60,0.1,1003,Exact,1.728872217660886,0.21610902720761074,0.10365253986769439,0.29927631578947367,86.01263157894736,0.02010021302596732,1.3311602121258428,2.648315408098522,0.9755263157894737,0.29927631578947367
speed_budget,channel.speed_kmh|feedback.budget_frac,60,0.1,1003,Optimised,1.0267216152043608,0.1283402019005451,0.5035256455810276,0.15302631578947368,96.0,0.010695016825045424,2.033310814582368,3.6569797873112995,0.9947368421052631,0.25296052631578947
speed_budget,channel.speed_kmh|feedback.budget_frac,60,0.1,1003,Proposed,1.1158550847020943,0.13948188558776178,0.46322248506887514,0.15355263157894736,96.0,0.011623490465646815,1.9441773450846342,3.6293456937911786,0.9907894736842106,0.2538157894736842
speed_budget,channel.speed_kmh|feedback.budget_frac,60,0.1,1003,Baseline,1.1663762838485605,0.14579703548107006,0.439215977020747,0.07723684210526316,64.0,0.018224629435133758,1.8936561459381678,3.553914190709087,0.9963157894736843,0.125
speed_budget,channel.speed_kmh|feedback.budget_frac,60,0.1,1003,full_feedback,1.7616252386496976,0.2202031548312122,0.043486780288165806,0.5004605263157895,1024.0,0.0017203371471188453,1.298407191137031,2.6098148286818232,0.975,1.0
speed_budget,channel.speed_kmh|feedback.budget_frac,60,0.1,1004,Exact,1.7036562385170941,0.21295702981463677,0.12815237245524086,0.31026315789473685,89.21263157894737,0.019096580925420516,1.3415853518300946,2.6291576984605207,0.973421052631579,0.31026315789473685
speed_budget,channel.speed_kmh|feedback.budget_frac,60,0.1,1004,Optimised,0.7448448745105136,0.0931056093138142,0.5962016099641053,0.16046052631578947,96.0,0.007758800776151184,2.3003967158366754,4.065227912872327,0.9876315789473684,0.25217105263157896
speed_budget,channel.speed_kmh|feedback.budget_frac,60,0.1,1004,Proposed,0.8402777452128101,0.10503471815160126,0.550370133782012,0.1594078947368421,96.0,0.008752893179300105,2.2049638451343783,3.9790944264380887,0.9910526315789474,0.25355263157894736
speed_budget,channel.speed_kmh|feedback.budget_frac,60,0.1,1004,Baseline,0.9840054002631933,0.12300067503289916,0.5521677921886972,0.08848684210526316,64.0,0.015375084379112395,2.0612361900839957,3.749919217398374,0.9992105263157894,0.125
speed_budget,channel.speed_kmh|feedback.budget_frac,60,0.1,1004,full_feedback,1.755585206653517,0.21944815083168961,0.043400776317533155,0.5342763157894737,1024.0,0.0017144386783725751,1.2896563836936719,2.572042439137391,0.9721052631578947,1.0
speed_budget,channel.speed_kmh|feedback.budget_frac,60,0.1,1005,Exact,1.6052257098727343,0.20065321373409178,0.1356648292295648,0.30967105263157896,89.09473684210526,0.01801706550542412,1.34748300730241,2.748463381455276,0.9742105263157895,0.30967105263157896
speed_budget,channel.speed_kmh|feedback.budget_frac,60,0.1,1005,Optimised,0.9618361758406476,0.12022952198008095,0.5222412049383672,0.16671052631578948,96.0,0.010019126831673412,1.990872541334497,3.7499132480778146,0.9952631578947368,0.25342105263157894
speed_budget,channel.speed_kmh|feedback.budget_frac,60,0.1,1005,Proposed,1.0638489671634803,0.13298112089543504,0.49814571245057754,0.16526315789473683,96.0,0.011081760074619586,1.888859750011664,3.6038608112928667,0.9973684210526316,0.2536184210526316
speed_budget,channel.speed_kmh|feedback.budget_frac,60,0.1,1005,Baseline,0.9138029151348254,0.11422536439185317,0.5691978948812594,0.08796052631578948,64.0,0.014278170548981646,2.0389058020403192,3.7230829616957655,1.0,0.125
speed_budget,channel.speed_kmh|feedback.budget_frac,60,0.1,1005,full_feedback,1.6548335065692101,0.20685418832115127,0.046874770383311344,0.545921052631579,1024.0,0.0016160483462589943,1.2978752106059346,2.6872599370175894,0.9731578947368421,1.0
speed_budget,channel.speed_kmh|feedback.budget_frac,60,0.1,1006,Exact,1.692760166035408,0.211595020754426,0.11290739452436198,0.30197368421052634,86.72,0.019519835862954426,1.2941475463891121,2.658663839208066,0.9368421052631579,0.30197368421052634
speed_budget,channel.speed_kmh|feedback.budget_frac,60,0.1,1006,Optimised,0.8613931592704179,0.10767414490880224,0.5593320596610543,0.16046052631578947,96.0,0.008972845409066853,2.1255145531541024,3.8956282874693837,0.9944736842105263,0.2519736842105263
speed_budget,channel.speed_kmh|feedback.budget_frac,60,0.1,1006,Proposed,0.9634293589160239,0.12042866986450299,0.4854309456966378,0.1594078947368421,96.0,0.010035722488708583,2.023478353508496,3.7752098921495008,0.9802631578947368,0.2531578947368421
speed_budget,channel.speed_kmh|feedback.budget_frac,60,0.1,1006,Baseline,1.1172864519861057,0.1396608064982632,0.416038706426014,0.08605263157894737,64.0,0.0174576008122829,1.8696212604384144,3.5213074363204506,0.968421052631579,0.125
speed_budget,channel.speed_kmh|feedback.budget_frac,60,0.1,1006,full_feedback,1.733842827835559,0.2167303534794449,0.04338629178476433,0.517828947368421,1024.0,0.0016932058865581632,1.2530648845889611,2.5984935154797957,0.9355263157894737,1.0
speed_budget,channel.speed_kmh|feedback.budget_frac,60,0.1,1007,Exact,1.5920241978334846,0.19900302472918557,0.13839748776079283,0.31296052631578947,89.66736842105263,0.017754777751007353,1.3093606384440957,2.77880836724186,0.9663157894736842,0.31296052631578947
speed_budget,channel.speed_kmh|feedback.budget_frac,60,0.1,1007,Optimised,0.8831042532756543,0.11038803165945679,0.5607886964678671,0.16901315789473684,96.0,0.009199002638288066,2.0182805830019257,3.7748786672259085,0.9926315789473684,0.25394736842105264
speed_budget,channel.speed_kmh|feedback.budget_frac,60,0.1,1007,Proposed,0.8825093152497527,0.11031366440621909,0.5288766259280022,0.1701315789473684,96.0,0.009192805367184925,2.0188755210278275,3.864322151453281,0.9926315789473684,0.2544736842105263
speed_budget,channel.speed_kmh|feedback.budget_frac,60,0.1,1007,Baseline,0.9730929316382019,0.12163661645477523,0.46766300287867735,0.09105263157894737,64.0,0.015204577056846904,1.9282919046393785,3.6578404507437687,0.9868421052631579,0.125
speed_budget,channel.speed_kmh|feedback.budget_frac,60,0.1,1007,full_feedback,1.647444196317676,0.2059305245397095,0.04766757603642076,0.5548684210526316,1024.0,0.0016088322229664805,1.253940639959904,2.687327437692287,0.9642105263157895,1.0
speed_budget,channel.speed_kmh|feedback.budget_frac,60,0.1,1008,Exact,1.6529538442717058,0.20661923053396322,0.1286625171309538,0.3117763157894737,89.07789473684211,0.018556274249126967,1.3361389407414372,2.6513445482494475,0.9642105263157895,0.3117763157894737
speed_budget,channel.speed_kmh|feedback.budget_frac,60,0.1,1008,Optimised,0.8376794228692083,0.10470992785865103,0.5575934468713756,0.1643421052631579,96.0,0.008725827321554252,2.1514133621439346,3.9639810390502177,0.9910526315789474,0.2536842105263158
speed_budget,channel.speed_kmh|feedback.budget_frac,60,0.1,1008,Proposed,0.985144140937896,0.123143017617237,0.5030039586592138,0.16901315789473684,96.0,0.010261918134769751,2.003948644075247,3.7163702923811024,0.9876315789473684,0.25467105263157896
speed_budget,channel.speed_kmh|feedback.budget_frac,60,0.1,1008,Baseline,0.992938314987893,0.12411728937348662,0.5291651126821824,0.08881578947368421,64.0,0.015514661171685828,1.9961544700252498,3.631230887929423,0.993421052631579,0.125
speed_budget,channel.speed_kmh|feedback.budget_frac,60,0.1,1008,full_feedback,1.6973913742568767,0.2121739217821096,0.044799501773338635,0.5411184210526315,1024.0,0.0016576087639227311,1.2917014107562665,2.5914639178398517,0.963421052631579,1.0
speed_budget,channel.speed_kmh|feedback.budget_frac,60,0.1,1009,Exact,1.7345185674513495,0.21681482093141868,0.11124782594930538,0.2974342105263158,85.86105263157894,0.02020145938454764,1.2524188302738712,2.6314255589864226,0.915,0.2974342105263158
speed_budget,channel.speed_kmh|feedback.budget_frac,60,0.1,1009,Optimised,0.9685488785524535,0.12106860981905669,0.5430731188913757,0.16282894736842105,96.0,0.010089050818254725,2.0183885191727673,3.6729951197108823,0.9928947368421053,0.25434210526315787
speed_budget,channel.speed_kmh|feedback.budget_frac,60,0.1,1009,Proposed,1.0059528867542662,0.12574411084428327,0.5301742838785601,0.16282894736842105,96.0,0.010478675903690273,1.9809845109709545,3.6575819041313777,0.9831578947368421,0.2544736842105263
speed_budget,channel.speed_kmh|feedback.budget_frac,60,0.1,1009,Baseline,1.132454238738267,0.14155677984228338,0.4003043509574665,0.08638157894736842,64.0,0.017694597480285422,1.8544831589869541,3.5092256110047035,0.9228947368421052,0.125
speed_budget,channel.speed_kmh|feedback.budget_frac,60,0.1,1009,full_feedback,1.780065503356884,0.2225081879196105,0.043835967183225945,0.5129605263157895,1024.0,0.001738345218121957,1.2068718943683368,2.5530062950309125,0.9110526315789473,1.0
speed_budget,channel.speed_kmh|feedback.budget_frac,60,0.2,1000,Exact,1.738323622751067,0.21729045284388337,0.04397987909413602,0.40519736842105264,142.01263157894738,0.01224062679089713,1.2492114940590282,2.4952492773503554,0.9571052631578948,0.40519736842105264
speed_budget,channel.speed_kmh|feedback.budget_frac,60,0.2,1000,Optimised,1.1855717605649085,0.14819647007061357,0.42168417772643196,0.19697368421052633,192.0,0.006174852919608898,1.8019633562451867,3.430862388783595,0.9871052631578947,0.335
speed_budget,channel.speed_kmh|feedback.budget_frac,60,0.2,1000,Proposed,1.0452154712464459,0.13065193390580573,0.47926355448263025,0.19407894736842105,192.0,0.0054438305794085725,1.9423196455636496,3.5607683388677605,0.983421052631579,0.3318421052631579
speed_budget,channel.speed_kmh|feedback.budget_frac,60,0.2,1000,Baseline,1.36936836333393,0.17117104541674125,0.2638790079796144,0.22138157894736843,170.6442105263158,0.008024698635309128,1.6181667534761652,3.1253895844542257,0.9657894736842105,0.3332894736842105
speed_budget,channel.speed_kmh|feedback.budget_frac,60,0.2,1000,full_feedback,1.7261435482007428,0.21576794352509285,0.043283928434686716,0.5239473684210526,1024.0,0.0016856870587897879,1.2613915686093526,2.524693938375502,0.9571052631578948,1.0
speed_budget,channel.speed_kmh|feedback.budget_frac,60,0.2,1001,Exact,1.699725238811146,0.21246565485139324,0.055502110353839965,0.41986842105263156,149.7263157894737,0.011352214404320786,1.2886368852260919,2.577703510075421,0.9642105263157895,0.41986842105263156
speed_budget,channel.speed_kmh|feedback.budget_frac,60,0.2,1001,Optimised,0.9307023425059257,0.1163377928132407,0.525312334994072,0.1992763157894737,192.0,0.004847408033885029,2.0576597815313122,3.745578178554598,0.9942105263157894,0.32723684210526316
speed_budget,channel.speed_kmh|feedback.budget_frac,60,0.2,1001,Proposed,1.0375743655718341,0.12969679569647927,0.4768539878953912,0.21203947368421053,192.0,0.0054040331540199694,1.9507877584654036,3.6531248923434214,0.9923684210526316,0.3438815789473684
speed_budget,channel.speed_kmh|feedback.budget_frac,60,0.2,1001,Baseline,1.28495110334899,0.16061888791862375,0.27912812532586834,0.23039473684210526,170.6442105263158,0.007530001160811911,1.7034110206882478,3.4005051727819966,0.9755263157894737,0.3332894736842105
speed_budget,channel.speed_kmh|feedback.budget_frac,60,0.2,1001,full_feedback,1.688814688427245,0.21110183605340563,0.04648796423935151,0.54625,1024.0,0.0016492330941672315,1.2995474356099928,2.627875225490303,0.9639473684210527,1.0
speed_budget,channel.speed_kmh|feedback.budget_frac,60,0.2,1002,Exact,1.7319372156947148,0.21649215196183935,0.0496529902646764,0.42026315789473684,146.96421052631578,0.011784755005944728,1.2690691714362807,2.6582455643490928,0.9615789473684211,0.42026315789473684
speed_budget,channel.speed_kmh|feedback.budget_frac,60,0.2,1002,Optimised,0.9446514238221662,0.11808142797777077,0.5310690911743229,0.19467105263157894,192.0,0.004920059499073782,2.05635496330883,3.8852077675234886,0.9939473684210526,0.33157894736842103
speed_budget,channel.speed_kmh|feedback.budget_frac,60,0.2,1002,Proposed,0.9690122384990567,0.12112652981238209,0.4822197918274682,0.20026315789473684,192.0,0.005046938742182587,2.0319941486319393,3.840451737120929,0.9831578947368421,0.3392763157894737
speed_budget,channel.speed_kmh|feedback.budget_frac,60,0.2,1002,Baseline,1.3248448911108128,0.1656056113888516,0.2755667193996451,0.2218421052631579,170.6442105263158,0.007763784584455637,1.6761614960201834,3.3880445558766246,0.9731578947368421,0.3332894736842105
speed_budget,channel.speed_kmh|feedback.budget_frac,60,0.2,1002,full_feedback,1.7198570761727383,0.2149821345215923,0.04540956120435191,0.54375,1024.0,0.0016795479259499398,1.281149310958258,2.714112787818107,0.9618421052631579,1.0
speed_budget,channel.speed_kmh|feedback.budget_frac,60,0.2,1003,Exact,1.7752352238243192,0.2219044029780399,0.04215968557177034,0.39092105263157895,135.86526315789473,0.013066144962758021,1.2847972059624098,2.5687593139166203,0.975,0.39092105263157895
speed_budget,channel.speed_kmh|feedback.budget_frac,60,0.2,1003,Optimised,1.134136587428752,0.141767073428594,0.45349904941924707,0.18585526315789475,192.0,0.0059069613928580825,1.9258958423579766,3.621528245439407,0.9923684210526316,0.3294736842105263
speed_budget,channel.speed_kmh|feedback.budget_frac,60,0.2,1003,Proposed,1.17043794127943,0.14630474265992874,0.42890506586208055,0.18085526315789474,192.0,0.006096030944163697,1.8895944885072984,3.4889977810966655,0.9944736842105263,0.33013157894736844
speed_budget,channel.speed_kmh|feedback.budget_frac,60,0.2,1003,Baseline,1.416210884653606,0.17702636058170074,0.25280218249469144,0.20993421052631578,170.6442105263158,0.008299202652616251,1.6438215451331224,3.1734065018440347,0.9815789473684211,0.3332894736842105
speed_budget,channel.speed_kmh|feedback.budget_frac,60,0.2,1003,full_feedback,1.7616252386496976,0.2202031548312122,0.043486780288165806,0.5004605263157895,1024.0,0.0017203371471188453,1.298407191137031,2.6098148286818232,0.975,1.0
speed_budget,channel.speed_kmh|feedback.budget_frac,60,0.2,1004,Exact,1.7650456745781116,0.22063070932226395,0.04697453114830239,0.4206578947368421,144.37052631578948,0.012225803421380702,1.2801959157690772,2.540815696418764,0.9723684210526315,0.4206578947368421
speed_budget,channel.speed_kmh|feedback.budget_frac,60,0.2,1004,Optimised,0.896789546777201,0.11209869334715013,0.536993128770863,0.1925,192.0,0.004670778889464588,2.1484520435699874,3.7990485920837997,0.9926315789473684,0.3251973684210526
speed_budget,channel.speed_kmh|feedback.budget_frac,60,0.2,1004,Proposed,0.7438672263959489,0.09298340329949362,0.5834080771162367,0.17671052631578948,192.0,0.003874308470812234,2.30137436395124,3.992217211249326,0.9902631578947368,0.3036184210526316
speed_budget,channel.speed_kmh|feedback.budget_frac,60,0.2,1004,Baseline,1.3616805002441361,0.17021006253051701,0.272164147839554,0.22447368421052633,170.6442105263158,0.00797964663462254,1.6835610901030524,3.205989703817984,0.9771052631578947,0.3332894736842105
speed_budget,channel.speed_kmh|feedback.budget_frac,60,0.2,1004,full_feedback,1.755585206653517,0.21944815083168961,0.043400776317533155,0.5342763157894737,1024.0,0.0017144386783725751,1.2896563836936719,2.572042439137391,0.9721052631578947,1.0
speed_budget,channel.speed_kmh|feedback.budget_frac,60,0.2,1005,Exact,1.6655852300099365,0.20819815375124207,0.055106696706099946,0.42644736842105263,149.13684210526316,0.011168167479597965,1.2871234871652077,2.655019742190554,0.9731578947368421,0.42644736842105263
speed_budget,channel.speed_kmh|feedback.budget_frac,60,0.2,1005,Optimised,1.0875095318924857,0.1359386914865607,0.4726993438525135,0.2056578947368421,192.0,0.005664112145273363,1.8651991852826588,3.552599228365723,0.9952631578947368,0.3349342105263158
speed_budget,channel.speed_kmh|feedback.budget_frac,60,0.2,1005,Proposed,1.0441167843455674,0.13051459804319593,0.4909522058432762,0.21210526315789474,192.0,0.005438108251799831,1.908591932829577,3.629989231091752,0.9978947368421053,0.34480263157894736
speed_budget,channel.speed_kmh|feedback.budget_frac,60,0.2,1005,Baseline,1.278473526680492,0.1598091908350615,0.2770905135254477,0.23,170.6442105263158,0.007492041615342895,1.6742351904946526,3.241127297153605,0.9826315789473684,0.3332894736842105
speed_budget,channel.speed_kmh|feedback.budget_frac,60,0.2,1005,full_feedback,1.6548335065692101,0.20685418832115127,0.046874770383311344,0.545921052631579,1024.0,0.0016160483462589943,1.2978752106059346,2.6872599370175894,0.9731578947368421,1.0
speed_budget,channel.speed_kmh|feedback.budget_frac,60,0.2,1006,Exact,1.744735270654182,0.21809190883177276,0.04548467968853599,0.3977631578947368,140.48,0.012419812575841275,1.242172441770338,2.5718430933664638,0.9363157894736842,0.3977631578947368
speed_budget,channel.speed_kmh|feedback.budget_frac,60,0.2,1006,Optimised,1.0123738627543974,0.12654673284429968,0.46476879672697935,0.19875,192.0,0.005272780535179153,1.9745338496701228,3.5688211335196636,0.9742105263157895,0.33289473684210524
speed_budget,channel.speed_kmh|feedback.budget_frac,60,0.2,1006,Proposed,0.9736986803099316,0.12171233503874145,0.489048260270022,0.19796052631578948,192.0,0.005071347293280894,2.0132090321145886,3.664348789684093,0.98,0.33263157894736844
speed_budget,channel.speed_kmh|feedback.budget_frac,60,0.2,1006,Baseline,1.368460257783878,0.17105753222298475,0.2596617356195078,0.21552631578947368,170.6442105263158,0.008019377004137166,1.618447454640642,3.1894677116490824,0.9486842105263158,0.3332894736842105
speed_budget,channel.speed_kmh|feedback.budget_frac,60,0.2,1006,full_feedback,1.733842827835559,0.2167303534794449,0.04338629178476433,0.517828947368421,1024.0,0.0016932058865581632,1.2530648845889611,2.5984935154797957,0.9355263157894737,1.0
speed_budget,channel.speed_kmh|feedback.budget_frac,60,0.2,1007,Exact,1.6584463559508855,0.2073057944938607,0.05587316275562957,0.42532894736842103,149.6421052631579,0.011082752097308253,1.2429384803266947,2.649802239294625,0.9647368421052631,0.42532894736842103
speed_budget,channel.speed_kmh|feedback.budget_frac,60,0.2,1007,Optimised,0.9286825010218832,0.1160853126277354,0.5035848421900162,0.21223684210526317,192.0,0.004836888026155642,1.972702335255697,3.8071833429373005,0.9881578947368421,0.33539473684210525
speed_budget,channel.speed_kmh|feedback.budget_frac,60,0.2,1007,Proposed,1.0070990595781262,0.12588738244726577,0.4828094284100015,0.21638157894736842,192.0,0.005245307601969407,1.8942857766994539,3.6288162504060284,0.9942105263157894,0.34598684210526315
speed_budget,channel.speed_kmh|feedback.budget_frac,60,0.2,1007,Baseline,1.2625805998657136,0.1578225749832142,0.2859047929570272,0.23210526315789473,170.6442105263158,0.007398906742699047,1.6388042364118667,3.298544765705511,0.9715789473684211,0.3332894736842105
speed_budget,channel.speed_kmh|feedback.budget_frac,60,0.2,1007,full_feedback,1.647444196317676,0.2059305245397095,0.04766757603642076,0.5548684210526316,1024.0,0.0016088322229664805,1.253940639959904,2.687327437692287,0.9642105263157895,1.0
speed_budget,channel.speed_kmh|feedback.budget_frac,60,0.2,1008,Exact,1.7103900012337392,0.2137987501542174,0.048591983275583145,0.4223026315789474,146.7957894736842,0.011651492235343421,1.278702783779404,2.5462191952142104,0.9636842105263158,0.4223026315789474
speed_budget,channel.speed_kmh|feedback.budget_frac,60,0.2,1008,Optimised,1.0704247454725155,0.13380309318406444,0.480868750215569,0.19861842105263158,192.0,0.005575128882669352,1.9186680395406277,3.5722736866036606,0.9994736842105263,0.3228947368421053
speed_budget,channel.speed_kmh|feedback.budget_frac,60,0.2,1008,Proposed,1.0872344340023252,0.13590430425029065,0.47771689060826117,0.21171052631578946,192.0,0.00566267934376211,1.9018583510108176,3.514538903751712,0.991578947368421,0.3520394736842105
speed_budget,channel.speed_kmh|feedback.budget_frac,60,0.2,1008,Baseline,1.308037385655352,0.163504673206919,0.2764115479885104,0.2294736842105263,170.6442105263158,0.007665290147383194,1.6810553993577908,3.2491424901832375,0.9713157894736842,0.3332894736842105
speed_budget,channel.speed_kmh|feedback.budget_frac,60,0.2,1008,full_feedback,1.6973913742568767,0.2121739217821096,0.044799501773338635,0.5411184210526315,1024.0,0.0016576087639227311,1.2917014107562665,2.5914639178398517,0.963421052631579,1.0
speed_budget,channel.speed_kmh|feedback.budget_frac,60,0.2,1009,Exact,1.7901452535345757,0.22376815669182196,0.04587663675085115,0.3930921052631579,139.13263157894738,0.012866465855055733,1.1967921441906448,2.5480322606458765,0.9113157894736842,0.3930921052631579
speed_budget,channel.speed_kmh|feedback.budget_frac,60,0.2,1009,Optimised,1.2054608718637125,0.15068260898296407,0.40601344386787314,0.1994736842105263,192.0,0.006278442040956836,1.781476525861508,3.3745540096855544,0.9544736842105264,0.33513157894736845
speed_budget,channel.speed_kmh|feedback.budget_frac,60,0.2,1009,Proposed,1.1895440988013586,0.14869301235016982,0.4384085234513327,0.2044736842105263,192.0,0.006195542181257076,1.7973932989238623,3.3877415490135316,0.9810526315789474,0.34657894736842104
speed_budget,channel.speed_kmh|feedback.budget_frac,60,0.2,1009,Baseline,1.4007954077691078,0.17509942597113848,0.25842453786776337,0.2106578947368421,170.6442105263158,0.008208865706305841,1.586141989956113,3.1329235058445355,0.9244736842105263,0.3332894736842105
speed_budget,channel.speed_kmh|feedback.budget_frac,60,0.2,1009,full_feedback,1.780065503356884,0.2225081879196105,0.043835967183225945,0.5129605263157895,1024.0,0.001738345218121957,1.2068718943683368,2.5530062950309125,0.9110526315789473,1.0
speed_budget,channel.speed_kmh|feedback.budget_frac,60,0.3,1000,Exact,1.746387087018856,0.218298385877357,0.024463030151587645,0.4386184210526316,167.30947368421053,0.010438064555239036,1.2411480297912392,2.4790359654297087,0.9571052631578948,0.4386184210526316
speed_budget,channel.speed_kmh|feedback.budget_frac,60,0.3,1000,Optimised,1.324955269985678,0.16561940874820974,0.32331441644058223,0.2906578947368421,288.0,0.004600539131894715,1.6625798468244173,3.268919576741632,0.9742105263157895,0.48335526315789473
speed_budget,channel.speed_kmh|feedback.budget_frac,60,0.3,1000,Proposed,1.3497309879657764,0.16871637349572205,0.30898715099180074,0.30842105263157893,288.0,0.0046865659304367235,1.637804128844319,3.184826550229707,0.973421052631579,0.5205263157894737
speed_budget,channel.speed_kmh|feedback.budget_frac,60,0.3,1000,Baseline,1.4841601800777995,0.18552002250972494,0.19894239499521954,0.3119078947368421,256.0,0.005797500703428904,1.5033749367322957,2.9242226130029967,0.9657894736842105,0.5
speed_budget,channel.speed_kmh|feedback.budget_frac,60,0.3,1000,full_feedback,1.7261435482007428,0.21576794352509285,0.043283928434686716,0.5239473684210526,1024.0,0.0016856870587897879,1.2613915686093526,2.524693938375502,0.9571052631578948,1.0
speed_budget,channel.speed_kmh|feedback.budget_frac,60,0.3,1001,Exact,1.710493435580124,0.2138116794475155,0.030320852481470664,0.46032894736842106,179.03157894736842,0.009554143719432725,1.2778686884571138,2.5599171656166453,0.9636842105263158,0.46032894736842106
speed_budget,channel.speed_kmh|feedback.budget_frac,60,0.3,1001,Optimised,1.089699206856871,0.13621240085710887,0.39923975495520536,0.3042105263157895,288.0,0.0037836778015863572,1.898662917180367,3.573621128846941,0.9805263157894737,0.4976973684210526
speed_budget,channel.speed_kmh|feedback.budget_frac,60,0.3,1001,Proposed,1.2946345342729335,0.1618293167841167,0.326768455820756,0.32473684210526316,288.0,0.004495258799558797,1.693727589764304,3.345260263278431,0.9810526315789474,0.5267763157894737
speed_budget,channel.speed_kmh|feedback.budget_frac,60,0.3,1001,Baseline,1.4201028221567373,0.17751285276959217,0.20972015425826152,0.32848684210526313,256.0,0.005547276649049755,1.5682593018805002,3.0833894990849235,0.9721052631578947,0.5
speed_budget,channel.speed_kmh|feedback.budget_frac,60,0.3,1001,full_feedback,1.688814688427245,0.21110183605340563,0.04648796423935151,0.54625,1024.0,0.0016492330941672315,1.2995474356099928,2.627875225490303,0.9639473684210527,1.0
speed_budget,channel.speed_kmh|feedback.budget_frac,60,0.3,1002,Exact,1.7423135998350652,0.21778919997938315,0.027940851315847504,0.4568421052631579,173.9621052631579,0.01001547778005683,1.2586927872959308,2.642727763745089,0.9615789473684211,0.4568421052631579
speed_budget,channel.speed_kmh|feedback.budget_frac,60,0.3,1002,Optimised,1.2222828540727153,0.1527853567590894,0.36669156151647125,0.2950657894736842,288.0,0.004244037687752483,1.7787235330582807,3.4128751428918647,0.978421052631579,0.49967105263157896
speed_budget,channel.speed_kmh|feedback.budget_frac,60,0.3,1002,Proposed,1.2151348966803093,0.15189186208503866,0.3582495503241894,0.31342105263157893,288.0,0.0042192183912510735,1.7858714904506867,3.5191476110429876,0.9815789473684211,0.5227631578947368
speed_budget,channel.speed_kmh|feedback.budget_frac,60,0.3,1002,Baseline,1.4507635621444201,0.18134544526805252,0.20811361448782661,0.31855263157894737,256.0,0.005667045164626641,1.5502428249865758,3.1695210690286357,0.9676315789473684,0.5
speed_budget,channel.speed_kmh|feedback.budget_frac,60,0.3,1002,full_feedback,1.7198570761727383,0.2149821345215923,0.04540956120435191,0.54375,1024.0,0.0016795479259499398,1.281149310958258,2.714112787818107,0.9618421052631579,1.0
speed_budget,channel.speed_kmh|feedback.budget_frac,60,0.3,1003,Exact,1.7823061484559386,0.22278826855699232,0.024127126699981603,0.4213157894736842,158.33263157894737,0.011256720302581784,1.2777262813307901,2.555705246668899,0.9747368421052631,0.4213157894736842
speed_budget,channel.speed_kmh|feedback.budget_frac,60,0.3,1003,Optimised,1.3752768927276904,0.1719096115909613,0.322711217792105,0.2777631578947368,288.0,0.004775266988637814,1.6847555370590381,3.2005443220515515,0.9857894736842105,0.49138157894736845
speed_budget,channel.speed_kmh|feedback.budget_frac,60,0.3,1003,Proposed,1.445505604930294,0.18068820061628674,0.28045383099491566,0.2919078947368421,288.0,0.005019116683785743,1.6145268248564346,3.102669236943236,0.983421052631579,0.5199342105263158
speed_budget,channel.speed_kmh|feedback.budget_frac,60,0.3,1003,Baseline,1.527892727337659,0.19098659091720738,0.18979215345606176,0.30223684210526314,256.0,0.0059683309661627305,1.5321397024490695,3.029010821810311,0.9792105263157894,0.5
speed_budget,channel.speed_kmh|feedback.budget_frac,60,0.3,1003,full_feedback,1.7616252386496976,0.2202031548312122,0.043486780288165806,0.5004605263157895,1024.0,0.0017203371471188453,1.298407191137031,2.6098148286818232,0.975,1.0
speed_budget,channel.speed_kmh|feedback.budget_frac,60,0.3,1004,Exact,1.7740288715330912,0.2217536089416364,0.025893771372350816,0.45552631578947367,169.5663157894737,0.010462153779030323,1.2712127188140974,2.5310032016009245,0.9721052631578947,0.45552631578947367
speed_budget,channel.speed_kmh|feedback.budget_frac,60,0.3,1004,Optimised,1.1875863785374283,0.14844829731717854,0.375659580638111,0.2919078947368421,288.0,0.0041235638143660705,1.8576552118097607,3.420837298927757,0.9815789473684211,0.49335526315789474
speed_budget,channel.speed_kmh|feedback.budget_frac,60,0.3,1004,Proposed,1.266023372432222,0.15825292155402776,0.34133670683525413,0.3132894736842105,288.0,0.004395914487611882,1.7792182179149663,3.31794079578743,0.9818421052631578,0.5201973684210527
speed_budget,channel.speed_kmh|feedback.budget_frac,60,0.3,1004,Baseline,1.4949917374752266,0.18687396718440333,0.20355592393324465,0.3194078947368421,256.0,0.005839811474512604,1.5502498528719624,2.9928832508571013,0.975,0.5
speed_budget,channel.speed_kmh|feedback.budget_frac,60,0.3,1004,full_feedback,1.755585206653517,0.21944815083168961,0.043400776317533155,0.5342763157894737,1024.0,0.0017144386783725751,1.2896563836936719,2.572042439137391,0.9721052631578947,1.0
speed_budget,channel.speed_kmh|feedback.budget_frac,60,0.3,1005,Exact,1.6757492431236543,0.20946865539045678,0.029380341474849248,0.46598684210526314,176.64,0.009486805044857645,1.2769594740514902,2.643618101106486,0.9731578947368421,0.46598684210526314
speed_budget,channel.speed_kmh|feedback.budget_frac,60,0.3,1005,Optimised,1.2639584438071811,0.15799480547589764,0.3757329381636744,0.3059210526315789,288.0,0.004388744596552713,1.6887502733679631,3.2684753409427834,0.9952631578947368,0.4963815789473684
speed_budget,channel.speed_kmh|feedback.budget_frac,60,0.3,1005,Proposed,1.3229520038092866,0.16536900047616082,0.326126136741916,0.31723684210526315,288.0,0.004593583346560023,1.629756713365858,3.227494693435704,0.99,0.5167763157894737
speed_budget,channel.speed_kmh|feedback.budget_frac,60,0.3,1005,Baseline,1.392834251391503,0.17410428142393788,0.21306589218199723,0.3306578947368421,256.0,0.005440758794498059,1.5598744657836414,3.099069747291605,0.9771052631578947,0.5
speed_budget,channel.speed_kmh|feedback.budget_frac,60,0.3,1005,full_feedback,1.6548335065692101,0.20685418832115127,0.046874770383311344,0.545921052631579,1024.0,0.0016160483462589943,1.2978752106059346,2.6872599370175894,0.9731578947368421,1.0
speed_budget,channel.speed_kmh|feedback.budget_frac,60,0.3,1006,Exact,1.7541191273883263,0.2192648909235408,0.024754783424445353,0.43355263157894736,165.1705263157895,0.01062004926977484,1.232788585036194,2.5530736452472045,0.9357894736842105,0.43355263157894736
speed_budget,channel.speed_kmh|feedback.budget_frac,60,0.3,1006,Optimised,1.1355977596148692,0.14194971995185865,0.38684396941943844,0.2930263157894737,288.0,0.003943047776440518,1.8513099528096508,3.46467607814147,0.9660526315789474,0.4963815789473684
speed_budget,channel.speed_kmh|feedback.budget_frac,60,0.3,1006,Proposed,1.2579003944525737,0.15723754930657172,0.3270249460928818,0.30953947368421053,288.0,0.004367709702960325,1.7290073179719467,3.302064865618352,0.9571052631578948,0.5251973684210526
speed_budget,channel.speed_kmh|feedback.budget_frac,60,0.3,1006,Baseline,1.4892228123323634,0.18615285154154543,0.19550281333280067,0.3144078947368421,256.0,0.005817276610673295,1.4976849000921564,2.990792173562319,0.9418421052631579,0.5
speed_budget,channel.speed_kmh|feedback.budget_frac,60,0.3,1006,full_feedback,1.733842827835559,0.2167303534794449,0.04338629178476433,0.517828947368421,1024.0,0.0016932058865581632,1.2530648845889611,2.5984935154797957,0.9355263157894737,1.0
speed_budget,channel.speed_kmh|feedback.budget_frac,60,0.3,1007,Exact,1.6686334256717188,0.20857917820896485,0.03123580043927681,0.4675657894736842,180.41263157894736,0.009248983350378857,1.2327514106058612,2.63430260887278,0.9642105263157895,0.4675657894736842
speed_budget,channel.speed_kmh|feedback.budget_frac,60,0.3,1007,Optimised,1.2101834652866366,0.15127293316082957,0.35403358343243096,0.32,288.0,0.004202025921134155,1.6912013709909437,3.396226689505528,0.9847368421052631,0.5043421052631579
speed_budget,channel.speed_kmh|feedback.budget_frac,60,0.3,1007,Proposed,1.2838586766286728,0.1604823345785841,0.31498475756407024,0.3338815789473684,288.0,0.004457842627182892,1.6175261596489072,3.2832838480976614,0.9823684210526316,0.52625
speed_budget,channel.speed_kmh|feedback.budget_frac,60,0.3,1007,Baseline,1.3885343297021577,0.17356679121276972,0.21183925350119562,0.33039473684210524,256.0,0.005423962225399054,1.5128505065754225,3.1008924326111345,0.9686842105263158,0.5
speed_budget,channel.speed_kmh|feedback.budget_frac,60,0.3,1007,full_feedback,1.647444196317676,0.2059305245397095,0.04766757603642076,0.5548684210526316,1024.0,0.0016088322229664805,1.253940639959904,2.687327437692287,0.9642105263157895,1.0
speed_budget,channel.speed_kmh|feedback.budget_frac,60,0.3,1008,Exact,1.7195552823037867,0.21494441028797334,0.02705967955135483,0.4583552631578947,173.77684210526317,0.009895192371272274,1.2695375027093565,2.5389350569577416,0.963421052631579,0.4583552631578947
speed_budget,channel.speed_kmh|feedback.budget_frac,60,0.3,1008,Optimised,1.182435218520706,0.14780440231508826,0.37379113003192904,0.3046052631578947,288.0,0.004105677842085785,1.806657566492437,3.4152234075395933,0.9826315789473684,0.49703947368421053
speed_budget,channel.speed_kmh|feedback.budget_frac,60,0.3,1008,Proposed,1.3151636757433849,0.1643954594679231,0.3284892332003332,0.31592105263157894,288.0,0.004566540540775642,1.6739291092697581,3.257746657002353,0.9765789473684211,0.5236184210526316
speed_budget,channel.speed_kmh|feedback.budget_frac,60,0.3,1008,Baseline,1.4337773079879275,0.17922216349849093,0.20729926191430764,0.32125,256.0,0.005600692609327842,1.5553154770252153,3.0082167029097704,0.9689473684210527,0.5
speed_budget,channel.speed_kmh|feedback.budget_frac,60,0.3,1008,full_feedback,1.6973913742568767,0.2121739217821096,0.044799501773338635,0.5411184210526315,1024.0,0.0016576087639227311,1.2917014107562665,2.5914639178398517,0.963421052631579,1.0
speed_budget,channel.speed_kmh|feedback.budget_frac,60,0.3,1009,Exact,1.7995661321353327,0.22494576651691658,0.025659367134694234,0.43006578947368423,164.86736842105262,0.010915235375986862,1.1873712655898878,2.5321015156400937,0.9107894736842105,0.43006578947368423
speed_budget,channel.speed_kmh|feedback.budget_frac,60,0.3,1009,Optimised,1.2818017150640986,0.16022521438301232,0.3682015964060832,0.29342105263157897,288.0,0.00445070039952812,1.7051356826611224,3.2668116760056765,0.9681578947368421,0.4957894736842105
speed_budget,channel.speed_kmh|feedback.budget_frac,60,0.3,1009,Proposed,1.3756804497301363,0.17196005621626703,0.31710801529351196,0.3051315789473684,288.0,0.00477666822822964,1.6112569479950847,3.143773337112717,0.9515789473684211,0.5173026315789474
speed_budget,channel.speed_kmh|feedback.budget_frac,60,0.3,1009,Baseline,1.5107257593250338,0.18884071991562923,0.19776141803114086,0.30223684210526314,256.0,0.005901272497363413,1.4762116384001873,3.000203779827634,0.9239473684210526,0.5
speed_budget,channel.speed_kmh|feedback.budget_frac,60,0.3,1009,full_feedback,1.780065503356884,0.2225081879196105,0.043835967183225945,0.5129605263157895,1024.0,0.001738345218121957,1.2068718943683368,2.5530062950309125,0.9110526315789473,1.0
speed_budget,channel.speed_kmh|feedback.budget_frac,60,0.5,1000,Exact,1.747963847643138,0.21849548095539226,0.01965913448222388,0.4473684210526316,176.13473684210527,0.009924015438306686,1.239571269166957,2.4760486006891815,0.9571052631578948,0.4473684210526316
speed_budget,channel.speed_kmh|feedback.budget_frac,60,0.5,1000,Optimised,1.494042901346082,0.18675536266826026,0.22576624552878624,0.37125,512.0,0.0029180525416915666,1.4934922154640133,2.8863635525874836,0.9742105263157895,0.6595394736842105
speed_budget,channel.speed_kmh|feedback.budget_frac,60,0.5,1000,Proposed,1.5159716023412029,0.18949645029265036,0.21807771483388005,0.3801973684210526,512.0,0.002960882035822662,1.4715635144688923,2.884650450612559,0.9755263157894737,0.6744736842105263
speed_budget,channel.speed_kmh|feedback.budget_frac,60,0.5,1000,Baseline,1.676405127610943,0.20955064095136788,0.08346250778216381,0.5507894736842105,512.0,0.003274228764865123,1.3111299891991521,2.6333850878992084,0.9586842105263158,1.0
speed_budget,channel.speed_kmh|feedback.budget_frac,60,0.5,1000,full_feedback,1.7261435482007428,0.21576794352509285,0.043283928434686716,0.5239473684210526,1024.0,0.0016856870587897879,1.2613915686093526,2.524693938375502,0.9571052631578948,1.0
speed_budget,channel.speed_kmh|feedback.budget_frac,60,0.5,1001,Exact,1.712991783426253,0.21412397292828161,0.02302634472139119,0.4744078947368421,191.39368421052632,0.008950095665340881,1.2753703406109849,2.5568250707596243,0.9636842105263158,0.4744078947368421
speed_budget,channel.speed_kmh|feedback.budget_frac,60,0.5,1001,Optimised,1.416357222809451,0.17704465285118137,0.2513455017825246,0.39,512.0,0.002766322700799709,1.5720049012277868,3.0566653308017306,0.9802631578947368,0.6684868421052632
speed_budget,channel.speed_kmh|feedback.budget_frac,60,0.5,1001,Proposed,1.4490989894181425,0.18113737367726782,0.2348840072213126,0.39631578947368423,512.0,0.0028302714637073096,1.5392631346190953,3.015339076324609,0.9776315789473684,0.6853289473684211
speed_budget,channel.speed_kmh|feedback.budget_frac,60,0.5,1001,Baseline,1.626270141070058,0.20328376763375725,0.09206738531698849,0.5782236842105263,512.0,0.003176308869277457,1.36209198296718,2.7070218515832414,0.9655263157894737,1.0
speed_budget,channel.speed_kmh|feedback.budget_frac,60,0.5,1001,full_feedback,1.688814688427245,0.21110183605340563,0.04648796423935151,0.54625,1024.0,0.0016492330941672315,1.2995474356099928,2.627875225490303,0.9639473684210527,1.0
speed_budget,channel.speed_kmh|feedback.budget_frac,60,0.5,1002,Exact,1.7437801821384535,0.2179725227673067,0.02226943237729673,0.4675657894736842,183.57894736842104,0.009498802597657861,1.2572262049925427,2.6384942510023617,0.9615789473684211,0.4675657894736842
speed_budget,channel.speed_kmh|feedback.budget_frac,60,0.5,1002,Optimised,1.4169624289449592,0.1771203036181199,0.2570992543152013,0.3825,512.0,0.0027675047440331234,1.5840439581860368,3.2011139605644976,0.9797368421052631,0.6685526315789474
speed_budget,channel.speed_kmh|feedback.budget_frac,60,0.5,1002,Proposed,1.4993069893302475,0.18741337366628094,0.22318447073274092,0.39921052631578946,512.0,0.0029283339635356397,1.5016993978007485,3.058716944641762,0.975,0.6961842105263157
speed_budget,channel.speed_kmh|feedback.budget_frac,60,0.5,1002,Baseline,1.6665088843425229,0.20831361054281536,0.08658975936959266,0.5701315789473684,512.0,0.00325490016473149,1.334497502788473,2.7992763469046467,0.9642105263157895,1.0
speed_budget,channel.speed_kmh|feedback.budget_frac,60,0.5,1002,full_feedback,1.7198570761727383,0.2149821345215923,0.04540956120435191,0.54375,1024.0,0.0016795479259499398,1.281149310958258,2.714112787818107,0.9618421052631579,1.0
speed_budget,channel.speed_kmh|feedback.budget_frac,60,0.5,1003,Exact,1.7834988797351032,0.2229373599668879,0.019932261188813496,0.4290131578947368,165.74315789473684,0.010760618431487833,1.2765335500516253,2.5539771229351174,0.9747368421052631,0.4290131578947368
speed_budget,channel.speed_kmh|feedback.budget_frac,60,0.5,1003,Optimised,1.5697020349574173,0.19621275436967717,0.21530334295479944,0.3524342105263158,512.0,0.0030658242870262057,1.4903303948293114,2.9454460313516773,0.9797368421052631,0.6667763157894737
speed_budget,channel.speed_kmh|feedback.budget_frac,60,0.5,1003,Proposed,1.5979006721880047,0.1997375840235006,0.19818302770661045,0.36282894736842103,512.0,0.0031208997503671967,1.462131757598724,2.9020387207774507,0.9781578947368421,0.6814473684210526
speed_budget,channel.speed_kmh|feedback.budget_frac,60,0.5,1003,Baseline,1.7162272750939065,0.2145284093867383,0.08071455267704634,0.5349342105263157,512.0,0.003352006396667786,1.3438051546928222,2.7173031636345155,0.9755263157894737,1.0
speed_budget,channel.speed_kmh|feedback.budget_frac,60,0.5,1003,full_feedback,1.7616252386496976,0.2202031548312122,0.043486780288165806,0.5004605263157895,1024.0,0.0017203371471188453,1.298407191137031,2.6098148286818232,0.975,1.0
speed_budget,channel.speed_kmh|feedback.budget_frac,60,0.5,1004,Exact,1.7754682349351483,0.22193352936689353,0.02142433883716266,0.46539473684210525,177.73473684210526,0.009989427314438968,1.2697733554120403,2.527058355390394,0.9721052631578947,0.46539473684210525
speed_budget,channel.speed_kmh|feedback.budget_frac,60,0.5,1004,Optimised,1.5150460156808923,0.18938075196011153,0.27536831209315693,0.3774342105263158,512.0,0.0029590742493767427,1.5301955746662965,2.950761101942819,0.9863157894736843,0.6585526315789474
speed_budget,channel.speed_kmh|feedback.budget_frac,60,0.5,1004,Proposed,1.5174860293218486,0.18968575366523108,0.23298383453748914,0.3919736842105263,512.0,0.0029638399010192356,1.5277555610253397,2.955642193343495,0.9807894736842105,0.680921052631579
speed_budget,channel.speed_kmh|feedback.budget_frac,60,0.5,1004,Baseline,1.7010563548815385,0.2126320443601923,0.08297727131989786,0.5690131578947368,512.0,0.003322375693128005,1.34418523546565,2.653237731077162,0.9728947368421053,1.0
speed_budget,channel.speed_kmh|feedback.budget_frac,60,0.5,1004,full_feedback,1.755585206653517,0.21944815083168961,0.043400776317533155,0.5342763157894737,1024.0,0.0017144386783725751,1.2896563836936719,2.572042439137391,0.9721052631578947,1.0
speed_budget,channel.speed_kmh|feedback.budget_frac,60,0.5,1005,Exact,1.6774353993713929,0.2096794249214241,0.023209242153933003,0.47710526315789475,187.84,0.0089301288297029,1.2752733178037519,2.641627661813499,0.9731578947368421,0.47710526315789475
speed_budget,channel.speed_kmh|feedback.budget_frac,60,0.5,1005,Optimised,1.4309554047488722,0.17886942559360902,0.2814922634272119,0.3784868421052632,512.0,0.002794834774900141,1.521753312426272,3.0595731629970713,0.9923684210526316,0.6545394736842105
speed_budget,channel.speed_kmh|feedback.budget_frac,60,0.5,1005,Proposed,1.4541283844943413,0.18176604806179267,0.24515239585641527,0.4010526315789474,512.0,0.0028400945009655104,1.4985803326808032,2.96016844696598,0.99,0.6835526315789474
speed_budget,channel.speed_kmh|feedback.budget_frac,60,0.5,1005,Baseline,1.5992005390346167,0.19990006737932708,0.09062583997434365,0.5810526315789474,512.0,0.0031234385528019857,1.3535081781405278,2.7853766696353874,0.9736842105263158,1.0
speed_budget,channel.speed_kmh|feedback.budget_frac,60,0.5,1005,full_feedback,1.6548335065692101,0.20685418832115127,0.046874770383311344,0.545921052631579,1024.0,0.0016160483462589943,1.2978752106059346,2.6872599370175894,0.9731578947368421,1.0
speed_budget,channel.speed_kmh|feedback.budget_frac,60,0.5,1006,Exact,1.7558859911587505,0.21948574889484382,0.020005652090551312,0.4431578947368421,173.9284210526316,0.010095451798687984,1.2310217212657697,2.5509221115175063,0.9355263157894737,0.4431578947368421
speed_budget,channel.speed_kmh|feedback.budget_frac,60,0.5,1006,Optimised,1.3679797405231466,0.17099746756539333,0.2596259948767634,0.3624342105263158,512.0,0.0026718354307092708,1.6189279719013736,3.110965920165829,0.9610526315789474,0.6469736842105264
speed_budget,channel.speed_kmh|feedback.budget_frac,60,0.5,1006,Proposed,1.510303364246345,0.18878792053079313,0.20437970993960708,0.3773026315789474,512.0,0.0029498112582936427,1.4766043481781748,2.9934860189325225,0.9494736842105264,0.671578947368421
speed_budget,channel.speed_kmh|feedback.budget_frac,60,0.5,1006,Baseline,1.6806165990243287,0.2100770748780411,0.08394854457039091,0.545,512.0,0.003282454294969392,1.3062911134001913,2.693271808010465,0.9373684210526316,1.0
speed_budget,channel.speed_kmh|feedback.budget_frac,60,0.5,1006,full_feedback,1.733842827835559,0.2167303534794449,0.04338629178476433,0.517828947368421,1024.0,0.0016932058865581632,1.2530648845889611,2.5984935154797957,0.9355263157894737,1.0
speed_budget,channel.speed_kmh|feedback.budget_frac,60,0.5,1007,Exact,1.6705335286835052,0.20881669108543816,0.023732627614668343,0.4807236842105263,191.78105263157894,0.008710628634897966,1.230851307594075,2.6335259092244567,0.9642105263157895,0.4807236842105263
speed_budget,channel.speed_kmh|feedback.budget_frac,60,0.5,1007,Optimised,1.375491460386318,0.17193643254828975,0.2451902689326588,0.3971710526315789,512.0,0.0026865067585670273,1.525893375891262,3.102001782410222,0.9815789473684211,0.6623684210526316
speed_budget,channel.speed_kmh|feedback.budget_frac,60,0.5,1007,Proposed,1.4402320076011415,0.18002900095014268,0.21846428908388388,0.4188157894736842,512.0,0.0028129531398459794,1.4611528286764388,3.01191199569904,0.9802631578947368,0.6925
speed_budget,channel.speed_kmh|feedback.budget_frac,60,0.5,1007,Baseline,1.5917336232171477,0.19896670290214347,0.09154549288755791,0.5866447368421053,512.0,0.0031088547328459917,1.3096512130604325,2.788722452377406,0.9655263157894737,1.0
speed_budget,channel.speed_kmh|feedback.budget_frac,60,0.5,1007,full_feedback,1.647444196317676,0.2059305245397095,0.04766757603642076,0.5548684210526316,1024.0,0.0016088322229664805,1.253940639959904,2.687327437692287,0.9642105263157895,1.0
speed_budget,channel.speed_kmh|feedback.budget_frac,60,0.5,1008,Exact,1.7209187698906168,0.2151148462363271,0.021063256922137074,0.4701315789473684,184.77473684210526,0.009313604225891475,1.2681740151225265,2.5340810787690953,0.963421052631579,0.4701315789473684
speed_budget,channel.speed_kmh|feedback.budget_frac,60,0.5,1008,Optimised,1.3682686553963863,0.1710335819245483,0.2693159388542425,0.3756578947368421,512.0,0.002672399717571067,1.6208241296167571,3.172080818924292,0.9789473684210527,0.6544736842105263
speed_budget,channel.speed_kmh|feedback.budget_frac,60,0.5,1008,Proposed,1.5010912478815976,0.1876364059851997,0.22340210365914548,0.40092105263157896,512.0,0.0029318188435187454,1.4880015371315454,2.896942699983591,0.98,0.6954605263157895
speed_budget,channel.speed_kmh|feedback.budget_frac,60,0.5,1008,Baseline,1.6466072572271504,0.2058259071533938,0.08527968350890924,0.5666447368421053,512.0,0.003216029799271778,1.3424855277859928,2.6745598371969534,0.9636842105263158,1.0
speed_budget,channel.speed_kmh|feedback.budget_frac,60,0.5,1008,full_feedback,1.6973913742568767,0.2121739217821096,0.044799501773338635,0.5411184210526315,1024.0,0.0016576087639227311,1.2917014107562665,2.5914639178398517,0.963421052631579,1.0
speed_budget,channel.speed_kmh|feedback.budget_frac,60,0.5,1009,Exact,1.8009110428895905,0.2251138803611988,0.020941734508936646,0.4394078947368421,172.5978947368421,0.010434142581144558,1.1860263548356305,2.5288398778217274,0.9107894736842105,0.4394078947368421
speed_budget,channel.speed_kmh|feedback.budget_frac,60,0.5,1009,Optimised,1.5904918666692496,0.1988114833336562,0.19019549176798664,0.3726973684210526,512.0,0.003106429427088378,1.3964455310559711,2.817153592352421,0.9292105263157895,0.6665131578947369
speed_budget,channel.speed_kmh|feedback.budget_frac,60,0.5,1009,Proposed,1.5562484230327098,0.19453105287908873,0.22647632991375052,0.38710526315789473,512.0,0.0030395477012357614,1.4306889746925107,2.876430734353306,0.9528947368421052,0.6913815789473684
speed_budget,channel.speed_kmh|feedback.budget_frac,60,0.5,1009,Baseline,1.7240888982077773,0.21551111227597217,0.08543097082833519,0.5475657894736842,512.0,0.003367361129312065,1.2628484995174436,2.6716243189219764,0.9147368421052632,1.0
speed_budget,channel.speed_kmh|feedback.budget_frac,60,0.5,1009,full_feedback,1.780065503356884,0.2225081879196105,0.043835967183225945,0.5129605263157895,1024.0,0.001738345218121957,1.2068718943683368,2.5530062950309125,0.9110526315789473,1.0
speed_budget,channel.speed_kmh|feedback.budget_frac,60,0.75,1000,Exact,1.7479668064300873,0.2184958508037609,0.01956467960755973,0.4475,176.21894736842106,0.009919289795640489,1.239568310380008,2.4760486006891815,0.9571052631578948,0.4475
speed_budget,channel.speed_kmh|feedback.budget_frac,60,0.75,1000,Optimised,1.684782362716053,0.21059779533950662,0.09324417709595102,0.4899342105263158,768.0,0.0021937270347865273,1.3027527540940425,2.600923920015954,0.9615789473684211,0.8935526315789474
speed_budget,channel.speed_kmh|feedback.budget_frac,60,0.75,1000,Proposed,1.6793511035869562,0.20991888794836952,0.09797709190861745,0.4863157894736842,768.0,0.0021866550827955157,1.3081840132231393,2.6004272044204586,0.9628947368421052,0.8923026315789474
speed_budget,channel.speed_kmh|feedback.budget_frac,60,0.75,1000,Baseline,1.676405127610943,0.20955064095136788,0.08346250778216381,0.5507894736842105,512.0,0.003274228764865123,1.3111299891991521,2.6333850878992084,0.9586842105263158,1.0
speed_budget,channel.speed_kmh|feedback.budget_frac,60,0.75,1000,full_feedback,1.7261435482007428,0.21576794352509285,0.043283928434686716,0.5239473684210526,1024.0,0.0016856870587897879,1.2613915686093526,2.524693938375502,0.9571052631578948,1.0
speed_budget,channel.speed_kmh|feedback.budget_frac,60,0.75,1001,Exact,1.7130173062416232,0.2141271632802029,0.022925687334591115,0.4745394736842105,191.5621052631579,0.008942359992799048,1.2753448177956148,2.5568250707596243,0.9636842105263158,0.4745394736842105
speed_budget,channel.speed_kmh|feedback.budget_frac,60,0.75,1001,Optimised,1.6227076162763854,0.20283845203454817,0.11083469030521495,0.5026973684210526,768.0,0.0021129005420265435,1.3656545077608524,2.742928822185697,0.9678947368421053,0.8875
speed_budget,channel.speed_kmh|feedback.budget_frac,60,0.75,1001,Proposed,1.6296345651505506,0.20370432064381883,0.11069264682140238,0.5071710526315789,768.0,0.002121920006706446,1.358727558886687,2.7411850251367236,0.9702631578947368,0.8931578947368422
speed_budget,channel.speed_kmh|feedback.budget_frac,60,0.75,1001,Baseline,1.626270141070058,0.20328376763375725,0.09206738531698849,0.5782236842105263,512.0,0.003176308869277457,1.36209198296718,2.7070218515832414,0.9655263157894737,1.0
speed_budget,channel.speed_kmh|feedback.budget_frac,60,0.75,1001,full_feedback,1.688814688427245,0.21110183605340563,0.04648796423935151,0.54625,1024.0,0.0016492330941672315,1.2995474356099928,2.627875225490303,0.9639473684210527,1.0
speed_budget,channel.speed_kmh|feedback.budget_frac,60,0.75,1002,Exact,1.743799166179698,0.21797489577246226,0.0220790808062029,0.46789473684210525,183.86526315789473,0.009484114270579791,1.2572072209512979,2.638448756339725,0.9615789473684211,0.46789473684210525
speed_budget,channel.speed_kmh|feedback.budget_frac,60,0.75,1002,Optimised,1.6491168084766583,0.2061396010595823,0.11370553846502024,0.5036184210526315,768.0,0.0021472875110373157,1.3518895786543377,2.821961929832541,0.9647368421052631,0.8892763157894736
speed_budget,channel.speed_kmh|feedback.budget_frac,60,0.75,1002,Proposed,1.660938230211427,0.20761727877642838,0.10785037010727178,0.5079605263157895,768.0,0.0021626799872544625,1.340068156919569,2.7891985689123064,0.9647368421052631,0.8986184210526316
speed_budget,channel.speed_kmh|feedback.budget_frac,60,0.75,1002,Baseline,1.6665088843425229,0.20831361054281536,0.08658975936959266,0.5701315789473684,512.0,0.00325490016473149,1.334497502788473,2.7992763469046467,0.9642105263157895,1.0
speed_budget,channel.speed_kmh|feedback.budget_frac,60,0.75,1002,full_feedback,1.7198570761727383,0.2149821345215923,0.04540956120435191,0.54375,1024.0,0.0016795479259499398,1.281149310958258,2.714112787818107,0.9618421052631579,1.0
speed_budget,channel.speed_kmh|feedback.budget_frac,60,0.75,1003,Exact,1.7835158690863195,0.22293948363578994,0.01988997574005884,0.4290131578947368,165.84421052631578,0.010754164184726337,1.276516560700409,2.5539771229351174,0.9747368421052631,0.4290131578947368
speed_budget,channel.speed_kmh|feedback.budget_frac,60,0.75,1003,Optimised,1.655180413286585,0.20689755166082313,0.10916003978968987,0.44467105263157897,768.0,0.002155182829800241,1.4048520165001437,2.8151195428793816,0.975,0.849078947368421
speed_budget,channel.speed_kmh|feedback.budget_frac,60,0.75,1003,Proposed,1.6580281046109901,0.20725351307637377,0.107531031947794,0.44901315789473684,768.0,0.0021588907612122266,1.4020043251757386,2.809419557854778,0.975,0.8560526315789474
speed_budget,channel.speed_kmh|feedback.budget_frac,60,0.75,1003,Baseline,1.7162272750939065,0.2145284093867383,0.08071455267704634,0.5349342105263157,512.0,0.003352006396667786,1.3438051546928222,2.7173031636345155,0.9755263157894737,1.0
speed_budget,channel.speed_kmh|feedback.budget_frac,60,0.75,1003,full_feedback,1.7616252386496976,0.2202031548312122,0.043486780288165806,0.5004605263157895,1024.0,0.0017203371471188453,1.298407191137031,2.6098148286818232,0.975,1.0
speed_budget,channel.speed_kmh|feedback.budget_frac,60,0.75,1004,Exact,1.7754734327520758,0.22193417909400948,0.021377707517657968,0.46539473684210525,177.8357894736842,0.009983780194114453,1.2697681575951125,2.5269927710743882,0.9721052631578947,0.46539473684210525
speed_budget,channel.speed_kmh|feedback.budget_frac,60,0.75,1004,Optimised,1.7043281454289199,0.21304101817861498,0.09788592124922744,0.4976315789473684,768.0,0.002219177272693906,1.340913444918269,2.668122762222783,0.9755263157894737,0.8927631578947368
speed_budget,channel.speed_kmh|feedback.budget_frac,60,0.75,1004,Proposed,1.7109694396033486,0.21387117995041857,0.09337802538682465,0.5009868421052631,768.0,0.0022278247911501933,1.3342721507438402,2.663542281224293,0.9760526315789474,0.8988157894736842
speed_budget,channel.speed_kmh|feedback.budget_frac,60,0.75,1004,Baseline,1.7010563548815385,0.2126320443601923,0.08297727131989786,0.5690131578947368,512.0,0.003322375693128005,1.34418523546565,2.653237731077162,0.9728947368421053,1.0
speed_budget,channel.speed_kmh|feedback.budget_frac,60,0.75,1004,full_feedback,1.755585206653517,0.21944815083168961,0.043400776317533155,0.5342763157894737,1024.0,0.0017144386783725751,1.2896563836936719,2.572042439137391,0.9721052631578947,1.0
speed_budget,channel.speed_kmh|feedback.budget_frac,60,0.75,1005,Exact,1.6774403305826062,0.20968004132282578,0.023102903596939634,0.4774342105263158,188.0757894736842,0.008918959400764955,1.2752683865925385,2.641627661813499,0.9731578947368421,0.4774342105263158
speed_budget,channel.speed_kmh|feedback.budget_frac,60,0.75,1005,Optimised,1.6063163571423764,0.20078954464279705,0.10569732229394692,0.503421052631579,768.0,0.0020915577566958028,1.3463923600327683,2.7578151658212575,0.9763157894736842,0.8871052631578947
speed_budget,channel.speed_kmh|feedback.budget_frac,60,0.75,1005,Proposed,1.6057191579868595,0.20071489474835744,0.11028649192277848,0.5063157894736842,768.0,0.0020907801536287234,1.346989559188285,2.7707570666621257,0.9765789473684211,0.8919736842105264
speed_budget,channel.speed_kmh|feedback.budget_frac,60,0.75,1005,Baseline,1.5992005390346167,0.19990006737932708,0.09062583997434365,0.5810526315789474,512.0,0.0031234385528019857,1.3535081781405278,2.7853766696353874,0.9736842105263158,1.0
speed_budget,channel.speed_kmh|feedback.budget_frac,60,0.75,1005,full_feedback,1.6548335065692101,0.20685418832115127,0.046874770383311344,0.545921052631579,1024.0,0.0016160483462589943,1.2978752106059346,2.6872599370175894,0.9731578947368421,1.0
speed_budget,channel.speed_kmh|feedback.budget_frac,60,0.75,1006,Exact,1.7558862720718178,0.21948578400897722,0.020001484279620674,0.4432894736842105,174.01263157894738,0.010090567886591578,1.2310214403527024,2.5509221115175063,0.9355263157894737,0.4432894736842105
speed_budget,channel.speed_kmh|feedback.budget_frac,60,0.75,1006,Optimised,1.6833470894447309,0.21041838618059136,0.09301209790796933,0.48197368421052633,768.0,0.00219185818938116,1.3035606229797894,2.680429592732379,0.9384210526315789,0.8929605263157895
speed_budget,channel.speed_kmh|feedback.budget_frac,60,0.75,1006,Proposed,1.6883697339214834,0.21104621674018542,0.09373946371233699,0.4785526315789474,768.0,0.0021983980910435983,1.2985379785030369,2.6811234287056336,0.9376315789473684,0.8927631578947368
speed_budget,channel.speed_kmh|feedback.budget_frac,60,0.75,1006,Baseline,1.6806165990243287,0.2100770748780411,0.08394854457039091,0.545,512.0,0.003282454294969392,1.3062911134001913,2.693271808010465,0.9373684210526316,1.0
speed_budget,channel.speed_kmh|feedback.budget_frac,60,0.75,1006,full_feedback,1.733842827835559,0.2167303534794449,0.04338629178476433,0.517828947368421,1024.0,0.0016932058865581632,1.2530648845889611,2.5984935154797957,0.9355263157894737,1.0
speed_budget,channel.speed_kmh|feedback.budget_frac,60,0.75,1007,Exact,1.6705375649715155,0.20881719562143944,0.02360148019972291,0.48138157894736844,192.15157894736842,0.008693852916134958,1.2308472713060647,2.6335259092244567,0.9642105263157895,0.48138157894736844
speed_budget,channel.speed_kmh|feedback.budget_frac,60,0.75,1007,Optimised,1.5783577981642454,0.19729472477053067,0.11377985124176743,0.5109210526315789,768.0,0.002055153383026361,1.3230270381133347,2.778812486004133,0.9707894736842105,0.8860526315789473
speed_budget,channel.speed_kmh|feedback.budget_frac,60,0.75,1007,Proposed,1.5988903453689316,0.19986129317111645,0.10517857861855738,0.5191447368421053,768.0,0.002081888470532463,1.3024944909086484,2.764721449287601,0.9715789473684211,0.8995394736842105
speed_budget,channel.speed_kmh|feedback.budget_frac,60,0.75,1007,Baseline,1.5917336232171477,0.19896670290214347,0.09154549288755791,0.5866447368421053,512.0,0.0031088547328459917,1.3096512130604325,2.788722452377406,0.9655263157894737,1.0
speed_budget,channel.speed_kmh|feedback.budget_frac,60,0.75,1007,full_feedback,1.647444196317676,0.2059305245397095,0.04766757603642076,0.5548684210526316,1024.0,0.0016088322229664805,1.253940639959904,2.687327437692287,0.9642105263157895,1.0
speed_budget,channel.speed_kmh|feedback.budget_frac,60,0.75,1008,Exact,1.7209421883556644,0.21511777354445805,0.020969257955182966,0.47019736842105264,184.9936842105263,0.009302707796214274,1.2681505966574786,2.5340810787690953,0.963421052631579,0.47019736842105264
speed_budget,channel.speed_kmh|feedback.budget_frac,60,0.75,1008,Optimised,1.6421133398388235,0.20526416747985293,0.10362097589322011,0.5026973684210526,768.0,0.002138168411248468,1.3469794451743196,2.683329049870146,0.9673684210526315,0.8926315789473684
speed_budget,channel.speed_kmh|feedback.budget_frac,60,0.75,1008,Proposed,1.6421682713000778,0.20527103391250973,0.10304705556813162,0.5038815789473684,768.0,0.002138239936588643,1.3469245137130657,2.6756102294554513,0.9681578947368421,0.89875
speed_budget,channel.speed_kmh|feedback.budget_frac,60,0.75,1008,Baseline,1.6466072572271504,0.2058259071533938,0.08527968350890924,0.5666447368421053,512.0,0.003216029799271778,1.3424855277859928,2.6745598371969534,0.9636842105263158,1.0
speed_budget,channel.speed_kmh|feedback.budget_frac,60,0.75,1008,full_feedback,1.6973913742568767,0.2121739217821096,0.044799501773338635,0.5411184210526315,1024.0,0.0016576087639227311,1.2917014107562665,2.5914639178398517,0.963421052631579,1.0
speed_budget,channel.speed_kmh|feedback.budget_frac,60,0.75,1009,Exact,1.8009125704486104,0.2251140713060763,0.02089905452402715,0.43967105263157896,172.81684210526316,0.010420932060265689,1.1860248272766105,2.5288398778217274,0.9107894736842105,0.43967105263157896
speed_budget,channel.speed_kmh|feedback.budget_frac,60,0.75,1009,Optimised,1.7071872880968169,0.2133984110121021,0.11209124688293798,0.47210526315789475,768.0,0.002222900114709397,1.279750109628404,2.655963091090177,0.9252631578947368,0.8820394736842105
speed_budget,channel.speed_kmh|feedback.budget_frac,60,0.75,1009,Proposed,1.7195445008426251,0.21494306260532814,0.10324668291262147,0.4753289473684211,768.0,0.002238990235472168,1.2673928968825956,2.6402718272175334,0.9226315789473685,0.8870394736842105
speed_budget,channel.speed_kmh|feedback.budget_frac,60,0.75,1009,Baseline,1.7240888982077773,0.21551111227597217,0.08543097082833519,0.5475657894736842,512.0,0.003367361129312065,1.2628484995174436,2.6716243189219764,0.9147368421052632,1.0
speed_budget,channel.speed_kmh|feedback.budget_frac,60,0.75,1009,full_feedback,1.780065503356884,0.2225081879196105,0.043835967183225945,0.5129605263157895,1024.0,0.001738345218121957,1.2068718943683368,2.5530062950309125,0.9110526315789473,1.0
speed_budget,channel.speed_kmh|feedback.budget_frac,60,1.0,1000,Exact,1.7479668064300873,0.2184958508037609,0.01956467960755973,0.4475,176.21894736842106,0.009919289795640489,1.239568310380008,2.4760486006891815,0.9571052631578948,0.4475
speed_budget,channel.speed_kmh|feedback.budget_frac,60,1.0,1000,Optimised,1.7261435482007428,0.21576794352509285,0.043283928434686716,0.5239473684210526,1024.0,0.0016856870587897879,1.2613915686093526,2.524693938375502,0.9571052631578948,1.0
speed_budget,channel.speed_kmh|feedback.budget_frac,60,1.0,1000,Proposed,1.7261435482007428,0.21576794352509285,0.043283928434686716,0.5239473684210526,1024.0,0.0016856870587897879,1.2613915686093526,2.524693938375502,0.9571052631578948,1.0
speed_budget,channel.speed_kmh|feedback.budget_frac,60,1.0,1000,Baseline,1.676405127610943,0.20955064095136788,0.08346250778216381,0.5507894736842105,512.0,0.003274228764865123,1.3111299891991521,2.6333850878992084,0.9586842105263158,1.0
speed_budget,channel.speed_kmh|feedback.budget_frac,60,1.0,1000,full_feedback,1.7261435482007428,0.21576794352509285,0.043283928434686716,0.5239473684210526,1024.0,0.0016856870587897879,1.2613915686093526,2.524693938375502,0.9571052631578948,1.0
speed_budget,channel.speed_kmh|feedback.budget_frac,60,1.0,1001,Exact,1.7130173062416232,0.2141271632802029,0.022925687334591115,0.4745394736842105,191.5621052631579,0.008942359992799048,1.2753448177956148,2.5568250707596243,0.9636842105263158,0.4745394736842105
speed_budget,channel.speed_kmh|feedback.budget_frac,60,1.0,1001,Optimised,1.688814688427245,0.21110183605340563,0.04648796423935151,0.54625,1024.0,0.0016492330941672315,1.2995474356099928,2.627875225490303,0.9639473684210527,1.0
speed_budget,channel.speed_kmh|feedback.budget_frac,60,1.0,1001,Proposed,1.688814688427245,0.21110183605340563,0.04648796423935151,0.54625,1024.0,0.0016492330941672315,1.2995474356099928,2.627875225490303,0.9639473684210527,1.0
speed_budget,channel.speed_kmh|feedback.budget_frac,60,1.0,1001,Baseline,1.626270141070058,0.20328376763375725,0.09206738531698849,0.5782236842105263,512.0,0.003176308869277457,1.36209198296718,2.7070218515832414,0.9655263157894737,1.0
speed_budget,channel.speed_kmh|feedback.budget_frac,60,1.0,1001,full_feedback,1.688814688427245,0.21110183605340563,0.04648796423935151,0.54625,1024.0,0.0016492330941672315,1.2995474356099928,2.627875225490303,0.9639473684210527,1.0
speed_budget,channel.speed_kmh|feedback.budget_frac,60,1.0,1002,Exact,1.743799166179698,0.21797489577246226,0.0220790808062029,0.46789473684210525,183.86526315789473,0.009484114270579791,1.2572072209512979,2.638448756339725,0.9615789473684211,0.46789473684210525
speed_budget,channel.speed_kmh|feedback.budget_frac,60,1.0,1002,Optimised,1.7198570761727383,0.2149821345215923,0.04540956120435191,0.54375,1024.0,0.0016795479259499398,1.281149310958258,2.714112787818107,0.9618421052631579,1.0
speed_budget,channel.speed_kmh|feedback.budget_frac,60,1.0,1002,Proposed,1.7198570761727383,0.2149821345215923,0.04540956120435191,0.54375,1024.0,0.0016795479259499398,1.281149310958258,2.714112787818107,0.9618421052631579,1.0
speed_budget,channel.speed_kmh|feedback.budget_frac,60,1.0,1002,Baseline,1.6665088843425229,0.20831361054281536,0.08658975936959266,0.5701315789473684,512.0,0.00325490016473149,1.334497502788473,2.7992763469046467,0.9642105263157895,1.0
speed_budget,channel.speed_kmh|feedback.budget_frac,60,1.0,1002,full_feedback,1.7198570761727383,0.2149821345215923,0.04540956120435191,0.54375,1024.0,0.0016795479259499398,1.281149310958258,2.714112787818107,0.9618421052631579,1.0
speed_budget,channel.speed_kmh|feedback.budget_frac,60,1.0,1003,Exact,1.7835158690863195,0.22293948363578994,0.01988997574005884,0.4290131578947368,165.84421052631578,0.010754164184726337,1.276516560700409,2.5539771229351174,0.9747368421052631,0.4290131578947368
speed_budget,channel.speed_kmh|feedback.budget_frac,60,1.0,1003,Optimised,1.7616252386496976,0.2202031548312122,0.043486780288165806,0.5004605263157895,1024.0,0.0017203371471188453,1.298407191137031,2.6098148286818232,0.975,1.0
speed_budget,channel.speed_kmh|feedback.budget_frac,60,1.0,1003,Proposed,1.7616252386496976,0.2202031548312122,0.043486780288165806,0.5004605263157895,1024.0,0.0017203371471188453,1.298407191137031,2.6098148286818232,0.975,1.0
speed_budget,channel.speed_kmh|feedback.budget_frac,60,1.0,1003,Baseline,1.7162272750939065,0.2145284093867383,0.08071455267704634,0.5349342105263157,512.0,0.003352006396667786,1.3438051546928222,2.7173031636345155,0.9755263157894737,1.0
speed_budget,channel.speed_kmh|feedback.budget_frac,60,1.0,1003,full_feedback,1.7616252386496976,0.2202031548312122,0.043486780288165806,0.5004605263157895,1024.0,0.0017203371471188453,1.298407191137031,2.6098148286818232,0.975,1.0
speed_budget,channel.speed_kmh|feedback.budget_frac,60,1.0,1004,Exact,1.7754734327520758,0.22193417909400948,0.021377707517657968,0.46539473684210525,177.8357894736842,0.009983780194114453,1.2697681575951125,2.5269927710743882,0.9721052631578947,0.46539473684210525
speed_budget,channel.speed_kmh|feedback.budget_frac,60,1.0,1004,Optimised,1.755585206653517,0.21944815083168961,0.043400776317533155,0.5342763157894737,1024.0,0.0017144386783725751,1.2896563836936719,2.572042439137391,0.9721052631578947,1.0
speed_budget,channel.speed_kmh|feedback.budget_frac,60,1.0,1004,Proposed,1.755585206653517,0.21944815083168961,0.043400776317533155,0.5342763157894737,1024.0,0.0017144386783725751,1.2896563836936719,2.572042439137391,0.9721052631578947,1.0
speed_budget,channel.speed_kmh|feedback.budget_frac,60,1.0,1004,Baseline,1.7010563548815385,0.2126320443601923,0.08297727131989786,0.5690131578947368,512.0,0.003322375693128005,1.34418523546565,2.653237731077162,0.9728947368421053,1.0
speed_budget,channel.speed_kmh|feedback.budget_frac,60,1.0,1004,full_feedback,1.755585206653517,0.21944815083168961,0.043400776317533155,0.5342763157894737,1024.0,0.0017144386783725751,1.2896563836936719,2.572042439137391,0.9721052631578947,1.0
speed_budget,channel.speed_kmh|feedback.budget_frac,60,1.0,1005,Exact,1.6774403305826062,0.20968004132282578,0.023102903596939634,0.4774342105263158,188.0757894736842,0.008918959400764955,1.2752683865925385,2.641627661813499,0.9731578947368421,0.4774342105263158
speed_budget,channel.speed_kmh|feedback.budget_frac,60,1.0,1005,Optimised,1.6548335065692101,0.20685418832115127,0.046874770383311344,0.545921052631579,1024.0,0.0016160483462589943,1.2978752106059346,2.6872599370175894,0.9731578947368421,1.0
speed_budget,channel.speed_kmh|feedback.budget_frac,60,1.0,1005,Proposed,1.6548335065692101,0.20685418832115127,0.046874770383311344,0.545921052631579,1024.0,0.0016160483462589943,1.2978752106059346,2.6872599370175894,0.9731578947368421,1.0
speed_budget,channel.speed_kmh|feedback.budget_frac,60,1.0,1005,Baseline,1.5992005390346167,0.19990006737932708,0.09062583997434365,0.5810526315789474,512.0,0.0031234385528019857,1.3535081781405278,2.7853766696353874,0.9736842105263158,1.0
speed_budget,channel.speed_kmh|feedback.budget_frac,60,1.0,1005,full_feedback,1.6548335065692101,0.20685418832115127,0.046874770383311344,0.545921052631579,1024.0,0.0016160483462589943,1.2978752106059346,2.6872599370175894,0.9731578947368421,1.0
speed_budget,channel.speed_kmh|feedback.budget_frac,60,1.0,1006,Exact,1.7558862720718178,0.21948578400897722,0.020001484279620674,0.4432894736842105,174.01263157894738,0.010090567886591578,1.2310214403527024,2.5509221115175063,0.9355263157894737,0.4432894736842105
speed_budget,channel.speed_kmh|feedback.budget_frac,60,1.0,1006,Optimised,1.733842827835559,0.2167303534794449,0.04338629178476433,0.517828947368421,1024.0,0.0016932058865581632,1.2530648845889611,2.5984935154797957,0.9355263157894737,1.0
speed_budget,channel.speed_kmh|feedback.budget_frac,60,1.0,1006,Proposed,1.733842827835559,0.2167303534794449,0.04338629178476433,0.517828947368421,1024.0,0.0016932058865581632,1.2530648845889611,2.5984935154797957,0.9355263157894737,1.0
speed_budget,channel.speed_kmh|feedback.budget_frac,60,1.0,1006,Baseline,1.6806165990243287,0.2100770748780411,0.08394854457039091,0.545,512.0,0.003282454294969392,1.3062911134001913,2.693271808010465,0.9373684210526316,1.0
speed_budget,channel.speed_kmh|feedback.budget_frac,60,1.0,1006,full_feedback,1.733842827835559,0.2167303534794449,0.04338629178476433,0.517828947368421,1024.0,0.0016932058865581632,1.2530648845889611,2.5984935154797957,0.9355263157894737,1.0
speed_budget,channel.speed_kmh|feedback.budget_frac,60,1.0,1007,Exact,1.6705375649715155,0.20881719562143944,0.02360148019972291,0.48138157894736844,192.15157894736842,0.008693852916134958,1.2308472713060647,2.6335259092244567,0.9642105263157895,0.48138157894736844
speed_budget,channel.speed_kmh|feedback.budget_frac,60,1.0,1007,Optimised,1.647444196317676,0.2059305245397095,0.04766757603642076,0.5548684210526316,1024.0,0.0016088322229664805,1.253940639959904,2.687327437692287,0.9642105263157895,1.0
speed_budget,channel.speed_kmh|feedback.budget_frac,60,1.0,1007,Proposed,1.647444196317676,0.2059305245397095,0.04766757603642076,0.5548684210526316,1024.0,0.0016088322229664805,1.253940639959904,2.687327437692287,0.9642105263157895,1.0
speed_budget,channel.speed_kmh|feedback.budget_frac,60,1.0,1007,Baseline,1.5917336232171477,0.19896670290214347,0.09154549288755791,0.5866447368421053,512.0,0.0031088547328459917,1.3096512130604325,2.788722452377406,0.9655263157894737,1.0
speed_budget,channel.speed_kmh|feedback.budget_frac,60,1.0,1007,full_feedback,1.647444196317676,0.2059305245397095,0.04766757603642076,0.5548684210526316,1024.0,0.0016088322229664805,1.253940639959904,2.687327437692287,0.9642105263157895,1.0
speed_budget,channel.speed_kmh|feedback.budget_frac,60,1.0,1008,Exact,1.7209421883556644,0.21511777354445805,0.020969257955182966,0.47019736842105264,184.9936842105263,0.009302707796214274,1.2681505966574786,2.5340810787690953,0.963421052631579,0.47019736842105264
speed_budget,channel.speed_kmh|feedback.budget_frac,60,1.0,1008,Optimised,1.6973913742568767,0.2121739217821096,0.044799501773338635,0.5411184210526315,1024.0,0.0016576087639227311,1.2917014107562665,2.5914639178398517,0.963421052631579,1.0
speed_budget,channel.speed_kmh|feedback.budget_frac,60,1.0,1008,Proposed,1.6973913742568767,0.2121739217821096,0.044799501773338635,0.5411184210526315,1024.0,0.0016576087639227311,1.2917014107562665,2.5914639178398517,0.963421052631579,1.0
speed_budget,channel.speed_kmh|feedback.budget_frac,60,1.0,1008,Baseline,1.6466072572271504,0.2058259071533938,0.08527968350890924,0.5666447368421053,512.0,0.003216029799271778,1.3424855277859928,2.6745598371969534,0.9636842105263158,1.0
speed_budget,channel.speed_kmh|feedback.budget_frac,60,1.0,1008,full_feedback,1.6973913742568767,0.2121739217821096,0.044799501773338635,0.5411184210526315,1024.0,0.0016576087639227311,1.2917014107562665,2.5914639178398517,0.963421052631579,1.0
speed_budget,channel.speed_kmh|feedback.budget_frac,60,1.0,1009,Exact,1.8009125704486104,0.2251140713060763,0.02089905452402715,0.43967105263157896,172.81684210526316,0.010420932060265689,1.1860248272766105,2.5288398778217274,0.9107894736842105,0.43967105263157896
speed_budget,channel.speed_kmh|feedback.budget_frac,60,1.0,1009,Optimised,1.780065503356884,0.2225081879196105,0.043835967183225945,0.5129605263157895,1024.0,0.001738345218121957,1.2068718943683368,2.5530062950309125,0.9110526315789473,1.0
speed_budget,channel.speed_kmh|feedback.budget_frac,60,1.0,1009,Proposed,1.780065503356884,0.2225081879196105,0.043835967183225945,0.5129605263157895,1024.0,0.001738345218121957,1.2068718943683368,2.5530062950309125,0.9110526315789473,1.0
speed_budget,channel.speed_kmh|feedback.budget_frac,60,1.0,1009,Baseline,1.7240888982077773,0.21551111227597217,0.08543097082833519,0.5475657894736842,512.0,0.003367361129312065,1.2628484995174436,2.6716243189219764,0.9147368421052632,1.0
speed_budget,channel.speed_kmh|feedback.budget_frac,60,1.0,1009,full_feedback,1.780065503356884,0.2225081879196105,0.043835967183225945,0.5129605263157895,1024.0,0.001738345218121957,1.2068718943683368,2.5530062950309125,0.9110526315789473,1.0
