sweep,param,x,x2,seed,scheme,utility,utility_per_user,regret,switch_rate,bits,utility_per_bit,loss,cvar,violation_rate,fb_share
speed,channel.speed_kmh,3,,1000,Exact,1.690712282853268,0.2113390353566585,0.0010644417110789197,0.022828947368421053,10.509473684210526,0.16087506697822562,1.2968228339568275,2.3847782616422384,0.9952631578947368,0.022828947368421053
speed,channel.speed_kmh,3,,1000,Optimised,1.6359883802590143,0.20449854753237678,0.07528483839336542,0.06506578947368422,256.0,0.0063905796103867745,1.3515467365510807,2.51149531485475,0.9957894736842106,0.2542763157894737
speed,channel.speed_kmh,3,,1000,Proposed,1.6411800754089956,0.20514750942612445,0.06484937326923951,0.06421052631578947,256.0,0.006410859669566389,1.3463550414010996,2.5012249876606054,0.9963157894736843,0.25223684210526315
speed,channel.speed_kmh,3,,1000,Baseline,1.598446561286315,0.19980582016078938,0.0843384357732642,0.1661842105263158,256.0,0.006243931880024668,1.3890885555237802,2.5690781636672613,0.9971052631578947,0.5
speed,channel.speed_kmh,3,,1000,prediction_only,0.40274327591155296,0.05034290948894412,0.7232787173429548,0.0,0.0,,2.5847918408985424,4.2848436927727,1.0,0.0
speed,channel.speed_kmh,3,,1000,importance_only,1.6479367435536254,0.20599209294420318,0.04530972888009571,0.059407894736842104,256.0,0.006437252904506349,1.3395983732564698,2.4888426008897224,0.9960526315789474,0.25
speed,channel.speed_kmh,3,,1000,snr_threshold,1.5972887698804081,0.19966109623505102,0.08536525437738365,0.1724342105263158,256.0,0.006239409257345344,1.3902463469296873,2.571319099895824,0.9989473684210526,0.5
speed,channel.speed_kmh,3,,1000,full_feedback,1.651625953146872,0.206453244143359,0.04239913878660709,0.22210526315789475,1024.0,0.0016129159698699922,1.3359091636632232,2.473529080159597,0.9960526315789474,1.0
speed,channel.speed_kmh,3,,1000,Proposed_no_confidence,1.4192791653270231,0.1774098956658779,0.20129936222953965,0.10822368421052632,256.0,0.005544059239558684,1.5682559514830718,2.9075348590035945,0.9963157894736843,0.360328947368421
speed,channel.speed_kmh,3,,1000,Proposed_no_importance,1.6009700521486925,0.20012125651858656,0.0958439187494856,0.06348684210526316,256.0,0.00625378926620583,1.3865650646614027,2.561970075926206,0.9960526315789474,0.25434210526315787
speed,channel.speed_kmh,3,,1001,Exact,1.7560287667387255,0.2195035958423407,0.0012221900100047186,0.024078947368421054,10.054736842105264,0.17464691461492768,1.232333357298512,2.4904045855857935,0.983421052631579,0.024078947368421054
speed,channel.speed_kmh,3,,1001,Optimised,1.591936143310854,0.19899201791385676,0.1639791970847426,0.06539473684210527,256.0,0.006218500559808024,1.3964259807263837,2.7447306057053438,0.983421052631579,0.25355263157894736
speed,channel.speed_kmh,3,,1001,Proposed,1.6901374397963096,0.2112671799745387,0.07360765319411412,0.056710526315789475,256.0,0.006602099374204334,1.2982246842409282,2.631915531637524,0.983421052631579,0.25217105263157896
speed,channel.speed_kmh,3,,1001,Baseline,1.6554027748077227,0.20692534685096534,0.08975624082494706,0.1719736842105263,256.0,0.006466417089092667,1.332959349229515,2.652187920057594,0.983421052631579,0.5
speed,channel.speed_kmh,3,,1001,prediction_only,0.21610363303860686,0.027012954129825857,0.878827629368481,0.0,0.0,,2.772258490998631,4.670818835204753,1.0,0.0
speed,channel.speed_kmh,3,,1001,importance_only,1.7079777803290364,0.21349722254112954,0.050221022156869216,0.05894736842105263,256.0,0.006671788204410298,1.2803843437082014,2.5894061751383672,0.983421052631579,0.25
speed,channel.speed_kmh,3,,1001,snr_threshold,1.6557589366369887,0.2069698670796236,0.09988934561143714,0.19861842105263158,256.0,0.006467808346238237,1.332603187400249,2.6697082386520177,0.983421052631579,0.5
speed,channel.speed_kmh,3,,1001,full_feedback,1.7107926356051424,0.2138490794506428,0.04531218843244579,0.2293421052631579,1024.0,0.0016706959332081469,1.2775694884320954,2.5682263665163494,0.983421052631579,1.0
speed,channel.speed_kmh,3,,1001,Proposed_no_confidence,1.4277098532849293,0.17846373166061616,0.23951376286899953,0.09263157894736843,256.0,0.005576991614394255,1.5606522707523083,2.935329470747231,0.983421052631579,0.34092105263157896
speed,channel.speed_kmh,3,,1001,Proposed_no_importance,1.6686405004699014,0.20858006255873768,0.09825014845803379,0.060921052631578945,256.0,0.006518126954960552,1.3197216235673361,2.662283162123913,0.983421052631579,0.2550657894736842
speed,channel.speed_kmh,3,,1002,Exact,1.5616974787849398,0.19521218484811748,0.0014344134465104263,0.025592105263157895,11.031578947368422,0.1415660882486348,1.4393089083460564,2.7770311179653975,0.9955263157894737,0.025592105263157895
speed,channel.speed_kmh,3,,1002,Optimised,1.4946187170751186,0.18682733963438983,0.08189373388960909,0.06394736842105263,256.0,0.005838354363574682,1.5063876700558776,2.9032226564085444,0.9955263157894737,0.2538815789473684
speed,channel.speed_kmh,3,,1002,Proposed,1.4966746674811198,0.18708433343513997,0.08361902340704679,0.06486842105263158,256.0,0.005846385419848124,1.5043317196498762,2.8669346995359946,0.9955263157894737,0.2517763157894737
speed,channel.speed_kmh,3,,1002,Baseline,1.445371061079147,0.18067138263489338,0.1000333090325276,0.18217105263157896,256.0,0.005645980707340418,1.555635326051849,2.9905770320044556,0.9955263157894737,0.5
speed,channel.speed_kmh,3,,1002,prediction_only,0.06006808723749908,0.007508510904687385,0.8627131927311977,0.0,0.0,,2.940938299893497,4.992903210197869,1.0,0.0
speed,channel.speed_kmh,3,,1002,importance_only,1.5000962835260045,0.18751203544075057,0.06540979374002864,0.0705921052631579,256.0,0.005859751107523455,1.5009101036049914,2.892454561009965,0.9955263157894737,0.25
speed,channel.speed_kmh,3,,1002,snr_threshold,1.4440473353194436,0.18050591691493045,0.10132764499186665,0.23375,256.0,0.005640809903591577,1.5569590518115524,2.995300461738594,0.9955263157894737,0.5
speed,channel.speed_kmh,3,,1002,full_feedback,1.5082642262372108,0.18853302827965135,0.05532527833539964,0.26361842105263156,1024.0,0.0014729142834347762,1.4927421608937852,2.870040757947082,0.9955263157894737,1.0
speed,channel.speed_kmh,3,,1002,Proposed_no_confidence,1.3484163126699262,0.16855203908374078,0.15521652287341917,0.13230263157894737,256.0,0.005267251221366899,1.6525900744610698,3.265624117161272,0.9955263157894737,0.38552631578947366
speed,channel.speed_kmh,3,,1002,Proposed_no_importance,1.4150692551949775,0.1768836568993722,0.16681894384661974,0.06888157894736842,256.0,0.005527614278105381,1.5859371319360187,3.016284390246378,0.9955263157894737,0.2546052631578947
speed,channel.speed_kmh,3,,1003,Exact,1.916148075698853,0.23951850946235662,0.0016546266277019592,0.023421052631578947,10.543157894736842,0.18174327794667636,1.1438843540878756,2.2451165448724284,0.8455263157894737,0.023421052631578947
speed,channel.speed_kmh,3,,1003,Optimised,1.7752618793627535,0.22190773492034419,0.10665879199976802,0.062039473684210526,256.0,0.006934616716260756,1.2847705504239748,2.585779769341815,0.8468421052631578,0.2530921052631579
speed,channel.speed_kmh,3,,1003,Proposed,1.8301061655048005,0.22876327068810007,0.0940467562420031,0.06138157894736842,256.0,0.007148852209003127,1.2299262642819282,2.4130901558941233,0.8486842105263158,0.2523026315789474
speed,channel.speed_kmh,3,,1003,Baseline,1.7964307160129485,0.22455383950161856,0.09065816262328694,0.15335526315789474,256.0,0.00701730748442558,1.2636017137737805,2.4580116287300684,0.8531578947368421,0.5
speed,channel.speed_kmh,3,,1003,prediction_only,0.5885566204483106,0.07356957755603882,0.6080528390644732,0.0,0.0,,2.471475809338418,4.133055179016583,1.0,0.0
speed,channel.speed_kmh,3,,1003,importance_only,1.8506504417892458,0.23133130522365572,0.05971243111990228,0.05480263157894737,256.0,0.007229103288239241,1.209381987997483,2.391665741237962,0.8492105263157895,0.25
speed,channel.speed_kmh,3,,1003,snr_threshold,1.5559291044821235,0.19449113806026544,0.1935737729505579,0.19013157894736843,256.0,0.006077848064383295,1.504103325304605,2.8739265071436773,0.9057894736842105,0.5
speed,channel.speed_kmh,3,,1003,full_feedback,1.8623468853746956,0.23279336067183695,0.04867152993357292,0.21592105263157896,1024.0,0.0018186981302487262,1.197685544412033,2.3477079223313986,0.8481578947368421,1.0
speed,channel.speed_kmh,3,,1003,Proposed_no_confidence,1.5176830176921936,0.1897103772115242,0.2242373469978677,0.10993421052631579,256.0,0.005928449287860131,1.5423494120945351,2.8454388385309435,0.8510526315789474,0.3636842105263158
speed,channel.speed_kmh,3,,1003,Proposed_no_importance,1.8131488697183304,0.2266436087147913,0.11289335881680188,0.06638157894736842,256.0,0.007082612772337228,1.246883560068398,2.444940232441895,0.8465789473684211,0.2550657894736842
speed,channel.speed_kmh,3,,1004,Exact,1.7095691905075954,0.21369614881344942,0.0011341142084114661,0.0275,11.738947368421053,0.14563223914833354,1.3356723998395934,2.5165347532491604,0.9986842105263158,0.0275
speed,channel.speed_kmh,3,,1004,Optimised,1.6533031404387204,0.20666289255484005,0.07885400391768649,0.07032894736842105,256.0,0.0064582153923387516,1.3919384499084682,2.628294686422713,0.9986842105263158,0.2544078947368421
speed,channel.speed_kmh,3,,1004,Proposed,1.6591230472509064,0.2073903809063633,0.07612344789958242,0.06861842105263158,256.0,0.006480949403323853,1.3861185430962821,2.6157484530843726,0.9986842105263158,0.25184210526315787
speed,channel.speed_kmh,3,,1004,Baseline,1.6112839963056855,0.2014104995382107,0.0851760058366086,0.1757236842105263,256.0,0.006294078110569084,1.4339575940415035,2.763772259826068,0.9986842105263158,0.5
speed,channel.speed_kmh,3,,1004,prediction_only,0.616609546771844,0.0770761933464805,0.7880305596342536,0.0,0.0,,2.4286320435753446,4.220882397459096,1.0,0.0
speed,channel.speed_kmh,3,,1004,importance_only,1.659816091049767,0.20747701138122088,0.05424357153900506,0.06414473684210527,256.0,0.006483656605663152,1.3854254992974215,2.612332018100291,0.9986842105263158,0.25
speed,channel.speed_kmh,3,,1004,snr_threshold,1.5583819710111795,0.19479774637639743,0.13443626253057409,0.21111842105263157,256.0,0.00608742957426242,1.4868596193360093,2.8179348185030886,0.9986842105263158,0.5
speed,channel.speed_kmh,3,,1004,full_feedback,1.6649014183646373,0.20811267729557967,0.04756266905185756,0.26052631578947366,1024.0,0.0016258802913717162,1.3803401719825514,2.5901954154931377,0.9986842105263158,1.0
speed,channel.speed_kmh,3,,1004,Proposed_no_confidence,1.4005831546689622,0.17507289433362028,0.2139476766637439,0.11789473684210526,256.0,0.005471027947925634,1.6446584356782268,2.9942378431312067,0.9986842105263158,0.3568421052631579
speed,channel.speed_kmh,3,,1004,Proposed_no_importance,1.6282262675307475,0.20352828344134344,0.09857494723190081,0.07282894736842105,256.0,0.0063602588575419824,1.4170153228164413,2.6604561132793547,0.9986842105263158,0.25546052631578947
speed,channel.speed_kmh,3,,1005,Exact,1.5913943556252588,0.19892429445315735,0.0027102849980706637,0.02756578947368421,11.688421052631579,0.13615135427269415,1.3613143615498857,2.5577737991405765,0.9673684210526315,0.02756578947368421
speed,channel.speed_kmh,3,,1005,Optimised,1.5014506525174391,0.1876813315646799,0.11959337571003395,0.05282894736842105,256.0,0.005865041611396247,1.4512580646577053,2.7196085428742345,0.9673684210526315,0.2536184210526316
speed,channel.speed_kmh,3,,1005,Proposed,1.5318557142641747,0.19148196428302183,0.08256296868458887,0.04927631578947368,256.0,0.005983811383844432,1.4208530029109698,2.696778009867383,0.9673684210526315,0.25203947368421054
speed,channel.speed_kmh,3,,1005,Baseline,1.489958085145796,0.1862447606432245,0.10404875347025198,0.18486842105263157,256.0,0.005820148770100766,1.4627506320293484,2.7844688956060404,0.968421052631579,0.5
speed,channel.speed_kmh,3,,1005,prediction_only,0.7335676151896501,0.09169595189870626,0.7732147372013537,0.0,0.0,,2.2191411019854947,3.9486990116292824,1.0,0.0
speed,channel.speed_kmh,3,,1005,importance_only,1.54625664770891,0.19328208096361374,0.061831743818058456,0.06157894736842105,256.0,0.006040065030112929,1.4064520694662346,2.6292088366199367,0.9673684210526315,0.25
speed,channel.speed_kmh,3,,1005,snr_threshold,1.1923032119555874,0.14903790149444843,0.24934365793055224,0.2274342105263158,256.0,0.004657434421701513,1.760405505219557,3.157510949623413,0.9673684210526315,0.5
speed,channel.speed_kmh,3,,1005,full_feedback,1.549149133456394,0.19364364168204926,0.055745131622654785,0.255,1024.0,0.0015128409506410098,1.4035595837187502,2.633621841681095,0.9673684210526315,1.0
speed,channel.speed_kmh,3,,1005,Proposed_no_confidence,1.3629967855362262,0.17037459819202827,0.21628076102281846,0.10019736842105263,256.0,0.0053242061935008834,1.5897119316389183,2.90801844916701,0.9676315789473684,0.36289473684210527
speed,channel.speed_kmh,3,,1005,Proposed_no_importance,1.4997735285640221,0.18747169107050277,0.12207104739048778,0.048223684210526314,256.0,0.0058584903459532114,1.4529351886111224,2.7275561464420757,0.9673684210526315,0.2546052631578947
speed,channel.speed_kmh,3,,1006,Exact,1.5520170688617596,0.19400213360771995,0.001188964577434988,0.02539473684210526,11.014736842105263,0.1409036903114174,1.4348906435627606,2.6850747391454632,0.9913157894736843,0.02539473684210526
speed,channel.speed_kmh,3,,1006,Optimised,1.4983421934972236,0.18729277418715296,0.0689952970906418,0.05335526315789474,256.0,0.00585289919334853,1.4885655189272964,2.8065761096172612,0.9913157894736843,0.25375
speed,channel.speed_kmh,3,,1006,Proposed,1.5046308554832266,0.18807885693540333,0.06111440025652413,0.05243421052631579,256.0,0.005877464279231354,1.4822768569412936,2.7906327805134246,0.9913157894736843,0.25217105263157896
speed,channel.speed_kmh,3,,1006,Baseline,1.464650560081475,0.18308132001018437,0.08460858625533507,0.15335526315789474,256.0,0.005721291250318262,1.5222571523430453,2.8625050824845504,0.9913157894736843,0.5
speed,channel.speed_kmh,3,,1006,prediction_only,0.5222593667823212,0.06528242084779015,0.5240275283986067,0.0,0.0,,2.464648345642199,4.216982910028386,0.9913157894736843,0.0
speed,channel.speed_kmh,3,,1006,importance_only,1.5106349507600567,0.1888293688450071,0.04487206942806598,0.054407894736842106,256.0,0.0059009177764064715,1.4762727616644633,2.769519151929107,0.9913157894736843,0.25
speed,channel.speed_kmh,3,,1006,snr_threshold,1.3413352093484736,0.1676669011685592,0.16277906567456576,0.19414473684210526,256.0,0.005239590661517475,1.6455725030760469,3.0724090335717795,0.9913157894736843,0.5
speed,channel.speed_kmh,3,,1006,full_feedback,1.5113453749807158,0.18891817187258947,0.045091898802060416,0.21875,1024.0,0.0014759232177546052,1.4755623374438045,2.773982136220746,0.9913157894736843,1.0
speed,channel.speed_kmh,3,,1006,Proposed_no_confidence,1.253310576030534,0.15666382200381676,0.240804806455653,0.085,256.0,0.004895744437619274,1.7335971363939862,3.3298084070836746,0.9913157894736843,0.35151315789473686
speed,channel.speed_kmh,3,,1006,Proposed_no_importance,1.4669544151908425,0.1833693018988553,0.09279297833447946,0.054144736842105266,256.0,0.005730290684339228,1.5199532972336776,2.9008602853796392,0.9913157894736843,0.2551973684210526
speed,channel.speed_kmh,3,,1007,Exact,1.746074526359357,0.2182593157949196,0.001146480626417333,0.024736842105263158,10.593684210526316,0.1648222178101539,1.1553103099182231,2.3901175798773147,1.0,0.024736842105263158
speed,channel.speed_kmh,3,,1007,Optimised,1.6832085528628122,0.21040106910785153,0.09053985647299329,0.06763157894736842,256.0,0.00657503340962036,1.218176283414768,2.5265666830881943,1.0,0.25375
speed,channel.speed_kmh,3,,1007,Proposed,1.6950760960928284,0.21188451201160355,0.059114398876786406,0.0680921052631579,256.0,0.006621391000362611,1.2063087401847519,2.4957870786953285,1.0,0.25184210526315787
speed,channel.speed_kmh,3,,1007,Baseline,1.6313422446675412,0.20391778058344265,0.0948985640967483,0.1855921052631579,256.0,0.006372430643232583,1.270042591610039,2.617766926363202,1.0,0.5
speed,channel.speed_kmh,3,,1007,prediction_only,0.46183718105099414,0.05772964763137427,0.7872101678720952,0.0,0.0,,2.4395476552265865,4.366377991792551,1.0,0.0
speed,channel.speed_kmh,3,,1007,importance_only,1.6936679039456866,0.21170848799321082,0.049340379264892424,0.06605263157894736,256.0,0.006615890249787838,1.2077169323318935,2.516970570523962,1.0,0.25
speed,channel.speed_kmh,3,,1007,snr_threshold,1.5515635877823368,0.1939454484727921,0.1206646247668639,0.21230263157894738,256.0,0.006060795264774753,1.3498212484952432,2.8697921995377182,1.0,0.5
speed,channel.speed_kmh,3,,1007,full_feedback,1.6977292598593705,0.2122161574824213,0.045180072911506344,0.24493421052631578,1024.0,0.0016579387303314165,1.2036555764182097,2.4917616687314004,1.0,1.0
speed,channel.speed_kmh,3,,1007,Proposed_no_confidence,1.4979347687890434,0.18724184609863043,0.17850999955778324,0.12526315789473685,256.0,0.005851307690582201,1.4034500674885366,2.7700846501824357,1.0,0.3623026315789474
speed,channel.speed_kmh,3,,1007,Proposed_no_importance,1.674504814375128,0.209313101796891,0.09891880492893476,0.07085526315789474,256.0,0.006541034431152844,1.2268800219024523,2.5410495024220925,1.0,0.2553947368421053
speed,channel.speed_kmh,3,,1008,Exact,1.733735218035732,0.2167169022544665,0.0014661874100339813,0.024934210526315788,9.987368421052631,0.17359279691546642,1.2553575669774115,2.562200938099821,1.0,0.024934210526315788
speed,channel.speed_kmh,3,,1008,Optimised,1.6844034885166494,0.21055043606458118,0.0841464424550007,0.07236842105263158,256.0,0.006579701127018162,1.3046892964964938,2.681683800571492,1.0,0.25434210526315787
speed,channel.speed_kmh,3,,1008,Proposed,1.6834524835615505,0.21043156044519382,0.08868565245729591,0.07125,256.0,0.006575986263912307,1.3056403014515927,2.6692772175697916,1.0,0.2523026315789474
speed,channel.speed_kmh,3,,1008,Baseline,1.6337401015903097,0.2042175126987887,0.0914917820740025,0.17401315789473684,256.0,0.006381797271837147,1.3553526834228335,2.7313685399427974,1.0,0.5
speed,channel.speed_kmh,3,,1008,prediction_only,0.4241503850155334,0.05301879812694168,0.7881089728191328,0.0,0.0,,2.56494239999761,4.432830260827754,1.0,0.0
speed,channel.speed_kmh,3,,1008,importance_only,1.684202611294367,0.2105253264117959,0.05317062271387363,0.054144736842105266,256.0,0.0065789164503686215,1.3048901737187761,2.6811604297877176,1.0,0.25
speed,channel.speed_kmh,3,,1008,snr_threshold,1.5244963506744253,0.19056204383430317,0.17381681191687554,0.16375,256.0,0.005955063869821974,1.4645964343387177,3.017402604666795,1.0,0.5
speed,channel.speed_kmh,3,,1008,full_feedback,1.6909532124833522,0.21136915156041902,0.044693791339964414,0.2338815789473684,1024.0,0.0016513214965657736,1.298139572529791,2.6627451320754614,1.0,1.0
speed,channel.speed_kmh,3,,1008,Proposed_no_confidence,1.558168195168813,0.19477102439610164,0.1720626101486058,0.12901315789473683,256.0,0.006086594512378176,1.4309245898443304,2.924699883963902,1.0,0.3482236842105263
speed,channel.speed_kmh,3,,1008,Proposed_no_importance,1.674891099037735,0.20936138737971688,0.08595250035731915,0.07993421052631579,256.0,0.0065425433556161525,1.314201685975408,2.710653676374913,1.0,0.2548026315789474
speed,channel.speed_kmh,3,,1009,Exact,1.8712544118057968,0.2339068014757246,0.0011749829440504498,0.024407894736842104,10.47578947368421,0.17862657668966106,1.1156829859194237,2.2587047271877845,0.9321052631578948,0.024407894736842104
speed,channel.speed_kmh,3,,1009,Optimised,1.8103270916825331,0.22629088646031664,0.06936576863534727,0.05605263157894737,256.0,0.007071590201884895,1.1766103060426878,2.405669798460044,0.9321052631578948,0.2542105263157895
speed,channel.speed_kmh,3,,1009,Proposed,1.814753119174433,0.22684413989680413,0.05961499061945964,0.05598684210526316,256.0,0.007088879371775129,1.172184278550788,2.3881913051685424,0.9321052631578948,0.2521052631578947
speed,channel.speed_kmh,3,,1009,Baseline,1.7673695893632912,0.2209211986704114,0.0826743402375307,0.16394736842105262,256.0,0.0069037874584503564,1.2195678083619292,2.4345043207504755,0.9321052631578948,0.5
speed,channel.speed_kmh,3,,1009,prediction_only,0.3344312601377955,0.04180390751722444,0.7413523097107401,0.0,0.0,,2.6525061375874257,4.447508105092162,0.9321052631578948,0.0
speed,channel.speed_kmh,3,,1009,importance_only,1.819822759825059,0.22747784497813237,0.0480820247108563,0.05651315789473684,256.0,0.007108682655566636,1.167114637900162,2.3610764295658164,0.9321052631578948,0.25
speed,channel.speed_kmh,3,,1009,snr_threshold,1.5322347405516676,0.19152934256895845,0.2004202242892685,0.16875,256.0,0.005985291955279952,1.454702657173553,2.735719406324133,0.9331578947368421,0.5
speed,channel.speed_kmh,3,,1009,full_feedback,1.8284830342980225,0.2285603792872528,0.03977932407822837,0.21157894736842106,1024.0,0.0017856279631816626,1.1584543634271982,2.3528936355585937,0.9321052631578948,1.0
speed,channel.speed_kmh,3,,1009,Proposed_no_confidence,1.5220970362981816,0.1902621295372727,0.24128218503841187,0.09526315789473684,256.0,0.005945691548039772,1.4648403614270393,2.7061306106335814,0.9334210526315789,0.36019736842105265
speed,channel.speed_kmh,3,,1009,Proposed_no_importance,1.7973752987665588,0.22467191234581985,0.06856811670661826,0.058092105263157896,256.0,0.00702099726080687,1.189562098958662,2.39686889761587,0.9321052631578948,0.2553947368421053
speed,channel.speed_kmh,10,,1000,Exact,1.8817873744478064,0.2352234218059758,0.004894432870078314,0.06782894736842106,28.17684210526316,0.06678489262273671,1.1057477423622888,2.190044843758118,0.9486842105263158,0.06782894736842106
speed,channel.speed_kmh,10,,1000,Optimised,1.7632279616033228,0.22040349520041536,0.13031150489990218,0.0694078947368421,256.0,0.00688760922501298,1.2243071552067724,2.4236324710038493,0.9494736842105264,0.2894078947368421
speed,channel.speed_kmh,10,,1000,Proposed,1.763106282734768,0.220388285341846,0.12652314782562812,0.07223684210526315,256.0,0.006887133916932688,1.224428834075327,2.4331677165160186,0.9486842105263158,0.2829605263157895
speed,channel.speed_kmh,10,,1000,Baseline,1.7947669989903758,0.22434587487379698,0.07710109418950765,0.15092105263157896,256.0,0.007010808589806156,1.1927681178197196,2.3673717712819267,0.9486842105263158,0.5
speed,channel.speed_kmh,10,,1000,prediction_only,0.4435121977536044,0.05543902471920055,0.7774140274557036,0.0,0.0,,2.5440229190564905,4.302884229727217,0.9992105263157894,0.0
speed,channel.speed_kmh,10,,1000,importance_only,1.812786757749845,0.22659834471873064,0.07687455399420243,0.05907894736842105,256.0,0.007081198272460332,1.1747483590602505,2.344026911778946,0.9486842105263158,0.25
speed,channel.speed_kmh,10,,1000,snr_threshold,1.5457601271739259,0.19322001589674073,0.22026633968487058,0.14736842105263157,256.0,0.006038125496773148,1.4417749896361693,2.819393083945004,0.9660526315789474,0.5
speed,channel.speed_kmh,10,,1000,full_feedback,1.8500902725791606,0.23126128407239507,0.036320683889872224,0.20046052631578948,1024.0,0.0018067287818155865,1.137444844230935,2.2670584594599656,0.9486842105263158,1.0
speed,channel.speed_kmh,10,,1000,Proposed_no_confidence,1.4555258798459243,0.18194073498074054,0.3073578553154777,0.08217105263157895,256.0,0.005685647968148142,1.532009236964171,2.979397390514822,0.9510526315789474,0.33690789473684213
speed,channel.speed_kmh,10,,1000,Proposed_no_importance,1.6893823550473563,0.21117279438091954,0.15241265720591088,0.07032894736842105,256.0,0.006599149824403736,1.2981527617627389,2.5822810477484195,0.9597368421052631,0.27848684210526314
speed,channel.speed_kmh,10,,1001,Exact,1.7788430878808486,0.22235538598510607,0.007288588203549207,0.08026315789473684,35.26736842105263,0.050438781443612885,1.2095190361563892,2.52096622664254,0.9555263157894737,0.08026315789473684
speed,channel.speed_kmh,10,,1001,Optimised,1.6244834343071708,0.20306042928839635,0.15742812160878458,0.09157894736842105,256.0,0.006345638415262386,1.3638786897300668,2.7825208425080477,0.9568421052631579,0.2901315789473684
speed,channel.speed_kmh,10,,1001,Proposed,1.6655649425428676,0.20819561781785845,0.12778373055743675,0.08848684210526316,256.0,0.0065061130568080765,1.3227971814943702,2.7544453239985387,0.9647368421052631,0.28519736842105264
speed,channel.speed_kmh,10,,1001,Baseline,1.6742146647135054,0.20927683308918818,0.09851599242899256,0.18361842105263157,256.0,0.006539901034037131,1.3141474593237326,2.721053065073763,0.9568421052631579,0.5
speed,channel.speed_kmh,10,,1001,prediction_only,0.23030180640874065,0.02878772580109258,0.8254399014281922,0.0,0.0,,2.7580603176284972,4.640558274936881,1.0,0.0
speed,channel.speed_kmh,10,,1001,importance_only,1.6695850805877757,0.20869813507347196,0.11015152930796522,0.07276315789473685,256.0,0.006521816721045999,1.3187770434494621,2.7548116120336745,0.9557894736842105,0.25
speed,channel.speed_kmh,10,,1001,snr_threshold,1.412773613662039,0.17659670170775488,0.23511848010342373,0.18203947368421053,256.0,0.00551864692836734,1.5755885103751985,3.132629666335037,0.966842105263158,0.5
speed,channel.speed_kmh,10,,1001,full_feedback,1.7372365067618163,0.21715456334522704,0.048569754050745435,0.2536842105263158,1024.0,0.0016965200261345862,1.251125617275421,2.616259779637906,0.9563157894736842,1.0
speed,channel.speed_kmh,10,,1001,Proposed_no_confidence,1.2133681810176398,0.15167102262720497,0.35848223551696917,0.12210526315789473,256.0,0.004739719457100155,1.7749939430195982,3.3166685175993535,0.9728947368421053,0.36947368421052634
speed,channel.speed_kmh,10,,1001,Proposed_no_importance,1.5406869424923275,0.19258586781154094,0.19131770240932544,0.0906578947368421,256.0,0.006018308369110654,1.4476751815449103,2.905657788031676,0.9673684210526315,0.28092105263157896
speed,channel.speed_kmh,10,,1002,Exact,1.753969742781915,0.21924621784773937,0.006374074887971779,0.08013157894736841,34.88,0.050285829781591594,1.247036644349081,2.5352186161689034,0.9657894736842105,0.08013157894736841
speed,channel.speed_kmh,10,,1002,Optimised,1.578021471372046,0.19725268392150574,0.14576047243125828,0.0838157894736842,256.0,0.0061641463725470545,1.42298491575895,2.8650295585893066,0.9697368421052631,0.2900657894736842
speed,channel.speed_kmh,10,,1002,Proposed,1.6363029785486412,0.20453787231858014,0.13165647112544862,0.08394736842105263,256.0,0.0063918085099556295,1.3647034085823548,2.7518702085099216,0.968421052631579,0.2870394736842105
speed,channel.speed_kmh,10,,1002,Baseline,1.6536843763044482,0.20671054703805603,0.08985992646261627,0.17703947368421052,256.0,0.006459704594939251,1.347322010826548,2.704902644234759,0.9707894736842105,0.5
speed,channel.speed_kmh,10,,1002,prediction_only,0.19843028278097205,0.024803785347621506,0.8044581384913488,0.0,0.0,,2.802576104350024,4.792131835998903,1.0,0.0
speed,channel.speed_kmh,10,,1002,importance_only,1.6550054530140395,0.20687568162675493,0.10530025511750163,0.06888157894736842,256.0,0.006464865050836092,1.3460009341169568,2.7492232328427515,0.9681578947368421,0.25
speed,channel.speed_kmh,10,,1002,snr_threshold,1.2815479489711168,0.1601934936213896,0.30452556498632366,0.18598684210526314,256.0,0.005006046675668425,1.7194584381598794,3.4021505053157504,0.9663157894736842,0.5
speed,channel.speed_kmh,10,,1002,full_feedback,1.7135508871878309,0.21419386089847886,0.04229088705882845,0.24414473684210528,1024.0,0.001673389538269366,1.287455499943165,2.612148649465727,0.9671052631578947,1.0
speed,channel.speed_kmh,10,,1002,Proposed_no_confidence,1.2434339870829005,0.15542924838536257,0.3686788168747106,0.11486842105263158,256.0,0.00485716401204258,1.7575724000480957,3.3744341890182765,0.993421052631579,0.3580921052631579
speed,channel.speed_kmh,10,,1002,Proposed_no_importance,1.4798104897633026,0.18497631122041283,0.2022843092282916,0.08144736842105263,256.0,0.005780509725637901,1.5211958973676936,3.015771859481465,0.9702631578947368,0.2775657894736842
speed,channel.speed_kmh,10,,1003,Exact,1.8457486935430452,0.23071858669288065,0.004932167679185837,0.07296052631578948,32.13473684210526,0.05743780329094251,1.2142837362436836,2.358381487477661,0.9494736842105264,0.07296052631578948
speed,channel.speed_kmh,10,,1003,Optimised,1.621567078623815,0.20269588482797687,0.15351626136516686,0.08296052631578947,256.0,0.006334246400874277,1.4384653511629135,2.7606330556812915,0.9497368421052632,0.2894736842105263
speed,channel.speed_kmh,10,,1003,Proposed,1.7008149144776357,0.21260186430970446,0.11858163843619095,0.0805921052631579,256.0,0.006643808259678264,1.3592175153090926,2.740305954110923,0.9494736842105264,0.2810526315789474
speed,channel.speed_kmh,10,,1003,Baseline,1.7504840697553798,0.21881050871942248,0.08222357508216695,0.16052631578947368,256.0,0.0068378283974819525,1.3095483600313487,2.5302190658507415,0.95,0.5
speed,channel.speed_kmh,10,,1003,prediction_only,0.9246056559640706,0.11557570699550883,0.519134213157714,0.0,0.0,,2.135426773822658,3.7196046989359743,1.0,0.0
speed,channel.speed_kmh,10,,1003,importance_only,1.76417075692345,0.22052134461543124,0.08587466550487347,0.06427631578947368,256.0,0.006891292019232226,1.2958616728632786,2.549289301906548,0.9494736842105264,0.25
speed,channel.speed_kmh,10,,1003,snr_threshold,1.4903421910972956,0.18629277388716195,0.2095851529278011,0.1725,256.0,0.005821649183973811,1.569690238689433,2.93647765375227,0.9873684210526316,0.5
speed,channel.speed_kmh,10,,1003,full_feedback,1.8092158193271644,0.22615197741589554,0.038901533594322045,0.22835526315789473,1024.0,0.001766812323561684,1.2508166104595642,2.436293428206183,0.9494736842105264,1.0
speed,channel.speed_kmh,10,,1003,Proposed_no_confidence,1.4570647749486256,0.1821330968685782,0.2522663608005848,0.10388157894736842,256.0,0.005691659277143069,1.602967654838103,2.98388003725709,0.9515789473684211,0.34532894736842107
speed,channel.speed_kmh,10,,1003,Proposed_no_importance,1.5724281846472026,0.19655352308090032,0.19759220614246387,0.08375,256.0,0.006142297596278135,1.4876042451395262,2.910995632308392,0.9528947368421052,0.27592105263157896
speed,channel.speed_kmh,10,,1004,Exact,1.8081280908432684,0.22601601135540855,0.0058984319680750715,0.07671052631578948,33.31368421052632,0.054275836902840775,1.2371134995039201,2.5250801022326326,0.963421052631579,0.07671052631578948
speed,channel.speed_kmh,10,,1004,Optimised,1.526537314976912,0.190817164372114,0.22431895627160287,0.08289473684210526,256.0,0.005963036386628562,1.5187042753702769,3.0065550871815163,0.9731578947368421,0.2844736842105263
speed,channel.speed_kmh,10,,1004,Proposed,1.5957887165051279,0.19947358956314098,0.17976993376345438,0.08098684210526316,256.0,0.006233549673848156,1.4494528738420611,2.8989505062638248,0.963421052631579,0.28078947368421053
speed,channel.speed_kmh,10,,1004,Baseline,1.701884494902113,0.21273556186276413,0.08899659935192517,0.17414473684210527,256.0,0.006647986308211379,1.3433570954450755,2.7327786166071637,0.9636842105263158,0.5
speed,channel.speed_kmh,10,,1004,prediction_only,0.691150526340399,0.08639381579254987,0.7546955241390978,0.0,0.0,,2.3540910640067896,4.135794778712987,1.0,0.0
speed,channel.speed_kmh,10,,1004,importance_only,1.7280285420579673,0.2160035677572459,0.08735621506541029,0.06953947368421053,256.0,0.006750111492413935,1.3172130482892215,2.713815222189264,0.9647368421052631,0.25
speed,channel.speed_kmh,10,,1004,snr_threshold,1.4144299779003568,0.1768037472375446,0.23724456797111254,0.18039473684210527,256.0,0.005525117101173269,1.6308116124468317,3.1839811728675236,0.9655263157894737,0.5
speed,channel.speed_kmh,10,,1004,full_feedback,1.7700369831418845,0.22125462289273556,0.04202675807349713,0.24243421052631578,1024.0,0.0017285517413494966,1.2752046072053043,2.5984576964765913,0.963421052631579,1.0
speed,channel.speed_kmh,10,,1004,Proposed_no_confidence,1.238318880698546,0.15478986008731824,0.3608625826126804,0.11105263157894738,256.0,0.004837183127728695,1.8069227096486424,3.4119533234789734,0.9815789473684211,0.35901315789473687
speed,channel.speed_kmh,10,,1004,Proposed_no_importance,1.554537034120435,0.19431712926505437,0.217204499324723,0.07993421052631579,256.0,0.006072410289532949,1.4907045562267534,2.9914556439585387,0.9710526315789474,0.2780921052631579
speed,channel.speed_kmh,10,,1005,Exact,1.6394770591990775,0.2049346323998847,0.006456902522818109,0.08414473684210526,37.08631578947369,0.04420706193912135,1.3132316579760672,2.586369413733458,0.9789473684210527,0.08414473684210526
speed,channel.speed_kmh,10,,1005,Optimised,1.4854619961417364,0.18568274951771704,0.18366132413329397,0.09453947368421052,256.0,0.005802585922428658,1.4672467210334081,2.8630265782954587,0.9821052631578947,0.28809210526315787
speed,channel.speed_kmh,10,,1005,Proposed,1.5042111270738272,0.1880263908842284,0.17164778652976984,0.09098684210526316,256.0,0.0058758247151321375,1.4484975901013173,2.858287795621092,0.9815789473684211,0.28401315789473686
speed,channel.speed_kmh,10,,1005,Baseline,1.5358409080590165,0.19198011350737706,0.09636529474875015,0.1831578947368421,256.0,0.005999378547105533,1.4168678091161282,2.7744657557532384,0.9813157894736843,0.5
speed,channel.speed_kmh,10,,1005,prediction_only,0.6010800152687472,0.0751350019085934,0.7691553661807821,0.0,0.0,,2.3516287019063973,4.2030415979562905,1.0,0.0
speed,channel.speed_kmh,10,,1005,importance_only,1.5475088233868257,0.19343860292335321,0.10684220630150706,0.07519736842105264,256.0,0.006044956341354788,1.4051998937883188,2.780503702603615,0.9789473684210527,0.25
speed,channel.speed_kmh,10,,1005,snr_threshold,1.2943349826999229,0.16179187283749036,0.2527632726786548,0.18078947368421053,256.0,0.005055996026171574,1.6583737344752219,3.1307373572404944,0.9936842105263158,0.5
speed,channel.speed_kmh,10,,1005,full_feedback,1.59962015294413,0.19995251911801626,0.04715486943795671,0.2546052631578947,1024.0,0.001562129055609502,1.3530885642310146,2.6958735840828516,0.9792105263157894,1.0
speed,channel.speed_kmh,10,,1005,Proposed_no_confidence,1.1429362135201673,0.1428670266900209,0.3337257915778497,0.11861842105263158,256.0,0.004464594584063153,1.8097725036549772,3.39015496432788,0.9815789473684211,0.36526315789473685
speed,channel.speed_kmh,10,,1005,Proposed_no_importance,1.4122360164014012,0.17652950205017515,0.2180054887419099,0.08644736842105263,256.0,0.005516546939067973,1.5404727007737433,2.9632547799292666,0.9815789473684211,0.2798684210526316
speed,channel.speed_kmh,10,,1006,Exact,1.7765526373567349,0.22206907966959186,0.006044980801892648,0.07980263157894738,33.34736842105263,0.053274147900533406,1.2103550750677852,2.437418131520769,0.953421052631579,0.07980263157894738
speed,channel.speed_kmh,10,,1006,Optimised,1.5920983728948321,0.19901229661185402,0.16203003753905235,0.08375,256.0,0.006219134269120438,1.394809339529688,2.821476569439965,0.9536842105263158,0.28717105263157894
speed,channel.speed_kmh,10,,1006,Proposed,1.6239945661948387,0.20299932077435484,0.16524963989568822,0.08111842105263158,256.0,0.006343728774198589,1.3629131462296815,2.7172826818343387,0.9552631578947368,0.2816447368421053
speed,channel.speed_kmh,10,,1006,Baseline,1.6813619809142901,0.21017024761428627,0.08561929676645566,0.16651315789473684,256.0,0.006567820237946446,1.30554573151023,2.623149880987956,0.9552631578947368,0.5
speed,channel.speed_kmh,10,,1006,prediction_only,0.6542745073671236,0.08178431342089044,0.5777304735557384,0.0,0.0,,2.332633205057397,4.084528381965722,0.9544736842105264,0.0
speed,channel.speed_kmh,10,,1006,importance_only,1.6940688200831022,0.21175860251038778,0.10010386764946465,0.06546052631578947,256.0,0.006617456328449618,1.2928388923414178,2.649185883011827,0.953421052631579,0.25
speed,channel.speed_kmh,10,,1006,snr_threshold,1.3879636754684452,0.17349545943355565,0.22847408140597814,0.1688815789473684,256.0,0.005421733107298614,1.598944036956075,3.0920595999792724,0.9536842105263158,0.5
speed,channel.speed_kmh,10,,1006,full_feedback,1.7440370972358878,0.21800463715448598,0.0404566987669098,0.23125,1024.0,0.0017031612277694217,1.2428706151886322,2.509313041844696,0.953421052631579,1.0
speed,channel.speed_kmh,10,,1006,Proposed_no_confidence,1.1640084039323284,0.14550105049154105,0.33600565637904756,0.10342105263157894,256.0,0.004546907827860658,1.8228993084921916,3.402945842677691,0.9768421052631578,0.3580921052631579
speed,channel.speed_kmh,10,,1006,Proposed_no_importance,1.5597646078789118,0.19497057598486398,0.18092630144138916,0.07407894736842105,256.0,0.006092830499526999,1.4271431045456087,2.824114489239101,0.9542105263157895,0.2793421052631579
speed,channel.speed_kmh,10,,1007,Exact,1.6997596309759864,0.2124699538719983,0.005854641417452479,0.07921052631578947,32.65684210526316,0.05204911195936007,1.201625205301594,2.5980443493090655,0.9773684210526316,0.07921052631578947
speed,channel.speed_kmh,10,,1007,Optimised,1.5238769367830387,0.19048461709787984,0.1638545291233222,0.09210526315789473,256.0,0.005952644284308745,1.3775078994945416,2.882252341732161,0.998421052631579,0.29046052631578945
speed,channel.speed_kmh,10,,1007,Proposed,1.5720552863973678,0.19650691079967098,0.1343172043471636,0.08809210526315789,256.0,0.006140840962489718,1.3293295498802122,2.850282281331404,0.9776315789473684,0.28651315789473686
speed,channel.speed_kmh,10,,1007,Baseline,1.5950680188757131,0.19938350235946414,0.09020397352218269,0.17605263157894738,256.0,0.0062307344487332545,1.3063168174018676,2.8069618817224047,0.9786842105263158,0.5
speed,channel.speed_kmh,10,,1007,prediction_only,0.382241599238086,0.04778019990476075,0.8026660013761375,0.0,0.0,,2.519143237039494,4.401627990521146,1.0,0.0
speed,channel.speed_kmh,10,,1007,importance_only,1.5996285313787422,0.19995356642234277,0.10014562498751708,0.07592105263157894,256.0,0.006248548950698212,1.301756304898838,2.8155546316213504,0.9776315789473684,0.25
speed,channel.speed_kmh,10,,1007,snr_threshold,1.2244029575031317,0.15305036968789146,0.2837905188495805,0.18855263157894736,256.0,0.004782824052746608,1.6769818787744484,3.2930726442704357,0.9781578947368421,0.5
speed,channel.speed_kmh,10,,1007,full_feedback,1.6554113812155828,0.20692642265194786,0.045034155321189095,0.2480921052631579,1024.0,0.0016166126769683426,1.2459734550619974,2.6950679513875744,0.9776315789473684,1.0
speed,channel.speed_kmh,10,,1007,Proposed_no_confidence,1.1832735004647117,0.14790918755808896,0.3638594634939854,0.10730263157894737,256.0,0.00462216211119028,1.7181113358128686,3.418924007130875,0.9792105263157894,0.3514473684210526
speed,channel.speed_kmh,10,,1007,Proposed_no_importance,1.4446324228312502,0.18057905285390627,0.23660820044909706,0.08539473684210526,256.0,0.005643095401684571,1.45675241344633,3.002476990904726,0.998421052631579,0.2783552631578947
speed,channel.speed_kmh,10,,1008,Exact,1.7165311561900232,0.2145663945237529,0.006836096131124095,0.0825,36.311578947368425,0.04727228079720901,1.2725616288231203,2.646307346321725,0.9739473684210527,0.0825
speed,channel.speed_kmh,10,,1008,Optimised,1.469818296228421,0.18372728702855262,0.22286722452103855,0.08276315789473684,256.0,0.005741477719642269,1.519274488784722,3.1023112884637847,0.9776315789473684,0.2844736842105263
speed,channel.speed_kmh,10,,1008,Proposed,1.4825024135947085,0.18531280169933856,0.2547198374140934,0.08782894736842105,256.0,0.00579102505310433,1.506590371418435,3.0148326031332786,0.9876315789473684,0.2776315789473684
speed,channel.speed_kmh,10,,1008,Baseline,1.6063540486749353,0.2007942560843669,0.09592486824705684,0.18203947368421053,256.0,0.006274820502636466,1.3827387363382078,2.8508976274457183,0.9742105263157895,0.5
speed,channel.speed_kmh,10,,1008,prediction_only,0.3947890421043865,0.04934863026304831,0.7770266135779043,0.0,0.0,,2.594303742908757,4.486467051529422,0.9828947368421053,0.0
speed,channel.speed_kmh,10,,1008,importance_only,1.6165502487924148,0.20206878109905185,0.10691059860430234,0.07052631578947369,256.0,0.00631464940934537,1.3725425362207284,2.869044625046235,0.9742105263157895,0.25
speed,channel.speed_kmh,10,,1008,snr_threshold,1.2155541110203913,0.15194426387754892,0.3041453288228048,0.17868421052631578,256.0,0.004748258246173404,1.7735386739927517,3.435569721014279,0.9773684210526316,0.5
speed,channel.speed_kmh,10,,1008,full_feedback,1.6732432414445757,0.20915540518057196,0.04555554618689625,0.2505921052631579,1024.0,0.0016340266029732185,1.3158495435685673,2.7378226255892466,0.9739473684210527,1.0
speed,channel.speed_kmh,10,,1008,Proposed_no_confidence,1.2532101169912075,0.15665126462390094,0.3248690447782801,0.10848684210526316,256.0,0.0048953520194969045,1.7358826680219355,3.4135520542062534,0.9744736842105263,0.3472368421052632
speed,channel.speed_kmh,10,,1008,Proposed_no_importance,1.40892597411657,0.17611574676457126,0.23433277101772063,0.07671052631578948,256.0,0.005503617086392852,1.5801668108965732,3.2031302179967653,0.9773684210526316,0.2735526315789474
speed,channel.speed_kmh,10,,1009,Exact,1.8096073388641933,0.22620091735802417,0.007338170444094244,0.08118421052631579,34.677894736842106,0.052183310221010915,1.1773300588610274,2.475503393020694,0.9386842105263158,0.08118421052631579
speed,channel.speed_kmh,10,,1009,Optimised,1.6685266720299814,0.20856583400374767,0.1265570616708719,0.08657894736842105,256.0,0.006517682312617115,1.3184107256952395,2.7210141661952805,0.9492105263157895,0.2924342105263158
speed,channel.speed_kmh,10,,1009,Proposed,1.6658600904022036,0.20823251130027545,0.12977622501624375,0.0863157894736842,256.0,0.006507265978133608,1.3210773073230173,2.719949041090047,0.9478947368421052,0.2866447368421053
speed,channel.speed_kmh,10,,1009,Baseline,1.700114063325332,0.2125142579156665,0.0901693675768035,0.1726315789473684,256.0,0.006641070559864578,1.286823334399889,2.633900129668094,0.9413157894736842,0.5
speed,channel.speed_kmh,10,,1009,prediction_only,0.33855012097649717,0.042318765122062146,0.7317636268686949,0.0,0.0,,2.6483872767487235,4.406798062272623,0.9515789473684211,0.0
speed,channel.speed_kmh,10,,1009,importance_only,1.706309864644708,0.2132887330805885,0.10504092773639627,0.06743421052631579,256.0,0.00666527290876839,1.2806275330805132,2.6975842667460954,0.9386842105263158,0.25
speed,channel.speed_kmh,10,,1009,snr_threshold,1.3158052153615627,0.16447565192019534,0.3192972537043142,0.17842105263157895,256.0,0.005139864122506104,1.671132182363658,3.204065804209582,0.9755263157894737,0.5
speed,channel.speed_kmh,10,,1009,full_feedback,1.7673996904679317,0.22092496130849146,0.045512018393035515,0.2450657894736842,1024.0,0.0017259762602225895,1.2195377072572893,2.557612596908908,0.9389473684210526,1.0
speed,channel.speed_kmh,10,,1009,Proposed_no_confidence,1.071530173626003,0.13394127170325038,0.4173803078358158,0.11592105263157895,256.0,0.004185664740726574,1.9154072240992177,3.502401612980107,0.988421052631579,0.3493421052631579
speed,channel.speed_kmh,10,,1009,Proposed_no_importance,1.501208540595625,0.18765106757445313,0.2440801658618742,0.08335526315789474,256.0,0.00586409586170166,1.485728857129596,2.8838763222909694,0.9678947368421053,0.2777631578947368
speed,channel.speed_kmh,20,,1000,Exact,1.831357888541401,0.22891973606767513,0.011378076869330027,0.15539473684210525,65.34736842105264,0.02802496768869734,1.1561772282686942,2.382277875431338,0.9423684210526316,0.15539473684210525
speed,channel.speed_kmh,20,,1000,Optimised,1.5118140797848936,0.1889767599731117,0.2784664286458112,0.12105263157894737,256.0,0.0059055237491597405,1.4757210370252016,2.8925984627733925,0.9618421052631579,0.33164473684210527
speed,channel.speed_kmh,20,,1000,Proposed,1.6086944658211695,0.20108680822764619,0.20421040608272306,0.12223684210526316,256.0,0.006283962757113943,1.378840650988926,2.773781868046666,0.9497368421052632,0.33532894736842106
speed,channel.speed_kmh,20,,1000,Baseline,1.7235571748954326,0.21544464686192907,0.09748110407748421,0.19177631578947368,256.0,0.0067326452144352835,1.2639779419146628,2.589358013178024,0.945,0.5
speed,channel.speed_kmh,20,,1000,prediction_only,0.5342380041626189,0.06677975052032736,0.7326174960455719,0.0,0.0,,2.4532971126474763,4.173203935954116,0.9968421052631579,0.0
speed,channel.speed_kmh,20,,1000,importance_only,1.6707194072300766,0.20883992590375958,0.16481078302985971,0.08717105263157894,256.0,0.006526247684492487,1.3168157095800188,2.667982993114898,0.945,0.25
speed,channel.speed_kmh,20,,1000,snr_threshold,1.4216562548011247,0.17770703185014058,0.28809511542652866,0.1856578947368421,256.0,0.005553344745316893,1.5658788620089705,3.047570343400557,0.983421052631579,0.5
speed,channel.speed_kmh,20,,1000,full_feedback,1.8025158631029798,0.22531448288787248,0.04002624032302912,0.2657894736842105,1024.0,0.0017602693975615038,1.1850192537071156,2.430697116143824,0.9426315789473684,1.0
speed,channel.speed_kmh,20,,1000,Proposed_no_confidence,1.2099458464879373,0.15124323081099217,0.4160938601226907,0.12092105263157894,256.0,0.004726350962843505,1.7775892703221579,3.278233285019279,0.9831578947368421,0.3601315789473684
speed,channel.speed_kmh,20,,1000,Proposed_no_importance,1.4436789378903685,0.18045986723629606,0.2812213704000329,0.10789473684210527,256.0,0.005639370851134252,1.5438561789197267,2.993162688414273,0.9573684210526315,0.31855263157894737
speed,channel.speed_kmh,20,,1001,Exact,1.74270927379761,0.21783865922470125,0.012128423257295485,0.16414473684210526,69.15368421052632,0.02520052682214639,1.2456528502396276,2.6246961318656115,0.9671052631578947,0.16414473684210526
speed,channel.speed_kmh,20,,1001,Optimised,1.443595623408028,0.1804494529260035,0.2560796955001731,0.13210526315789473,256.0,0.00563904540393761,1.5447665006292097,3.1299689371065575,0.9871052631578947,0.33907894736842104
speed,channel.speed_kmh,20,,1001,Proposed,1.4773502375499938,0.18466877969374923,0.2560153135820461,0.13592105263157894,256.0,0.005770899365429663,1.511011886487244,3.1562829085896023,0.9913157894736843,0.34375
speed,channel.speed_kmh,20,,1001,Baseline,1.6247075185701938,0.20308843982127422,0.1093182756542287,0.2075,256.0,0.0063465137444148195,1.3636546054670438,2.812222942547344,0.9678947368421053,0.5
speed,channel.speed_kmh,20,,1001,prediction_only,0.26391081117875237,0.032988851397344046,0.77183454709746,0.0,0.0,,2.7244513128584855,4.607762801996187,0.9986842105263158,0.0
speed,channel.speed_kmh,20,,1001,importance_only,1.5569395914762647,0.1946174489345331,0.19427019045261007,0.09480263157894737,256.0,0.006081795279204159,1.4314225325609728,2.956926717783609,0.9710526315789474,0.25
speed,channel.speed_kmh,20,,1001,snr_threshold,1.1166354101416518,0.13957942626770647,0.35110287318591954,0.19467105263157894,256.0,0.004361857070865827,1.8717267138955858,3.5876632144595333,0.9702631578947368,0.5
speed,channel.speed_kmh,20,,1001,full_feedback,1.7101872934887903,0.21377341168609879,0.04498966641649456,0.29710526315789476,1024.0,0.0016701047787976468,1.2781748305484473,2.67928293287905,0.9671052631578947,1.0
speed,channel.speed_kmh,20,,1001,Proposed_no_confidence,0.9193413684454299,0.11491767105567874,0.44315457643696143,0.13592105263157894,256.0,0.0035911772204899606,2.069020755591808,3.816159327381914,0.9818421052631578,0.36282894736842103
speed,channel.speed_kmh,20,,1001,Proposed_no_importance,1.1770569010742584,0.1471321126342823,0.3821166546957218,0.1244078947368421,256.0,0.004597878519821322,1.8113052229629794,3.441507570052545,0.9894736842105263,0.32335526315789476
speed,channel.speed_kmh,20,,1002,Exact,1.727299097275362,0.21591238715942024,0.01260996258607834,0.16717105263157894,71.91578947368421,0.0240183568854156,1.273707289855634,2.5938704140166964,0.9705263157894737,0.16717105263157894
speed,channel.speed_kmh,20,,1002,Optimised,1.4093486135518434,0.17616857669398042,0.28800652526111714,0.13598684210526316,256.0,0.005505268021686888,1.5916577735791528,3.1844820231865936,0.9776315789473684,0.33848684210526314
speed,channel.speed_kmh,20,,1002,Proposed,1.425092224533779,0.17813652806672237,0.27499457812562833,0.1419078947368421,256.0,0.005566766502085074,1.5759141625972168,3.147593232020262,0.9778947368421053,0.3454605263157895
speed,channel.speed_kmh,20,,1002,Baseline,1.6007735430421826,0.20009669288027282,0.11329823441764189,0.20953947368421053,256.0,0.006253021652508526,1.4002328440888132,2.8004556687760034,0.9728947368421053,0.5
speed,channel.speed_kmh,20,,1002,prediction_only,0.2737891564773477,0.03422364455966846,0.7721056453186843,0.0,0.0,,2.7272172306536486,4.73911993885875,0.9928947368421053,0.0
speed,channel.speed_kmh,20,,1002,importance_only,1.5406532611246766,0.19258165764058457,0.19316549711760767,0.09578947368421052,256.0,0.006018176801268268,1.4603531260063194,2.988664089690249,0.9715789473684211,0.25
speed,channel.speed_kmh,20,,1002,snr_threshold,0.9688214451176596,0.12110268063970744,0.4044661967338169,0.20098684210526316,256.0,0.0037844587699908576,2.0321849420133367,3.736519884181556,0.9742105263157895,0.5
speed,channel.speed_kmh,20,,1002,full_feedback,1.6895363855055108,0.21119204818818885,0.04727819261922799,0.30039473684210527,1024.0,0.0016499378764702254,1.3114700016254852,2.6705826167328066,0.9707894736842105,1.0
speed,channel.speed_kmh,20,,1002,Proposed_no_confidence,1.1526461115464324,0.14408076394330405,0.384321658953911,0.1493421052631579,256.0,0.0045025238732282515,1.8483602755845636,3.667614396841408,0.9852631578947368,0.38401315789473683
speed,channel.speed_kmh,20,,1002,Proposed_no_importance,1.2629402530550011,0.15786753163187514,0.36635861219290417,0.12986842105263158,256.0,0.004933360363496098,1.738066134075995,3.3933222011686115,0.9952631578947368,0.3244078947368421
speed,channel.speed_kmh,20,,1003,Exact,1.821985494199511,0.22774818677493888,0.010120802335383145,0.1430263157894737,59.334736842105265,0.030706894328156674,1.238046935587218,2.5137285778901304,0.9526315789473684,0.1430263157894737
speed,channel.speed_kmh,20,,1003,Optimised,1.597086194209385,0.19963577427617313,0.19726802387769482,0.11401315789473684,256.0,0.00623861794613041,1.4629462355773435,2.9328228305369284,0.9555263157894737,0.3325657894736842
speed,channel.speed_kmh,20,,1003,Proposed,1.5154399766246751,0.1894299970780844,0.24549411889695702,0.11848684210526315,256.0,0.005919687408690137,1.5445924531620532,3.0403982626813058,0.9755263157894737,0.3380921052631579
speed,channel.speed_kmh,20,,1003,Baseline,1.714207172829308,0.2142758966036635,0.09619863449413035,0.1825,256.0,0.006696121768864484,1.3458252569574205,2.721199641562479,0.9536842105263158,0.5
speed,channel.speed_kmh,20,,1003,prediction_only,0.9153432907658414,0.11441791134573018,0.5504140721493238,0.0,0.0,,2.144689139020887,3.7750993519410585,1.0,0.0
speed,channel.speed_kmh,20,,1003,importance_only,1.6676061173406644,0.20845076466758306,0.1637685199022982,0.08519736842105263,256.0,0.0065140863958619705,1.392426312446064,2.8369438156999216,0.9536842105263158,0.25
speed,channel.speed_kmh,20,,1003,snr_threshold,1.437172929364247,0.17964661617053088,0.2274563007930902,0.18664473684210525,256.0,0.00561395675532909,1.6228595004224817,3.156540611538348,0.9544736842105264,0.5
speed,channel.speed_kmh,20,,1003,full_feedback,1.7956140169591202,0.22445175211989002,0.03987162327288933,0.2598684210526316,1024.0,0.0017535293134366408,1.2644184128276084,2.5715248903797705,0.9528947368421052,1.0
speed,channel.speed_kmh,20,,1003,Proposed_no_confidence,1.30921068944513,0.16365133618064126,0.3262183340289062,0.12625,256.0,0.005114104255645039,1.7508217403415984,3.3434481220798564,0.9673684210526315,0.37
speed,channel.speed_kmh,20,,1003,Proposed_no_importance,1.442109870840231,0.18026373385502886,0.2781206247537273,0.10256578947368421,256.0,0.005633241682969652,1.6179225589464974,3.1439228159502366,0.9678947368421053,0.3167105263157895
speed,channel.speed_kmh,20,,1004,Exact,1.7692744926280437,0.22115931157850546,0.012093795512148547,0.1682236842105263,70.66947368421053,0.02503590872254292,1.2759670977191448,2.576743658533081,0.9842105263157894,0.1682236842105263
speed,channel.speed_kmh,20,,1004,Optimised,1.395117341621573,0.17438966770269662,0.2719828395789279,0.12894736842105264,256.0,0.005449677115709269,1.6501242487256156,3.2696804050022643,0.9910526315789474,0.3355921052631579
speed,channel.speed_kmh,20,,1004,Proposed,1.3779318470163375,0.1722414808770422,0.299481247614033,0.12085526315789474,256.0,0.0053825462774075685,1.6673097433308512,3.180873710971764,0.9918421052631579,0.3296710526315789
speed,channel.speed_kmh,20,,1004,Baseline,1.651379155750876,0.2064223944688595,0.11089864935199731,0.2106578947368421,256.0,0.006450699827151859,1.3938624345963126,2.805587970297375,0.9855263157894737,0.5
speed,channel.speed_kmh,20,,1004,prediction_only,0.5888698790543412,0.07360873488179265,0.790720068043219,0.0,0.0,,2.456371711292848,4.171863753821044,1.0,0.0
speed,channel.speed_kmh,20,,1004,importance_only,1.592654379931597,0.19908179749144964,0.18438747536534816,0.09013157894736842,256.0,0.006221306171607801,1.4525872104155917,2.9265644568578253,0.9852631578947368,0.25
speed,channel.speed_kmh,20,,1004,snr_threshold,1.1600383797011882,0.14500479746264852,0.36499038088180025,0.19565789473684211,256.0,0.004531399920707766,1.8852032106460008,3.479779294823898,0.9921052631578947,0.5
speed,channel.speed_kmh,20,,1004,full_feedback,1.7371745809650936,0.2171468226206367,0.04352360676981822,0.2957236842105263,1024.0,0.0016964595517237242,1.308067009382095,2.6263915359124432,0.9844736842105263,1.0
speed,channel.speed_kmh,20,,1004,Proposed_no_confidence,1.098200539415722,0.13727506742696524,0.3881224007074926,0.13388157894736843,256.0,0.004289845857092664,1.9470410509314666,3.6616708114413252,0.9913157894736843,0.3736184210526316
speed,channel.speed_kmh,20,,1004,Proposed_no_importance,1.2881768327315797,0.16102210409144746,0.3343469183215009,0.11835526315789474,256.0,0.005031940752857733,1.7570647576156089,3.2674764672153893,0.9873684210526316,0.3200657894736842
speed,channel.speed_kmh,20,,1005,Exact,1.6653821506431363,0.20817276883039204,0.012993477287083513,0.1706578947368421,72.64,0.022926516391012338,1.2873265665320084,2.7158582611151036,0.9778947368421053,0.1706578947368421
speed,channel.speed_kmh,20,,1005,Optimised,1.388898700752877,0.17361233759410963,0.28070701749407034,0.13355263157894737,256.0,0.005425385549815926,1.5638100164222675,3.159947140906986,0.9897368421052631,0.33671052631578946
speed,channel.speed_kmh,20,,1005,Proposed,1.3962346056997088,0.1745293257124636,0.2774795280700504,0.1375657894736842,256.0,0.0054540414285144875,1.556474111475436,3.183142459490101,0.9810526315789474,0.3413815789473684
speed,channel.speed_kmh,20,,1005,Baseline,1.5462056261060078,0.19327570326325097,0.11225321324778792,0.20960526315789474,256.0,0.006039865726976593,1.406503091069137,2.904354498522684,0.9781578947368421,0.5
speed,channel.speed_kmh,20,,1005,prediction_only,0.5838639997934322,0.07298299997417902,0.7782871337923648,0.0,0.0,,2.3688447173817124,4.132825645469909,1.0,0.0
speed,channel.speed_kmh,20,,1005,importance_only,1.4932619039599495,0.1866577379949937,0.18802897962040027,0.09151315789473684,256.0,0.005833054312343553,1.4594468132151948,3.017422435996062,0.9778947368421053,0.25
speed,channel.speed_kmh,20,,1005,snr_threshold,1.134681399696102,0.14183517496201276,0.3906802817573837,0.19414473684210526,256.0,0.004432349217562899,1.8180273174790427,3.39946624333516,0.9942105263157894,0.5
speed,channel.speed_kmh,20,,1005,full_feedback,1.6335507580116242,0.20419384475145302,0.04701417317642618,0.30414473684210525,1024.0,0.0015952644121207268,1.3191579591635203,2.7716374671736412,0.9778947368421053,1.0
speed,channel.speed_kmh,20,,1005,Proposed_no_confidence,1.2498652604870064,0.1562331575608758,0.31005479639684136,0.14894736842105263,256.0,0.004882286173777369,1.702843456688138,3.31173515023916,0.9871052631578947,0.3894736842105263
speed,channel.speed_kmh,20,,1005,Proposed_no_importance,1.3195612357058533,0.16494515446323166,0.2735090264312884,0.12532894736842104,256.0,0.005154536076975989,1.6331474814692912,3.1978292643315083,0.9881578947368421,0.3261842105263158
speed,channel.speed_kmh,20,,1006,Exact,1.7972499657798457,0.22465624572248072,0.010803484835080306,0.15822368421052632,66.18947368421053,0.027153108579689146,1.1896577466446745,2.4222186511827726,0.96,0.15822368421052632
speed,channel.speed_kmh,20,,1006,Optimised,1.5217888537110384,0.1902236067138798,0.21746971411405835,0.12631578947368421,256.0,0.005944487709808744,1.4651188587134816,2.85471083881953,0.9731578947368421,0.33967105263157893
speed,channel.speed_kmh,20,,1006,Proposed,1.5486921917735295,0.19358652397169118,0.23593217528289165,0.12717105263157893,256.0,0.0060495788741153494,1.4382155206509906,2.855283735017977,0.9778947368421053,0.3413157894736842
speed,channel.speed_kmh,20,,1006,Baseline,1.6834902617220373,0.21043628271525466,0.1018105367211909,0.19638157894736843,256.0,0.006576133834851708,1.303417450702483,2.6388371149684247,0.9610526315789474,0.5
speed,channel.speed_kmh,20,,1006,prediction_only,0.6675495407481669,0.08344369259352086,0.5836553481291866,0.0,0.0,,2.319358171676353,4.030738990690865,0.9726315789473684,0.0
speed,channel.speed_kmh,20,,1006,importance_only,1.6398192575434802,0.20497740719293503,0.17220192680845062,0.08447368421052631,256.0,0.00640554397477922,1.34708845488104,2.688102832062986,0.9613157894736842,0.25
speed,channel.speed_kmh,20,,1006,snr_threshold,1.2767233118206331,0.15959041397757914,0.2880860298282372,0.18822368421052632,256.0,0.004987200436799348,1.7101844006038869,3.3551557050658283,0.9663157894736842,0.5
speed,channel.speed_kmh,20,,1006,full_feedback,1.7654144733799224,0.2206768091724903,0.04203273078947795,0.2848684210526316,1024.0,0.0017240375716600805,1.2214932390445976,2.485242412527434,0.96,1.0
speed,channel.speed_kmh,20,,1006,Proposed_no_confidence,1.1532907122208573,0.14416133902760717,0.41577037413279677,0.13138157894736843,256.0,0.004505041844612724,1.833617000203663,3.470935955740438,0.9789473684210527,0.3830921052631579
speed,channel.speed_kmh,20,,1006,Proposed_no_importance,1.2726345352211503,0.1590793169026438,0.3189810624412384,0.10342105263157894,256.0,0.0049712286532076185,1.7142731772033695,3.315773958508303,0.968421052631579,0.3167105263157895
speed,channel.speed_kmh,20,,1007,Exact,1.7161516773019496,0.2145189596627437,0.011217591941274646,0.1624342105263158,68.34526315789473,0.025110031010301445,1.1852331589756306,2.5381817538678475,0.9723684210526315,0.1624342105263158
speed,channel.speed_kmh,20,,1007,Optimised,1.274009984114423,0.15925124801430288,0.334392462729267,0.12414473684210527,256.0,0.004976601500446965,1.6273748521631568,3.2921082436456452,0.9902631578947368,0.33026315789473687
speed,channel.speed_kmh,20,,1007,Proposed,1.383237847776248,0.172904730972031,0.25438752483898874,0.1330263157894737,256.0,0.0054032728428759684,1.5181469885013323,3.0907502732914205,0.9792105263157894,0.34210526315789475
speed,channel.speed_kmh,20,,1007,Baseline,1.600485007416852,0.2000606259271065,0.10506658831926985,0.20684210526315788,256.0,0.006251894560222078,1.300899828860728,2.759182525712668,0.9755263157894737,0.5
speed,channel.speed_kmh,20,,1007,prediction_only,0.38118916095821165,0.047648645119776456,0.7999152037740951,0.0,0.0,,2.5201956753193686,4.467276407637716,0.9905263157894737,0.0
speed,channel.speed_kmh,20,,1007,importance_only,1.534816474849627,0.19185205935620336,0.19135841918467605,0.09473684210526316,256.0,0.005995376854881355,1.3665683614279533,2.834139278868424,0.9739473684210527,0.25
speed,channel.speed_kmh,20,,1007,snr_threshold,1.1247116430384707,0.14058895537980884,0.35205328833343136,0.19236842105263158,256.0,0.004393404855619026,1.7766731932391093,3.4345689113778235,0.988421052631579,0.5
speed,channel.speed_kmh,20,,1007,full_feedback,1.682901988198598,0.21036274852482476,0.04214613537058392,0.2925,1024.0,0.0016434589728501934,1.218482848078982,2.5934330261368745,0.9726315789473684,1.0
speed,channel.speed_kmh,20,,1007,Proposed_no_confidence,1.1123235881443105,0.13904044851803882,0.39835369426801953,0.1330263157894737,256.0,0.004345014016188713,1.7890612481332697,3.432431949133226,0.9828947368421053,0.3698026315789474
speed,channel.speed_kmh,20,,1007,Proposed_no_importance,1.2697937071657415,0.15872421339571768,0.3233852247341998,0.12177631578947369,256.0,0.004960131668616178,1.6315911291118386,3.267654691715598,0.9894736842105263,0.3206578947368421
speed,channel.speed_kmh,20,,1008,Exact,1.7322046310844235,0.21652557888555293,0.013269187802332194,0.16664473684210526,72.15157894736842,0.024007854801736145,1.2568881539287198,2.549791522571905,0.9605263157894737,0.16664473684210526
speed,channel.speed_kmh,20,,1008,Optimised,1.4481639450225583,0.1810204931278198,0.2408183990107239,0.13467105263157894,256.0,0.005656890410244368,1.540928839990585,3.0299722697329514,0.9739473684210527,0.3413815789473684
speed,channel.speed_kmh,20,,1008,Proposed,1.4022371465985788,0.17527964332482235,0.260899363983158,0.13019736842105264,256.0,0.005477488853900698,1.5868556384145647,3.159982160702229,0.9705263157894737,0.34217105263157893
speed,channel.speed_kmh,20,,1008,Baseline,1.5994121448310092,0.19992651810387616,0.11069227941847071,0.2069736842105263,256.0,0.00624770369074613,1.3896806401821342,2.80236417938957,0.9607894736842105,0.5
speed,channel.speed_kmh,20,,1008,prediction_only,0.4479716595213403,0.05599645744016754,0.7681340107970904,0.0,0.0,,2.541121125491803,4.40483337923439,0.9871052631578947,0.0
speed,channel.speed_kmh,20,,1008,importance_only,1.5309067505862228,0.19136334382327785,0.20534946337815768,0.09361842105263157,256.0,0.005980104494477433,1.4581860344269204,2.9324969766790714,0.9655263157894737,0.25
speed,channel.speed_kmh,20,,1008,snr_threshold,1.1410871789887762,0.14263589737359703,0.38255637180694596,0.19157894736842104,256.0,0.004457371792924907,1.8480056060243666,3.4084462545574157,0.9702631578947368,0.5
speed,channel.speed_kmh,20,,1008,full_feedback,1.6975977062269707,0.21219971327837134,0.044713190706977546,0.30046052631578946,1024.0,0.001657810259987276,1.2914950787861723,2.6184653952872106,0.9605263157894737,1.0
speed,channel.speed_kmh,20,,1008,Proposed_no_confidence,1.0043454132751861,0.12554317665939826,0.471753309705933,0.13835526315789473,256.0,0.003923224270606196,1.9847473717379571,3.5973755945923904,0.9926315789473684,0.3711184210526316
speed,channel.speed_kmh,20,,1008,Proposed_no_importance,1.2040304583923869,0.15050380729904836,0.37695233979826576,0.12447368421052632,256.0,0.004703243978095261,1.7850623266207564,3.3366603995294613,0.9857894736842105,0.3188815789473684
speed,channel.speed_kmh,20,,1009,Exact,1.8059894158195648,0.2257486769774456,0.011723633194422899,0.16375,68.46315789473684,0.026378996694781467,1.180947981905656,2.5373937166884755,0.9242105263157895,0.16375
speed,channel.speed_kmh,20,,1009,Optimised,1.3006741337242103,0.16258426671552628,0.3382052532552138,0.13039473684210526,256.0,0.005080758334860196,1.6862632640010107,3.2638286643286443,0.9686842105263158,0.3352631578947368
speed,channel.speed_kmh,20,,1009,Proposed,1.5115322319945974,0.18894152899932468,0.24508006205880908,0.1401315789473684,256.0,0.005904422781228896,1.4754051657306235,2.965617867655487,0.9728947368421053,0.34348684210526315
speed,channel.speed_kmh,20,,1009,Baseline,1.670406113609521,0.20880076420119012,0.10846377982249628,0.20921052631578949,256.0,0.006525023881287191,1.3165312841157,2.779883860161711,0.9268421052631579,0.5
speed,channel.speed_kmh,20,,1009,prediction_only,0.3519731963569243,0.04399664954461554,0.7188307729904202,0.0,0.0,,2.634964201368297,4.390796037596717,0.9328947368421052,0.0
speed,channel.speed_kmh,20,,1009,importance_only,1.6165694937656248,0.2020711867207031,0.19059573879885747,0.09052631578947369,256.0,0.006314724585021972,1.3703679039595962,2.86079493766181,0.9292105263157895,0.25
speed,channel.speed_kmh,20,,1009,snr_threshold,1.3244379837714382,0.16555474797142977,0.29945304340813245,0.1899342105263158,256.0,0.00517358587410718,1.6624994139537828,3.1859879316908013,0.93,0.5
speed,channel.speed_kmh,20,,1009,full_feedback,1.7732108606355297,0.2216513575794412,0.04308315567226669,0.2905921052631579,1024.0,0.0017316512310893845,1.2137265370896908,2.576311712032981,0.9247368421052632,1.0
speed,channel.speed_kmh,20,,1009,Proposed_no_confidence,1.1178428749876754,0.13973035937345943,0.38135422813183883,0.13006578947368422,256.0,0.004366573730420607,1.8690945227375455,3.4521207318666107,0.9505263157894737,0.3661184210526316
speed,channel.speed_kmh,20,,1009,Proposed_no_importance,1.1653416694640968,0.1456677086830121,0.3662328382106335,0.12013157894736842,256.0,0.004552115896344128,1.8215957282611241,3.3983548562929715,0.9692105263157895,0.3219078947368421
speed,channel.speed_kmh,30,,1000,Exact,1.8053654422422754,0.22567068028028442,0.014349382607280881,0.23217105263157894,94.33263157894737,0.019138291935928423,1.1821696745678199,2.4708527819897004,0.9636842105263158,0.23217105263157894
speed,channel.speed_kmh,30,,1000,Optimised,1.4663726067492362,0.18329657584365452,0.2991802019327406,0.15578947368421053,256.0,0.005728017995114204,1.5211625100608592,2.9746664591160235,0.9810526315789474,0.3655263157894737
speed,channel.speed_kmh,30,,1000,Proposed,1.438556545963122,0.17981956824539025,0.2973011720184804,0.15296052631578946,256.0,0.005619361507668445,1.5489785708469732,3.034000164739782,0.9776315789473684,0.3646052631578947
speed,channel.speed_kmh,30,,1000,Baseline,1.6590837803028435,0.20738547253785544,0.12008567123572814,0.22513157894736843,256.0,0.0064807960168079826,1.328451336507252,2.7671905953157125,0.966842105263158,0.5
speed,channel.speed_kmh,30,,1000,prediction_only,0.5604923230584768,0.0700615403823096,0.7206056522589006,0.0,0.0,,2.4270427937516184,4.111369390210274,0.9981578947368421,0.0
speed,channel.speed_kmh,30,,1000,importance_only,1.5855509662113003,0.19819387077641254,0.2214916340838084,0.10546052631578948,256.0,0.006193558461762892,1.401984150598795,2.882312622428202,0.966842105263158,0.25
speed,channel.speed_kmh,30,,1000,snr_threshold,1.2851930576213395,0.16064913220266744,0.3164120842292631,0.20111842105263159,256.0,0.0050202853813333575,1.7023420591887555,3.257702189639551,0.983421052631579,0.5
speed,channel.speed_kmh,30,,1000,full_feedback,1.7798132677326755,0.22247665846658443,0.03993362063267675,0.33631578947368423,1024.0,0.0017380988942701909,1.2077218490774195,2.523089830328595,0.9639473684210527,1.0
speed,channel.speed_kmh,30,,1000,Proposed_no_confidence,1.1920536668895898,0.14900670836119873,0.3674680987403058,0.14519736842105263,256.0,0.00465645963628746,1.7954814499205052,3.429986945967094,0.9768421052631578,0.3678947368421053
speed,channel.speed_kmh,30,,1000,Proposed_no_importance,1.1094113645169164,0.13867642056461454,0.42393539008727155,0.1367763157894737,256.0,0.0043336381426442045,1.878123752293179,3.5132322535988534,0.9839473684210527,0.3373684210526316
speed,channel.speed_kmh,30,,1001,Exact,1.731231901264171,0.21640398765802138,0.016851685646996704,0.2513815789473684,101.79368421052632,0.01700726243176045,1.2571302227730667,2.620723678136309,0.9644736842105263,0.2513815789473684
speed,channel.speed_kmh,30,,1001,Optimised,1.0730611013396074,0.13413263766745093,0.41579465895939083,0.14598684210526316,256.0,0.0041916449271078415,1.9153010226976301,3.563312736438105,0.9844736842105263,0.34098684210526314
speed,channel.speed_kmh,30,,1001,Proposed,1.3426748091782386,0.16783435114727982,0.3074628833227006,0.17203947368421052,256.0,0.005244823473352494,1.645687314858999,3.270106274352275,0.9781578947368421,0.37282894736842104
speed,channel.speed_kmh,30,,1001,Baseline,1.5755128510544714,0.19693910638180892,0.13216296570468095,0.24743421052631578,256.0,0.006154347074431529,1.4128492729827662,2.892890276624893,0.9678947368421053,0.5
speed,channel.speed_kmh,30,,1001,prediction_only,0.28560402231742243,0.035700502789677804,0.7492178474273327,0.0,0.0,,2.702758101719815,4.6119984761858595,0.9928947368421053,0.0
speed,channel.speed_kmh,30,,1001,importance_only,1.4689538651093048,0.1836192331386631,0.25717132593960335,0.11578947368421053,256.0,0.005738101035583222,1.519408258927933,3.0666937577505213,0.9723684210526315,0.25
speed,channel.speed_kmh,30,,1001,snr_threshold,1.2047807583448966,0.15059759479311208,0.3522023054994815,0.21585526315789474,256.0,0.004706174837284752,1.7835813656923412,3.4171017085451347,0.9813157894736843,0.5
speed,channel.speed_kmh,30,,1001,full_feedback,1.7021851489786748,0.21277314362233435,0.04700331991275771,0.36427631578947367,1024.0,0.001662290184549487,1.2861769750585628,2.676673491403858,0.965,1.0
speed,channel.speed_kmh,30,,1001,Proposed_no_confidence,1.0500836893377243,0.13126046116721554,0.43330645531136197,0.17809210526315788,256.0,0.004101889411475486,1.9382784346995137,3.6016110750056582,0.9852631578947368,0.40651315789473685
speed,channel.speed_kmh,30,,1001,Proposed_no_importance,1.0188425175334892,0.12735531469168615,0.44796408905029883,0.15236842105263157,256.0,0.003979853584115192,1.9695196065037486,3.715532231024674,0.9855263157894737,0.3468421052631579
speed,channel.speed_kmh,30,,1002,Exact,1.7257682392179963,0.21572102990224953,0.01767883453958708,0.25026315789473685,102.73684210526316,0.01679794904976533,1.2752381479130002,2.620531050558402,0.9613157894736842,0.25026315789473685
speed,channel.speed_kmh,30,,1002,Optimised,1.332336680226316,0.1665420850282895,0.3330254755188773,0.16565789473684212,256.0,0.0052044401571340465,1.6686697069046803,3.332207423024716,0.9821052631578947,0.3659210526315789
speed,channel.speed_kmh,30,,1002,Proposed,1.349787708874194,0.16872346360927426,0.32043920866612563,0.17269736842105263,256.0,0.005272608237789821,1.6512186782568017,3.281983382075786,0.9815789473684211,0.3773684210526316
speed,channel.speed_kmh,30,,1002,Baseline,1.5584610205570695,0.19480762756963368,0.13817176905045334,0.24769736842105264,256.0,0.006087738361551053,1.4425453665739267,2.9219802587006867,0.9639473684210527,0.5
speed,channel.speed_kmh,30,,1002,prediction_only,0.3395303770377915,0.042441297129723936,0.7455971710641429,0.0,0.0,,2.6614760100932044,4.685946666565714,0.9939473684210526,0.0
speed,channel.speed_kmh,30,,1002,importance_only,1.4694633134966046,0.18368291418707558,0.2486869691329156,0.11710526315789474,256.0,0.005740091068346112,1.5315430736343916,3.1200846326630143,0.9681578947368421,0.25
speed,channel.speed_kmh,30,,1002,snr_threshold,1.0999149089682903,0.13748936362103628,0.38764821837489677,0.21947368421052632,256.0,0.004296542613157384,1.9010914781627062,3.5457871204323554,0.9863157894736843,0.5
speed,channel.speed_kmh,30,,1002,full_feedback,1.6956414489557743,0.21195518111947179,0.04517818146306644,0.3624342105263158,1024.0,0.0016558998524958733,1.305364938175222,2.702766797591136,0.9613157894736842,1.0
speed,channel.speed_kmh,30,,1002,Proposed_no_confidence,0.8907617900097787,0.11134522375122234,0.4894950035266008,0.1531578947368421,256.0,0.003479538242225698,2.110244597121217,4.059492166331276,0.9857894736842105,0.37144736842105264
speed,channel.speed_kmh,30,,1002,Proposed_no_importance,1.1026967294033894,0.13783709117542367,0.41317588778207437,0.15052631578947367,256.0,0.00430740909923199,1.8983096577276068,3.6776442193889123,0.9955263157894737,0.34578947368421054
speed,channel.speed_kmh,30,,1003,Exact,1.806907984887754,0.22586349811096926,0.014176476070255814,0.21921052631578947,89.07789473684211,0.020284583400020872,1.2531244448989742,2.5596620265526657,0.9460526315789474,0.21921052631578947
speed,channel.speed_kmh,30,,1003,Optimised,1.447208403216085,0.18090105040201063,0.29516955473380346,0.14703947368421053,256.0,0.005653157825062832,1.612824026570643,3.1016916542418485,0.9765789473684211,0.35519736842105265
speed,channel.speed_kmh,30,,1003,Proposed,1.4878305016484152,0.1859788127060519,0.2789653801883809,0.14638157894736842,256.0,0.005811837897064122,1.5722019281383133,3.0880275385699667,0.9742105263157895,0.3507236842105263
speed,channel.speed_kmh,30,,1003,Baseline,1.6727796479947878,0.20909745599934848,0.11829664335683336,0.21572368421052632,256.0,0.00653429549997964,1.3872527817919407,2.8285981215410687,0.9476315789473684,0.5
speed,channel.speed_kmh,30,,1003,prediction_only,0.8849159670533857,0.11061449588167321,0.5573427580772633,0.0,0.0,,2.1751164627333424,3.8075067696186378,0.9997368421052631,0.0
speed,channel.speed_kmh,30,,1003,importance_only,1.6033413267647867,0.20041766584559834,0.21829621363776566,0.10269736842105263,256.0,0.006263052057674948,1.4566911030219418,2.929505296168186,0.9502631578947368,0.25
speed,channel.speed_kmh,30,,1003,snr_threshold,1.4643770473390532,0.18304713091738165,0.2493142303825993,0.20144736842105262,256.0,0.005720222841168176,1.5956553824476756,3.1752689026472343,0.9563157894736842,0.5
speed,channel.speed_kmh,30,,1003,full_feedback,1.7811337134035174,0.22264171417543968,0.04067995813968809,0.3180921052631579,1024.0,0.0017393883919956225,1.278898716383211,2.619191438520998,0.9465789473684211,1.0
speed,channel.speed_kmh,30,,1003,Proposed_no_confidence,1.282701704676205,0.16033771308452563,0.3457008733979974,0.1505921052631579,256.0,0.005010553533891426,1.7773307251105235,3.335847675500552,0.9771052631578947,0.3948684210526316
speed,channel.speed_kmh,30,,1003,Proposed_no_importance,1.3703577074910835,0.17129471343638544,0.30677761176067175,0.1405921052631579,256.0,0.005352959794887045,1.689674722295645,3.2182074087807595,0.9773684210526316,0.34592105263157896
speed,channel.speed_kmh,30,,1004,Exact,1.7474676798833826,0.21843345998542282,0.018059737340948488,0.2534868421052632,103.17473684210526,0.016936972493156358,1.297773910463806,2.602018787100957,0.9757894736842105,0.2534868421052632
speed,channel.speed_kmh,30,,1004,Optimised,1.2978631519161903,0.16223289398952379,0.33193241862897227,0.1655263157894737,256.0,0.005069777937172618,1.7473784384309985,3.3694561872385833,0.9878947368421053,0.35927631578947367
speed,channel.speed_kmh,30,,1004,Proposed,1.2466835441864694,0.15583544302330868,0.34965997601996907,0.15828947368421054,256.0,0.004869857594478396,1.798558046160719,3.483665174549481,0.9863157894736843,0.3561184210526316
speed,channel.speed_kmh,30,,1004,Baseline,1.595188579779158,0.19939857247239476,0.13727697660642776,0.24717105263157896,256.0,0.006231205389762336,1.4500530105680307,2.9004012849456573,0.9768421052631578,0.5
speed,channel.speed_kmh,30,,1004,prediction_only,0.48934638578060435,0.061168298222575544,0.814252522006713,0.0,0.0,,2.5558952045665846,4.35293882336523,1.0,0.0
speed,channel.speed_kmh,30,,1004,importance_only,1.4971398193883514,0.18714247742354392,0.2528590399915057,0.11342105263157895,256.0,0.005848202419485748,1.5481017709588372,3.077116323863757,0.9773684210526316,0.25
speed,channel.speed_kmh,30,,1004,snr_threshold,1.1510523345572117,0.14388154181965146,0.3780091093893604,0.22131578947368422,256.0,0.004496298181864108,1.8941892557899769,3.556066683213005,0.9821052631578947,0.5
speed,channel.speed_kmh,30,,1004,full_feedback,1.720293595081942,0.21503669938524275,0.044683813348000076,0.35986842105263156,1024.0,0.001679974213947209,1.3249479952652465,2.6478382196574066,0.9757894736842105,1.0
speed,channel.speed_kmh,30,,1004,Proposed_no_confidence,0.7631600011276695,0.09539500014095868,0.5208224491471464,0.16046052631578947,256.0,0.002981093754404959,2.282081589219519,4.0717838079814594,0.9876315789473684,0.38710526315789473
speed,channel.speed_kmh,30,,1004,Proposed_no_importance,1.189854136646331,0.1487317670807914,0.39798316985971005,0.14861842105263157,256.0,0.004647867721274731,1.8553874537008572,3.4200828890800663,0.9926315789473684,0.3460526315789474
speed,channel.speed_kmh,30,,1005,Exact,1.6609612413744153,0.2076201551718019,0.01806534855383308,0.2530263157894737,102.50105263157894,0.016204333504207347,1.2917474758007295,2.677461007286255,0.983421052631579,0.2530263157894737
speed,channel.speed_kmh,30,,1005,Optimised,1.2387494961659347,0.15484368702074183,0.3329061312893021,0.16105263157894736,256.0,0.004838865219398182,1.71395922100921,3.2966345972261486,0.99,0.3542105263157895
speed,channel.speed_kmh,30,,1005,Proposed,1.3249720218250876,0.16562150272813594,0.31308474327472585,0.1688157894736842,256.0,0.005175671960254248,1.6277366953500572,3.219980892799607,0.9936842105263158,0.36447368421052634
speed,channel.speed_kmh,30,,1005,Baseline,1.5095458317715877,0.18869322897144847,0.1343981387053042,0.24802631578947368,256.0,0.005896663405357765,1.4431628854035567,2.976404552728109,0.9836842105263158,0.5
speed,channel.speed_kmh,30,,1005,prediction_only,0.5733629976063688,0.0716703747007961,0.7832244373080103,0.0,0.0,,2.379345719568776,4.158392469245509,1.0,0.0
speed,channel.speed_kmh,30,,1005,importance_only,1.4132416487425221,0.17665520609281526,0.25746391805804497,0.11802631578947369,256.0,0.005520475190400477,1.5394670684326226,3.1524560114096687,0.9852631578947368,0.25
speed,channel.speed_kmh,30,,1005,snr_threshold,0.9017093326614344,0.1127136665826793,0.4014156115646517,0.22723684210526315,256.0,0.003522302080708728,2.05099938451371,3.706204508790907,0.9842105263157894,0.5
speed,channel.speed_kmh,30,,1005,full_feedback,1.6314723153716781,0.20393403942145977,0.04677746386834928,0.37414473684210525,1024.0,0.0015932346829801544,1.3212364018034666,2.738660156012136,0.983421052631579,1.0
speed,channel.speed_kmh,30,,1005,Proposed_no_confidence,1.1709491978898223,0.1463686497362278,0.3796780162015429,0.17467105263157895,256.0,0.0045740203042571185,1.7817595192853224,3.3935103646528155,0.995,0.3948684210526316
speed,channel.speed_kmh,30,,1005,Proposed_no_importance,1.106315928686723,0.13828949108584038,0.4017419387150056,0.15848684210526315,256.0,0.004321546596432512,1.8463927884884217,3.4776647679130686,0.9955263157894737,0.3474342105263158
speed,channel.speed_kmh,30,,1006,Exact,1.802839922047982,0.22535499025599776,0.014827500656024313,0.23125,93.25473684210526,0.01933242195622159,1.1840677903765382,2.46455984181153,0.9507894736842105,0.23125
speed,channel.speed_kmh,30,,1006,Optimised,1.385616317720893,0.17320203971511164,0.3545668590684956,0.1568421052631579,256.0,0.005412563741097239,1.6012913947036271,3.0297243729382095,0.9905263157894737,0.3625
speed,channel.speed_kmh,30,,1006,Proposed,1.4410727489311863,0.1801340936163983,0.2785481607882808,0.15901315789473683,256.0,0.0056291904255124465,1.5458349634933337,3.025657421898788,0.9610526315789474,0.37335526315789475
speed,channel.speed_kmh,30,,1006,Baseline,1.659760170863515,0.20747002135793938,0.12190334409554111,0.22855263157894737,256.0,0.0064834381674356055,1.3271475415610052,2.7184166363774604,0.953421052631579,0.5
speed,channel.speed_kmh,30,,1006,prediction_only,0.6937941623659234,0.08672427029574042,0.5872918307729434,0.0,0.0,,2.2931135500585964,4.038054667579697,0.9771052631578947,0.0
speed,channel.speed_kmh,30,,1006,importance_only,1.5672551979867062,0.19590689974833828,0.22923089370035554,0.10355263157894737,256.0,0.006122090617135571,1.4196525144378136,2.8729260757310384,0.9547368421052631,0.25
speed,channel.speed_kmh,30,,1006,snr_threshold,1.252789655098296,0.156598706887287,0.3209889402135164,0.20460526315789473,256.0,0.004893709590227719,1.7341180573262238,3.348757480505524,0.9573684210526315,0.5
speed,channel.speed_kmh,30,,1006,full_feedback,1.7772534166144163,0.22215667707680203,0.040302224275746305,0.3319736842105263,1024.0,0.0017355990396625159,1.2096542958101038,2.501231569518583,0.9510526315789474,1.0
speed,channel.speed_kmh,30,,1006,Proposed_no_confidence,1.1685011870234625,0.1460626483779328,0.3919477090717933,0.1367763157894737,256.0,0.0045644577618104,1.8184065254010575,3.387948780447908,0.9773684210526316,0.3656578947368421
speed,channel.speed_kmh,30,,1006,Proposed_no_importance,1.1275791820960057,0.14094739776200071,0.42357936709608746,0.13453947368421051,256.0,0.004404606180062522,1.8593285303285143,3.5022996973057285,0.9847368421052631,0.3355921052631579
speed,channel.speed_kmh,30,,1007,Exact,1.7016309679582864,0.2127038709947858,0.017432356096278582,0.24736842105263157,101.37263157894736,0.01678590110026969,1.1997538683192939,2.511288325853709,0.9576315789473684,0.24736842105263157
speed,channel.speed_kmh,30,,1007,Optimised,1.3152529935640838,0.16440662419551047,0.330146807455792,0.1725657894736842,256.0,0.005137707006109702,1.5861318427134963,3.1701083657602034,0.9828947368421053,0.3667105263157895
speed,channel.speed_kmh,30,,1007,Proposed,1.3534742385134646,0.16918427981418308,0.293062458575521,0.1748684210526316,256.0,0.005287008744193221,1.5479105977641154,3.1196821502497514,0.9813157894736843,0.3746052631578947
speed,channel.speed_kmh,30,,1007,Baseline,1.5525798686677856,0.1940724835834732,0.13133604656993497,0.24947368421052632,256.0,0.006064765111983538,1.3488049676097944,2.7789405243801433,0.9615789473684211,0.5
speed,channel.speed_kmh,30,,1007,prediction_only,0.3607888812110129,0.04509861015137661,0.7864355383917118,0.0,0.0,,2.5405959550665678,4.561799722700276,0.9881578947368421,0.0
speed,channel.speed_kmh,30,,1007,importance_only,1.4471489761543987,0.18089362201929984,0.25714326972723756,0.1125,256.0,0.00565292568810312,1.4542358601231813,2.967289561376591,0.9665789473684211,0.25
speed,channel.speed_kmh,30,,1007,snr_threshold,1.1386897292376321,0.14233621615470402,0.34710040252734703,0.22210526315789475,256.0,0.0044480067548345005,1.762695107039948,3.3831182108373365,0.9739473684210527,0.5
speed,channel.speed_kmh,30,,1007,full_feedback,1.6695069313544613,0.20868836641930766,0.04523335043571253,0.3568421052631579,1024.0,0.001630377862650841,1.231877904923119,2.5763659929768337,0.9578947368421052,1.0
speed,channel.speed_kmh,30,,1007,Proposed_no_confidence,0.9628223102623468,0.12035278878279335,0.4531013595727443,0.16322368421052633,256.0,0.003761024649462292,1.9385625260152335,3.762448119062465,0.9797368421052631,0.3788157894736842
speed,channel.speed_kmh,30,,1007,Proposed_no_importance,1.1556905412056915,0.14446131765071143,0.3794059453715383,0.15328947368421053,256.0,0.004514416176584732,1.7456942950718886,3.4444393978168626,0.9813157894736843,0.34901315789473686
speed,channel.speed_kmh,30,,1008,Exact,1.7393097037035017,0.2174137129629377,0.01788784303503588,0.24717105263157896,99.73894736842105,0.017438621016108647,1.2497830813096416,2.4819245484134207,0.9552631578947368,0.24717105263157896
speed,channel.speed_kmh,30,,1008,Optimised,1.2522756234392072,0.1565344529299009,0.34176312526817726,0.15677631578947368,256.0,0.004891701654059403,1.7368171615739356,3.332882916806513,0.9705263157894737,0.36223684210526313
speed,channel.speed_kmh,30,,1008,Proposed,1.3268448520464138,0.16585560650580172,0.33665251537742674,0.16006578947368422,256.0,0.005182987703306304,1.6622479329667295,3.1479624484947206,0.9771052631578947,0.3620394736842105
speed,channel.speed_kmh,30,,1008,Baseline,1.5919829311788347,0.19899786639735434,0.12922599285702466,0.23848684210526316,256.0,0.006218683324917323,1.3971098538343085,2.716872722618928,0.9568421052631579,0.5
speed,channel.speed_kmh,30,,1008,prediction_only,0.5134793417663195,0.06418491772078994,0.7507884389993759,0.0,0.0,,2.4756134432468238,4.265794869577701,0.9878947368421053,0.0
speed,channel.speed_kmh,30,,1008,importance_only,1.472249988668561,0.18403124858357012,0.2719091328121913,0.11519736842105263,256.0,0.005750976518236566,1.516842796344582,2.955305182554072,0.9576315789473684,0.25
speed,channel.speed_kmh,30,,1008,snr_threshold,1.0183690967445038,0.12729613709306298,0.40199387011888216,0.21855263157894736,256.0,0.003978004284158218,1.9707236882686392,3.583426563953598,0.9757894736842105,0.5
speed,channel.speed_kmh,30,,1008,full_feedback,1.711239104723674,0.21390488809045924,0.04716073871974619,0.35855263157894735,1024.0,0.0016711319382067128,1.2778536802894696,2.5264235509666912,0.9552631578947368,1.0
speed,channel.speed_kmh,30,,1008,Proposed_no_confidence,0.9848872651252281,0.12311090814065351,0.4365126064561972,0.17407894736842106,256.0,0.003847215879395422,2.004205519887915,3.7074965324208167,0.9826315789473684,0.40019736842105263
speed,channel.speed_kmh,30,,1008,Proposed_no_importance,1.22931285867759,0.15366410733469876,0.373473610666005,0.1575,256.0,0.004802003354209336,1.759779926335553,3.3057952443809655,0.9736842105263158,0.3631578947368421
speed,channel.speed_kmh,30,,1009,Exact,1.788527786268095,0.22356597328351188,0.016963341307170237,0.24427631578947367,99.58736842105263,0.01795938395225235,1.198409611457126,2.4992770791119336,0.9139473684210526,0.24427631578947367
speed,channel.speed_kmh,30,,1009,Optimised,1.3437752642216512,0.1679719080277064,0.3531955970631364,0.16592105263157894,256.0,0.005249122125865825,1.6431621335035695,3.1425944874283287,0.9807894736842105,0.36473684210526314
speed,channel.speed_kmh,30,,1009,Proposed,1.3577067122216129,0.1697133390277016,0.3374605222120756,0.17105263157894737,256.0,0.005303541844615675,1.6292306855036076,3.165989058108714,0.9726315789473684,0.3725
speed,channel.speed_kmh,30,,1009,Baseline,1.6358611016058635,0.20448263770073294,0.1283026566473793,0.23625,256.0,0.006390082428147904,1.3510762961193574,2.746103204447562,0.9205263157894736,0.5
speed,channel.speed_kmh,30,,1009,prediction_only,0.3600400610350058,0.045005007629375725,0.7154239369257064,0.0,0.0,,2.6268973366902153,4.38438043588281,0.9278947368421052,0.0
speed,channel.speed_kmh,30,,1009,importance_only,1.5394881414169945,0.19243601767712432,0.24215285456662364,0.10526315789473684,256.0,0.006013625552410135,1.4474492563082266,2.9448745762667947,0.9244736842105263,0.25
speed,channel.speed_kmh,30,,1009,snr_threshold,1.2478692392895057,0.1559836549111882,0.32103055466657404,0.20782894736842106,256.0,0.0048744892159746315,1.739068158435715,3.2750234694811526,0.9271052631578948,0.5
speed,channel.speed_kmh,30,,1009,full_feedback,1.761759556988904,0.220219944623613,0.04288974856607558,0.3458552631578947,1024.0,0.0017204683173719765,1.2251778407363167,2.5451753544505857,0.9142105263157895,1.0
speed,channel.speed_kmh,30,,1009,Proposed_no_confidence,0.9914563411428398,0.12393204264285497,0.43532940395550407,0.16125,256.0,0.003872876332589218,1.995481056582381,3.6346915036090586,0.9697368421052631,0.38651315789473684
speed,channel.speed_kmh,30,,1009,Proposed_no_importance,1.2598820446917953,0.15748525558647442,0.3655273629817797,0.16835526315789473,256.0,0.0049214142370773255,1.7270553530334254,3.2831470132534317,0.9742105263157895,0.36467105263157895
speed,channel.speed_kmh,40,,1000,Exact,1.773973686937362,0.22174671086717024,0.019363413431781093,0.3113157894736842,123.35157894736842,0.014381442881199599,1.2135614298727333,2.4951900914051994,0.9660526315789474,0.3113157894736842
speed,channel.speed_kmh,40,,1000,Optimised,1.2423120099110891,0.15528900123888614,0.35840134114714095,0.16861842105263158,256.0,0.004852781288715192,1.7452231068990063,3.3881659804669892,0.9847368421052631,0.36276315789473684
speed,channel.speed_kmh,40,,1000,Proposed,1.2332886548666242,0.15416108185832803,0.3878000135801579,0.17532894736842106,256.0,0.004817533808072751,1.754246461943471,3.3746167852923366,0.9857894736842105,0.37394736842105264
speed,channel.speed_kmh,40,,1000,Baseline,1.5855409500391235,0.19819261875489044,0.14959581547993486,0.2626973684210526,256.0,0.006193519336090326,1.4019941667709717,2.855838564584259,0.9681578947368421,0.5
speed,channel.speed_kmh,40,,1000,prediction_only,0.5633729600185066,0.07042162000231332,0.7211834135006366,0.0,0.0,,2.4241621567915885,4.1357947740656495,0.9981578947368421,0.0
speed,channel.speed_kmh,40,,1000,importance_only,1.4929756329164474,0.18662195411455593,0.27838127558746667,0.12427631578947368,256.0,0.005831936066079873,1.4945594838936478,2.97285675785772,0.975,0.25
speed,channel.speed_kmh,40,,1000,snr_threshold,1.120457246467283,0.14005715580841038,0.38163689733455863,0.23414473684210527,256.0,0.0043767861190128245,1.8670778703428124,3.5211228230771576,0.9771052631578947,0.5
speed,channel.speed_kmh,40,,1000,full_feedback,1.7512680871496313,0.21890851089370392,0.03988790233940671,0.4033552631578947,1024.0,0.0017102227413570619,1.236267029660464,2.540646070314309,0.9663157894736842,1.0
speed,channel.speed_kmh,40,,1000,Proposed_no_confidence,1.1000090887060658,0.13750113608825823,0.42922793457486125,0.1767763157894737,256.0,0.00429691050275807,1.8875260281040296,3.5490642282880978,0.9818421052631578,0.38493421052631577
speed,channel.speed_kmh,40,,1000,Proposed_no_importance,1.1804291357077574,0.14755364196346968,0.41448338077735525,0.16815789473684212,256.0,0.0046110513113584274,1.8071059811023378,3.388295362598027,0.998421052631579,0.35769736842105265
speed,channel.speed_kmh,40,,1001,Exact,1.7315905392963054,0.21644881741203817,0.021513262424030982,0.32782894736842105,128.58947368421053,0.013466036446721431,1.2567715847409324,2.6064678545695554,0.9605263157894737,0.32782894736842105
speed,channel.speed_kmh,40,,1001,Optimised,1.0971927709965725,0.13714909637457157,0.4163467537167602,0.19427631578947369,256.0,0.0042859092617053614,1.891169353040665,3.5896198429755333,0.9863157894736843,0.3836842105263158
speed,channel.speed_kmh,40,,1001,Proposed,1.1677538880392795,0.14596923600490994,0.37220985697671,0.1925,256.0,0.0045615386251534355,1.820608235997958,3.493507641315059,0.9763157894736842,0.3819078947368421
speed,channel.speed_kmh,40,,1001,Baseline,1.53616290475356,0.192020363094195,0.16003578061721985,0.28098684210526315,256.0,0.006000636346693594,1.4521992192836777,2.959633657525288,0.963421052631579,0.5
speed,channel.speed_kmh,40,,1001,prediction_only,0.2770298717563404,0.03462873396954255,0.7534784191673864,0.0,0.0,,2.7113322522808976,4.608744685720856,0.9902631578947368,0.0
speed,channel.speed_kmh,40,,1001,importance_only,1.4056629037497588,0.17570786296871985,0.3156562872474386,0.12980263157894736,256.0,0.005490870717772495,1.5826992202874788,3.211718861031637,0.9728947368421053,0.25
speed,channel.speed_kmh,40,,1001,snr_threshold,1.0172621624581344,0.1271577703072668,0.41241229087942427,0.24263157894736842,256.0,0.0039736803221020875,1.9710999615791034,3.7471294938496644,0.9710526315789474,0.5
speed,channel.speed_kmh,40,,1001,full_feedback,1.7050101255409513,0.21312626569261892,0.044844866527336366,0.42736842105263156,1024.0,0.0016650489507235853,1.2833519984962865,2.679477350416427,0.9607894736842105,1.0
speed,channel.speed_kmh,40,,1001,Proposed_no_confidence,0.8415566381996282,0.10519457977495353,0.4969509806756301,0.19019736842105264,256.0,0.0032873306179672978,2.1468054858376093,3.9318074023571556,0.9763157894736842,0.3948684210526316
speed,channel.speed_kmh,40,,1001,Proposed_no_importance,1.0813496437954866,0.13516870547443582,0.4072160265943142,0.18986842105263158,256.0,0.0042240220460761195,1.907012480241751,3.5688059835749084,0.9857894736842105,0.38217105263157897
speed,channel.speed_kmh,40,,1002,Exact,1.7242477152250544,0.2155309644031318,0.02405194239362173,0.3251973684210526,129.58315789473684,0.013306109707757682,1.2767586719059416,2.5924753262771167,0.9689473684210527,0.3251973684210526
speed,channel.speed_kmh,40,,1002,Optimised,0.9918684334475731,0.12398355418094664,0.4509260603336945,0.17335526315789473,256.0,0.0038744860681545826,2.009137953683423,3.8102562950544967,0.9857894736842105,0.36138157894736844
speed,channel.speed_kmh,40,,1002,Proposed,1.1747605928022535,0.1468450741002817,0.36939173096929323,0.19756578947368422,256.0,0.004588908565633803,1.8262457943287427,3.628345564670907,0.9855263157894737,0.3901973684210526
speed,channel.speed_kmh,40,,1002,Baseline,1.5161115346460945,0.1895139418307618,0.16509268094180254,0.2801315789473684,256.0,0.005922310682211307,1.4848948524849015,2.993319951997487,0.9723684210526315,0.5
speed,channel.speed_kmh,40,,1002,prediction_only,0.35281719464073785,0.04410214933009223,0.752859977867841,0.0,0.0,,2.6481891924902583,4.634586750901977,0.998421052631579,0.0
speed,channel.speed_kmh,40,,1002,importance_only,1.3915018762673235,0.17393773453341543,0.30809766193400834,0.13375,256.0,0.005435554204169232,1.6095045108636725,3.2466971038582115,0.973421052631579,0.25
speed,channel.speed_kmh,40,,1002,snr_threshold,1.1695398417093796,0.14619248021367245,0.3806276869205809,0.24414473684210528,256.0,0.004568515006677264,1.831466545421617,3.466070970888032,0.99,0.5
speed,channel.speed_kmh,40,,1002,full_feedback,1.6961156342901875,0.21201445428627344,0.04683635003312675,0.42664473684210524,1024.0,0.0016563629241115113,1.3048907528408085,2.6592037900729313,0.9692105263157895,1.0
speed,channel.speed_kmh,40,,1002,Proposed_no_confidence,0.8683193549723941,0.10853991937154926,0.4910857914526492,0.18736842105263157,256.0,0.0033918724803609144,2.132687032158602,3.9871576538061766,0.985,0.3873684210526316
speed,channel.speed_kmh,40,,1002,Proposed_no_importance,1.0747559002920237,0.13434448753650297,0.40609197386140317,0.18460526315789474,256.0,0.004198265235515718,1.9262504868389725,3.6827594221938957,0.9857894736842105,0.37236842105263157
speed,channel.speed_kmh,40,,1003,Exact,1.779286592001667,0.22241082400020837,0.01890580499714236,0.2957236842105263,116.71578947368421,0.01524460914864343,1.2807458377850611,2.562632906781514,0.9678947368421053,0.2957236842105263
speed,channel.speed_kmh,40,,1003,Optimised,1.3372045540434836,0.16715056925543545,0.32635815629002357,0.1699342105263158,256.0,0.005223455289232358,1.7228278757432451,3.310020556316521,0.9910526315789474,0.36953947368421053
speed,channel.speed_kmh,40,,1003,Proposed,1.3342998677749136,0.1667874834718642,0.3520614381512984,0.1730921052631579,256.0,0.005212108858495756,1.7257325620118151,3.307279739806702,0.9897368421052631,0.37085526315789474
speed,channel.speed_kmh,40,,1003,Baseline,1.6109571864077623,0.2013696483009703,0.14341837307014646,0.2501973684210526,256.0,0.0062928015094053215,1.4490752433789662,2.8857380473054057,0.9707894736842105,0.5
speed,channel.speed_kmh,40,,1003,prediction_only,0.8380581441763142,0.10475726802203927,0.5724011959822146,0.0,0.0,,2.2219742856104143,3.885020213546576,0.9981578947368421,0.0
speed,channel.speed_kmh,40,,1003,importance_only,1.5006980667625345,0.1875872583453168,0.27298105162199393,0.11953947368421053,256.0,0.00586210182329115,1.5593343630241943,3.0744598639950333,0.975,0.25
speed,channel.speed_kmh,40,,1003,snr_threshold,1.352120716600375,0.16901508957504688,0.2475866184435116,0.23651315789473684,256.0,0.005281721549220215,1.7079117131863533,3.3074292387298243,0.9702631578947368,0.5
speed,channel.speed_kmh,40,,1003,full_feedback,1.7581085186868206,0.21976356483585258,0.0421033829088485,0.39125,1024.0,0.0017169028502800983,1.3019239110999081,2.6217301552524037,0.9678947368421053,1.0
speed,channel.speed_kmh,40,,1003,Proposed_no_confidence,1.2334459853689594,0.15418074817111993,0.3607625533110652,0.17559210526315788,256.0,0.004818148380347498,1.826586444417769,3.5239080735549755,0.9842105263157894,0.3869078947368421
speed,channel.speed_kmh,40,,1003,Proposed_no_importance,1.20987872289699,0.15123484036212376,0.3920224606157588,0.16072368421052632,256.0,0.004726088761316367,1.8501537068897387,3.3908163962089097,0.9968421052631579,0.3507236842105263
speed,channel.speed_kmh,40,,1004,Exact,1.78270541608054,0.2228381770100675,0.021641778508829257,0.32493421052631577,129.29684210526315,0.013787694943308853,1.2625361742666485,2.5026602427950735,0.9689473684210527,0.32493421052631577
speed,channel.speed_kmh,40,,1004,Optimised,1.2458406481124846,0.15573008101406058,0.3855639842820879,0.18802631578947368,256.0,0.004866565031689393,1.799400942234704,3.3810036477362053,0.9886842105263158,0.37776315789473686
speed,channel.speed_kmh,40,,1004,Proposed,1.1990946424040168,0.1498868303005021,0.37593724453579397,0.18355263157894736,256.0,0.0046839634468906904,1.8461469479431722,3.552197906399378,0.9889473684210527,0.3761842105263158
speed,channel.speed_kmh,40,,1004,Baseline,1.5842206378037123,0.19802757972546403,0.15504680073121319,0.2761842105263158,256.0,0.006188361866420751,1.4610209525434765,2.830204680801318,0.9718421052631578,0.5
speed,channel.speed_kmh,40,,1004,prediction_only,0.515485375319877,0.06443567191498463,0.7974031884869446,0.0,0.0,,2.529756215027312,4.350441008619678,1.0,0.0
speed,channel.speed_kmh,40,,1004,importance_only,1.4786452668847547,0.18483065836059434,0.2914630928246494,0.12730263157894736,256.0,0.005775958073768573,1.5665963234624338,3.1053694881746154,0.975,0.25
speed,channel.speed_kmh,40,,1004,snr_threshold,0.9844608676400076,0.12305760845500095,0.4261862245835554,0.24184210526315789,256.0,0.0038455502642187798,2.060780722707181,3.849692594781621,0.9760526315789474,0.5
speed,channel.speed_kmh,40,,1004,full_feedback,1.7584614441568802,0.21980768051961003,0.043500390832119776,0.4181578947368421,1024.0,0.0017172475040594533,1.2867801461903083,2.548263940374128,0.9689473684210527,1.0
speed,channel.speed_kmh,40,,1004,Proposed_no_confidence,1.1238776777665354,0.14048470972081692,0.39809957866294043,0.19480263157894737,256.0,0.004390147178775529,1.9213639125806532,3.5773220865656965,0.9868421052631579,0.40657894736842104
speed,channel.speed_kmh,40,,1004,Proposed_no_importance,1.041984384642532,0.1302480480803165,0.43506570753830015,0.17684210526315788,256.0,0.004070251502509891,2.0032572057046565,3.6730833283644824,0.9905263157894737,0.36144736842105263
speed,channel.speed_kmh,40,,1005,Exact,1.6630646791001877,0.20788308488752347,0.02434333532236425,0.33513157894736845,135.05684210526317,0.012313812859655025,1.2896440380749572,2.6307911477611663,0.983421052631579,0.33513157894736845
speed,channel.speed_kmh,40,,1005,Optimised,1.2513781361005112,0.1564222670125639,0.35472895350201056,0.21019736842105263,256.0,0.004888195844142622,1.7013305810746333,3.2916965363167985,0.9957894736842106,0.38973684210526316
speed,channel.speed_kmh,40,,1005,Proposed,1.232553835681252,0.1540692294601565,0.3686460224105957,0.21223684210526317,256.0,0.004814663420629891,1.7201548814938925,3.3119642077003584,0.9963157894736843,0.3958552631578947
speed,channel.speed_kmh,40,,1005,Baseline,1.4658503194297612,0.18323128992872015,0.16406203915222112,0.2841447368421053,256.0,0.005725977810272505,1.4868583977453833,2.95247446286685,0.9836842105263158,0.5
speed,channel.speed_kmh,40,,1005,prediction_only,0.569347538185454,0.07116844227318175,0.7820638534188856,0.0,0.0,,2.3833611789896905,4.162391859760822,1.0,0.0
speed,channel.speed_kmh,40,,1005,importance_only,1.3634322623813104,0.1704290327976638,0.2929487200019831,0.13289473684210526,256.0,0.005325907274926994,1.5892764547938343,3.215383116096633,0.99,0.25
speed,channel.speed_kmh,40,,1005,snr_threshold,0.9111008313633052,0.11388760392041315,0.41329695466302707,0.2586842105263158,256.0,0.003558987622512911,2.0416078858118394,3.7774261899348733,0.9836842105263158,0.5
speed,channel.speed_kmh,40,,1005,full_feedback,1.637351044131,0.204668880516375,0.047749560900180746,0.43467105263157896,1024.0,0.0015989756290341797,1.3153576730441447,2.6770714842788816,0.9836842105263158,1.0
speed,channel.speed_kmh,40,,1005,Proposed_no_confidence,0.9453862662691351,0.11817328328364189,0.4597862050707029,0.2038815789473684,256.0,0.003692915102613809,2.0073224509060092,3.6779309424236555,0.996578947368421,0.39921052631578946
speed,channel.speed_kmh,40,,1005,Proposed_no_importance,1.1610993687060842,0.14513742108826053,0.38497709464250274,0.19598684210526315,256.0,0.0045355444090081415,1.7916093484690603,3.3761901777158227,0.9955263157894737,0.38046052631578947
speed,channel.speed_kmh,40,,1006,Exact,1.778099648559526,0.22226245606994074,0.019702426165337714,0.3049342105263158,121.19578947368421,0.014671298865094754,1.2088080638649943,2.484297308063716,0.9355263157894737,0.3049342105263158
speed,channel.speed_kmh,40,,1006,Optimised,1.3056729374541447,0.1632091171817681,0.3405641532466386,0.19151315789473683,256.0,0.005100284911930253,1.6812347749703753,3.2296408813237707,0.9752631578947368,0.3815789473684211
speed,channel.speed_kmh,40,,1006,Proposed,1.3781587894673613,0.17226984868342016,0.3026641608907941,0.1967763157894737,256.0,0.00538343277135688,1.608748922957159,3.078339847082827,0.973421052631579,0.3979605263157895
speed,channel.speed_kmh,40,,1006,Baseline,1.5974770848077036,0.19968463560096295,0.14835645800432876,0.2619736842105263,256.0,0.006240144862530092,1.3894306276168165,2.8088422872314087,0.9378947368421052,0.5
speed,channel.speed_kmh,40,,1006,prediction_only,0.7511967464669421,0.09389959330836777,0.5696300740812661,0.0,0.0,,2.235710965957578,4.057800642140417,0.9715789473684211,0.0
speed,channel.speed_kmh,40,,1006,importance_only,1.4782431620545555,0.18478039525681944,0.28258023671365134,0.12111842105263158,256.0,0.0057743873517756075,1.5086645503699645,2.9814855316841937,0.9473684210526315,0.25
speed,channel.speed_kmh,40,,1006,snr_threshold,1.1661494761422617,0.14576868451778272,0.3552557224808451,0.2425,256.0,0.00455527139118071,1.8207582362822583,3.3789163804099482,0.9639473684210527,0.5
speed,channel.speed_kmh,40,,1006,full_feedback,1.751755590784985,0.21896944884812314,0.042412552273465964,0.40651315789473685,1024.0,0.001710698819125962,1.2351521216395347,2.547798141129007,0.9355263157894737,1.0
speed,channel.speed_kmh,40,,1006,Proposed_no_confidence,1.0239526744672067,0.12799408430840084,0.42196966062983227,0.17980263157894738,256.0,0.003999815134637526,1.962955037957313,3.6257523599341397,0.9552631578947368,0.39592105263157895
speed,channel.speed_kmh,40,,1006,Proposed_no_importance,1.2820918040576084,0.16026147550720105,0.31435563979743314,0.18368421052631578,256.0,0.005008171109600033,1.7048159083669119,3.2788126202465016,0.9563157894736842,0.375
speed,channel.speed_kmh,40,,1007,Exact,1.7059976142588946,0.21324970178236183,0.022330092991358474,0.32710526315789473,130.13894736842104,0.013109047281819837,1.1953872220186856,2.4833484845287095,0.9565789473684211,0.32710526315789473
speed,channel.speed_kmh,40,,1007,Optimised,1.0981436245225062,0.13726795306531328,0.44098006182231797,0.18796052631578947,256.0,0.00428962353329104,1.803241211755074,3.462322697307705,0.9963157894736843,0.3738815789473684
speed,channel.speed_kmh,40,,1007,Proposed,1.2219875183238673,0.15274843979048341,0.3921279047777428,0.19875,256.0,0.004773388743452607,1.679397317953713,3.280135509521333,0.9886842105263158,0.3876973684210526
speed,channel.speed_kmh,40,,1007,Baseline,1.51467310427481,0.18933413803435126,0.15432035913785705,0.2763815789473684,256.0,0.005916691813573477,1.38671173200277,2.787408325686179,0.9597368421052631,0.5
speed,channel.speed_kmh,40,,1007,prediction_only,0.3660557134165732,0.04575696417707165,0.7744400600887226,0.0,0.0,,2.535329122861007,4.55303351443768,0.9871052631578947,0.0
speed,channel.speed_kmh,40,,1007,importance_only,1.4048040722893371,0.17560050903616714,0.3039068452472282,0.1311842105263158,256.0,0.005487515907380223,1.496580763988243,3.030358184674935,0.9676315789473684,0.25
speed,channel.speed_kmh,40,,1007,snr_threshold,1.1384152178235467,0.14230190222794334,0.3817758036259162,0.24368421052631578,256.0,0.004446934444623229,1.7629696184540333,3.3862876091892105,0.9839473684210527,0.5
speed,channel.speed_kmh,40,,1007,full_feedback,1.6813466907404473,0.2101683363425559,0.04587180430443718,0.43046052631578946,1024.0,0.001641940127676218,1.2200381455371327,2.5280737370215496,0.9568421052631579,1.0
speed,channel.speed_kmh,40,,1007,Proposed_no_confidence,1.0635480545448825,0.13294350681811032,0.4443012763077247,0.19717105263157894,256.0,0.0041544845880659475,1.8378367817326977,3.5627008488577476,0.9926315789473684,0.4039473684210526
speed,channel.speed_kmh,40,,1007,Proposed_no_importance,1.107916387193092,0.1384895483991365,0.4390105256363869,0.18677631578947368,256.0,0.004327798387473015,1.793468449084488,3.482297387741044,0.993421052631579,0.3693421052631579
speed,channel.speed_kmh,40,,1008,Exact,1.7351040660687076,0.21688800825858845,0.022638119866500356,0.32605263157894737,128.85894736842104,0.013465142324249056,1.2539887189444356,2.4908555808818855,0.9542105263157895,0.32605263157894737
speed,channel.speed_kmh,40,,1008,Optimised,1.1697853172970272,0.1462231646621284,0.4198341720553581,0.18894736842105264,256.0,0.004569473895691512,1.8193074677161156,3.414309039465982,0.9905263157894737,0.38
speed,channel.speed_kmh,40,,1008,Proposed,1.1885860197338705,0.1485732524667338,0.4262399817120806,0.19375,256.0,0.0046429141395854315,1.8005067652792726,3.383780190910386,0.9931578947368421,0.3875657894736842
speed,channel.speed_kmh,40,,1008,Baseline,1.5452169263019897,0.1931521157877487,0.1568539258067827,0.27440789473684213,256.0,0.006036003618367147,1.4438758587111533,2.8786543939910456,0.9571052631578948,0.5
speed,channel.speed_kmh,40,,1008,prediction_only,0.44844515729804796,0.056055644662255995,0.7904363144181085,0.0,0.0,,2.540647627715095,4.375282373166815,0.9897368421052631,0.0
speed,channel.speed_kmh,40,,1008,importance_only,1.4254957645813886,0.17818697057267358,0.30515802861253216,0.1286842105263158,256.0,0.005568342830396049,1.5635970204317546,3.0714066147096184,0.9636842105263158,0.25
speed,channel.speed_kmh,40,,1008,snr_threshold,1.1431359298777939,0.14289199123472424,0.3805800946514737,0.2311842105263158,256.0,0.004465374726085132,1.8459568551353494,3.375316031398613,0.9731578947368421,0.5
speed,channel.speed_kmh,40,,1008,full_feedback,1.7088901354805295,0.21361126693506619,0.04513743718639372,0.4223026315789474,1024.0,0.0016688380229302046,1.2802026495326142,2.5512280460204972,0.9542105263157895,1.0
speed,channel.speed_kmh,40,,1008,Proposed_no_confidence,1.0881330752735272,0.1360166344091909,0.42106134667759865,0.19125,256.0,0.004250519825287216,1.900959709739616,3.5598572004229325,0.9876315789473684,0.4005921052631579
speed,channel.speed_kmh,40,,1008,Proposed_no_importance,1.0090617146645335,0.1261327143330667,0.490922176802969,0.17894736842105263,256.0,0.003941647322908334,1.9800310703486095,3.663916130208479,0.9994736842105263,0.36598684210526317
speed,channel.speed_kmh,40,,1009,Exact,1.7980535989016866,0.22475669986271082,0.021065992400422288,0.3078947368421053,121.36421052631579,0.014815352821924458,1.1888837988235346,2.48053114816782,0.9034210526315789,0.3078947368421053
speed,channel.speed_kmh,40,,1009,Optimised,1.2711247139550292,0.15889058924437865,0.3768626800741457,0.1999342105263158,256.0,0.004965330913886833,1.7158126837701917,3.2125536369590075,0.975,0.39407894736842103
speed,channel.speed_kmh,40,,1009,Proposed,1.1961564065990744,0.1495195508248843,0.4063432237641575,0.1992763157894737,256.0,0.004672485963277634,1.7907809911261465,3.399801122853128,0.9789473684210527,0.39539473684210524
speed,channel.speed_kmh,40,,1009,Baseline,1.6065773116826534,0.20082216396033167,0.14878731972604686,0.2675,256.0,0.006275692623760365,1.3803600860425675,2.8507602643441348,0.9089473684210526,0.5
speed,channel.speed_kmh,40,,1009,prediction_only,0.3754458633695992,0.0469307329211999,0.7184952776763439,0.0,0.0,,2.611491534355622,4.388872524313377,0.9160526315789473,0.0
speed,channel.speed_kmh,40,,1009,importance_only,1.4755649144583831,0.1844456143072979,0.29286690941263166,0.12092105263157894,256.0,0.005763925447103059,1.5113724832668378,3.087914172702541,0.9202631578947369,0.25
speed,channel.speed_kmh,40,,1009,snr_threshold,1.176983478640725,0.14712293483009062,0.33942229389125034,0.23651315789473684,256.0,0.004597591713440332,1.809953919084496,3.393194700686791,0.9121052631578948,0.5
speed,channel.speed_kmh,40,,1009,full_feedback,1.7704897635269428,0.22131122044086785,0.044188468288761995,0.4063157894736842,1024.0,0.00172899390969428,1.216447634198278,2.5296195668802,0.9044736842105263,1.0
speed,channel.speed_kmh,40,,1009,Proposed_no_confidence,0.9438513272853946,0.11798141591067432,0.4657971521271515,0.1676315789473684,256.0,0.0036869192472085725,2.043086070439826,3.6931565423613053,0.9478947368421052,0.3728947368421053
speed,channel.speed_kmh,40,,1009,Proposed_no_importance,1.2367864064139447,0.15459830080174308,0.3253216843589674,0.18092105263157895,256.0,0.004831196900054471,1.750150991311276,3.4010927672037896,0.9334210526315789,0.3755921052631579
speed,channel.speed_kmh,60,,1000,Exact,1.7453752694227425,0.2181719086778428,0.028013275812487647,0.43157894736842106,161.53263157894736,0.010805094007087408,1.2421598473873527,2.480124045357819,0.9571052631578948,0.43157894736842106
speed,channel.speed_kmh,60,,1000,Optimised,1.1266725572350356,0.14083406965437945,0.4287582906708994,0.22210526315789475,256.0,0.004401064676699358,1.8608625595750599,3.517456109191648,0.9873684210526316,0.3890789473684211
speed,channel.speed_kmh,60,,1000,Proposed,1.256359515874531,0.1570449394843164,0.3710431226913218,0.2513815789473684,256.0,0.004907654358884887,1.7311756009355643,3.3312986357117578,0.9781578947368421,0.4280921052631579
speed,channel.speed_kmh,60,,1000,Baseline,1.4841601800777995,0.18552002250972494,0.19894239499521954,0.3119078947368421,256.0,0.005797500703428904,1.5033749367322957,2.9242226130029967,0.9657894736842105,0.5
speed,channel.speed_kmh,60,,1000,prediction_only,0.5214713536849885,0.06518391921062357,0.7376850667350489,0.0,0.0,,2.466063763125107,4.182554505998924,0.9968421052631579,0.0
speed,channel.speed_kmh,60,,1000,importance_only,1.388613477816606,0.17357668472707574,0.34499780389782936,0.14855263157894738,256.0,0.005424271397721117,1.5989216389934895,3.100856301473616,0.9705263157894737,0.25
speed,channel.speed_kmh,60,,1000,snr_threshold,1.180764059291596,0.1475955074114495,0.35279602673557064,0.28210526315789475,256.0,0.004612359606607797,1.8067710575184992,3.3688916560756885,0.9818421052631578,0.5
speed,channel.speed_kmh,60,,1000,full_feedback,1.7261435482007428,0.21576794352509285,0.043283928434686716,0.5239473684210526,1024.0,0.0016856870587897879,1.2613915686093526,2.524693938375502,0.9571052631578948,1.0
speed,channel.speed_kmh,60,,1000,Proposed_no_confidence,0.9996402994588466,0.12495503743235582,0.48450044844820206,0.23190789473684212,256.0,0.0039048449197611195,1.9878948173512485,3.644621836485045,0.9871052631578947,0.41026315789473683
speed,channel.speed_kmh,60,,1000,Proposed_no_importance,0.9851179915616421,0.12313974894520527,0.469643030236058,0.21427631578947368,256.0,0.0038481171545376646,2.002417125248453,3.6790222591936703,0.99,0.37296052631578946
speed,channel.speed_kmh,60,,1001,Exact,1.7089429997095953,0.2136178749636994,0.034162360278816924,0.4525,172.69894736842105,0.009895503277526549,1.2794191243276425,2.562971465280393,0.9636842105263158,0.4525
speed,channel.speed_kmh,60,,1001,Optimised,1.186624036265833,0.1483280045332291,0.42747630430996064,0.2534868421052632,256.0,0.00463525014166341,1.8017380877714047,3.3802248157960824,0.9976315789473684,0.41388157894736843
speed,channel.speed_kmh,60,,1001,Proposed,1.2001613151114299,0.15002016438892873,0.42708874706063354,0.2567763157894737,256.0,0.004688130137154023,1.788200808925808,3.3735515868172365,0.9994736842105263,0.4206578947368421
speed,channel.speed_kmh,60,,1001,Baseline,1.4201028221567373,0.17751285276959217,0.20972015425826152,0.32848684210526313,256.0,0.005547276649049755,1.5682593018805002,3.0833894990849235,0.9721052631578947,0.5
speed,channel.speed_kmh,60,,1001,prediction_only,0.3879543386670706,0.04849429233338382,0.7435329345911164,0.0,0.0,,2.6004077853701673,4.522368469975025,0.9907894736842106,0.0
speed,channel.speed_kmh,60,,1001,importance_only,1.3086083592584208,0.1635760449073026,0.37558780584380214,0.15842105263157893,256.0,0.005111751403353206,1.6797537647788172,3.34196108629011,0.9813157894736843,0.25
speed,channel.speed_kmh,60,,1001,snr_threshold,0.8894471565870646,0.11118089457338308,0.43941383444079646,0.2905263157894737,256.0,0.0034744029554182212,2.098914967450173,3.820151999645751,0.9747368421052631,0.5
speed,channel.speed_kmh,60,,1001,full_feedback,1.688814688427245,0.21110183605340563,0.04648796423935151,0.54625,1024.0,0.0016492330941672315,1.2995474356099928,2.627875225490303,0.9639473684210527,1.0
speed,channel.speed_kmh,60,,1001,Proposed_no_confidence,0.9386529083199311,0.11733161353999139,0.4801701406163767,0.2582236842105263,256.0,0.003666612923124731,2.0497092157173067,3.7871910741152797,0.9836842105263158,0.43835526315789475
speed,channel.speed_kmh,60,,1001,Proposed_no_importance,0.9681059369361895,0.12101324211702369,0.4677717223438712,0.2330921052631579,256.0,0.0037816638161569903,2.0202561871010483,3.7025240348692376,0.9894736842105263,0.38953947368421055
speed,channel.speed_kmh,60,,1002,Exact,1.7402757044521255,0.2175344630565157,0.032696103529991874,0.4479605263157895,166.65263157894736,0.010442533597963108,1.2607306826788707,2.648095019435972,0.9615789473684211,0.4479605263157895
speed,channel.speed_kmh,60,,1002,Optimised,1.1521101681732413,0.14401377102165516,0.4304344399471196,0.24618421052631578,256.0,0.004500430344426724,1.8488962189577547,3.607643101103154,0.9886842105263158,0.41309210526315787
speed,channel.speed_kmh,60,,1002,Proposed,1.0256296264335243,0.12820370330419054,0.4516689994168685,0.2388157894736842,256.0,0.004006365728255954,1.9753767606974715,3.7824188216796433,0.9836842105263158,0.4108552631578947
speed,channel.speed_kmh,60,,1002,Baseline,1.4507635621444201,0.18134544526805252,0.20811361448782661,0.31855263157894737,256.0,0.005667045164626641,1.5502428249865758,3.1695210690286357,0.9676315789473684,0.5
speed,channel.speed_kmh,60,,1002,prediction_only,0.3729038968158638,0.04661298710198297,0.7622468742390557,0.0,0.0,,2.628102490315132,4.640031045497297,0.998421052631579,0.0
speed,channel.speed_kmh,60,,1002,importance_only,1.3542068803714828,0.16927586004643536,0.3517733942066377,0.15078947368421053,256.0,0.005289870626451105,1.6467995067595131,3.4396865920140014,0.9731578947368421,0.25
speed,channel.speed_kmh,60,,1002,snr_threshold,1.0650780854705342,0.13313476068381677,0.40361534336739996,0.29638157894736844,256.0,0.004160461271369274,1.9359283016604618,3.6784320270689377,0.9831578947368421,0.5
speed,channel.speed_kmh,60,,1002,full_feedback,1.7198570761727383,0.2149821345215923,0.04540956120435191,0.54375,1024.0,0.0016795479259499398,1.281149310958258,2.714112787818107,0.9618421052631579,1.0
speed,channel.speed_kmh,60,,1002,Proposed_no_confidence,0.973404780734184,0.121675597591773,0.47716147089169897,0.2590789473684211,256.0,0.0038023624247429063,2.0276016063968116,3.89715941998349,0.986578947368421,0.4448026315789474
speed,channel.speed_kmh,60,,1002,Proposed_no_importance,1.0076726352362526,0.12595907940453158,0.4993666012623502,0.23375,256.0,0.003936221231391612,1.9933337518947434,3.7783799573723695,0.9923684210526316,0.39881578947368423
speed,channel.speed_kmh,60,,1003,Exact,1.7812103407706688,0.2226512925963336,0.027570771207572477,0.4143421052631579,153.09473684210528,0.01163469350750918,1.2788220890160598,2.556956871751912,0.9747368421052631,0.4143421052631579
speed,channel.speed_kmh,60,,1003,Optimised,1.1156582364139729,0.1394572795517466,0.4574092402199237,0.21276315789473685,256.0,0.004358039985992082,1.9443741933727559,3.5616404911286117,0.9913157894736843,0.3906578947368421
speed,channel.speed_kmh,60,,1003,Proposed,1.3051571577228667,0.16314464471535833,0.38076471702360154,0.23296052631578948,256.0,0.005098270147354948,1.7548752720638618,3.3265672687253924,0.99,0.42217105263157895
speed,channel.speed_kmh,60,,1003,Baseline,1.527892727337659,0.19098659091720738,0.18979215345606176,0.30223684210526314,256.0,0.0059683309661627305,1.5321397024490695,3.029010821810311,0.9792105263157894,0.5
speed,channel.speed_kmh,60,,1003,prediction_only,0.8510561950374801,0.10638202437968501,0.567692243534149,0.0,0.0,,2.208976234749249,3.888202498593898,0.9963157894736843,0.0
speed,channel.speed_kmh,60,,1003,importance_only,1.443125757642115,0.18039071970526438,0.32642899069219006,0.1432236842105263,256.0,0.005637209990789512,1.6169066721446135,3.190695900988067,0.9828947368421053,0.25
speed,channel.speed_kmh,60,,1003,snr_threshold,1.2897583874957728,0.1612197984369716,0.2876005771981253,0.28342105263157896,256.0,0.005038118701155362,1.7702740422909558,3.375077722127906,0.9755263157894737,0.5
speed,channel.speed_kmh,60,,1003,full_feedback,1.7616252386496976,0.2202031548312122,0.043486780288165806,0.5004605263157895,1024.0,0.0017203371471188453,1.298407191137031,2.6098148286818232,0.975,1.0
speed,channel.speed_kmh,60,,1003,Proposed_no_confidence,1.106186518969276,0.1382733148711595,0.43600098602226195,0.2231578947368421,256.0,0.004321041089723734,1.9538459108174528,3.6017483992850106,0.9913157894736843,0.41407894736842105
speed,channel.speed_kmh,60,,1003,Proposed_no_importance,1.0978571278506402,0.13723214098133002,0.45727882783770774,0.2018421052631579,256.0,0.004288504405666563,1.9621753019360881,3.4985186331831586,0.9947368421052631,0.3842763157894737
speed,channel.speed_kmh,60,,1004,Exact,1.7728169960591245,0.22160212450739056,0.030078744751574994,0.44802631578947366,164.21052631578948,0.010796000937539539,1.272424594288064,2.53302582936904,0.9721052631578947,0.44802631578947366
speed,channel.speed_kmh,60,,1004,Optimised,1.039589002981954,0.12994862537274424,0.4504611236555471,0.23269736842105262,256.0,0.004060894542898257,2.005652587365235,3.661934937008167,0.99,0.3964473684210526
speed,channel.speed_kmh,60,,1004,Proposed,1.2947841344373774,0.16184801680467217,0.4056952975480353,0.2559868421052632,256.0,0.005057750525146005,1.7504574559098114,3.29616994740571,0.9952631578947368,0.4249342105263158
speed,channel.speed_kmh,60,,1004,Baseline,1.4949917374752266,0.18687396718440333,0.20355592393324465,0.3194078947368421,256.0,0.005839811474512604,1.5502498528719624,2.9928832508571013,0.975,0.5
speed,channel.speed_kmh,60,,1004,prediction_only,0.5865023630011927,0.07331279537514909,0.7393367850729189,0.0,0.0,,2.458739227345996,4.322451967336198,0.9992105263157894,0.0
speed,channel.speed_kmh,60,,1004,importance_only,1.3933639621689944,0.1741704952711243,0.3560787922587859,0.15223684210526317,256.0,0.005442827977222634,1.6518776281781942,3.2633744712656494,0.9776315789473684,0.25
speed,channel.speed_kmh,60,,1004,snr_threshold,1.0697480303668025,0.13371850379585032,0.4460149811975282,0.2825,256.0,0.0041787032436203225,1.9754935599803862,3.567352233784393,0.9818421052631578,0.5
speed,channel.speed_kmh,60,,1004,full_feedback,1.755585206653517,0.21944815083168961,0.043400776317533155,0.5342763157894737,1024.0,0.0017144386783725751,1.2896563836936719,2.572042439137391,0.9721052631578947,1.0
speed,channel.speed_kmh,60,,1004,Proposed_no_confidence,1.0294301752288568,0.1286787719036071,0.451171615946791,0.2443421052631579,256.0,0.004021211621987722,2.0158114151183315,3.6204874653129786,0.9878947368421053,0.4218421052631579
speed,channel.speed_kmh,60,,1004,Proposed_no_importance,0.9628253454474308,0.12035316818092885,0.4873854095234126,0.22052631578947368,256.0,0.0037610365056540266,2.082416244899758,3.8019258577771446,0.9902631578947368,0.38052631578947366
speed,channel.speed_kmh,60,,1005,Exact,1.6741838196883705,0.2092729774610463,0.03354213400042315,0.45789473684210524,171.23368421052632,0.00977718739982266,1.278524897486774,2.644937912184285,0.973421052631579,0.45789473684210524
speed,channel.speed_kmh,60,,1005,Optimised,1.1864416093167194,0.14830520116458992,0.41077763218531266,0.25144736842105264,256.0,0.004634537536393435,1.7662671078584251,3.3936857966502796,0.9936842105263158,0.4094736842105263
speed,channel.speed_kmh,60,,1005,Proposed,1.2166374378704543,0.1520796797338068,0.39050474816210645,0.26631578947368423,256.0,0.004752489991681462,1.7360712793046904,3.411031969048237,0.9936842105263158,0.4301315789473684
speed,channel.speed_kmh,60,,1005,Baseline,1.392834251391503,0.17410428142393788,0.21306589218199723,0.3306578947368421,256.0,0.005440758794498059,1.5598744657836414,3.099069747291605,0.9771052631578947,0.5
speed,channel.speed_kmh,60,,1005,prediction_only,0.542891547740906,0.06786144346761325,0.7726052937469802,0.0,0.0,,2.409817169434239,4.2501499695261336,1.0,0.0
speed,channel.speed_kmh,60,,1005,importance_only,1.3011783119429,0.1626472889928625,0.36277746200497546,0.15421052631578946,256.0,0.005082727781026953,1.6515304052322446,3.3244264559059262,0.9844736842105263,0.25
speed,channel.speed_kmh,60,,1005,snr_threshold,1.015428958117531,0.12692861976469139,0.4303809347417687,0.29546052631578945,256.0,0.003966519367646606,1.9372797590576134,3.6357578346398443,0.9847368421052631,0.5
speed,channel.speed_kmh,60,,1005,full_feedback,1.6548335065692101,0.20685418832115127,0.046874770383311344,0.545921052631579,1024.0,0.0016160483462589943,1.2978752106059346,2.6872599370175894,0.9731578947368421,1.0
speed,channel.speed_kmh,60,,1005,Proposed_no_confidence,0.9947443694729594,0.12434304618411993,0.4597344885015565,0.24842105263157896,256.0,0.0038857201932537477,1.957964347702185,3.650526018698616,0.993421052631579,0.41875
speed,channel.speed_kmh,60,,1005,Proposed_no_importance,1.0905444679653302,0.13631805849566628,0.4506921196241733,0.2293421052631579,256.0,0.004259939327989571,1.8621642492098143,3.4962613064337895,0.9957894736842106,0.3880921052631579
speed,channel.speed_kmh,60,,1006,Exact,1.753040917895372,0.2191301147369215,0.0287034096707014,0.4265131578947368,159.4778947368421,0.010992375594047706,1.2338667945291482,2.5560384492659143,0.9357894736842105,0.4265131578947368
speed,channel.speed_kmh,60,,1006,Optimised,1.0461842488428046,0.13077303110535057,0.4510684334086401,0.22815789473684212,256.0,0.004086657222042205,1.9407234635817154,3.531982704390875,0.9705263157894737,0.3904605263157895
speed,channel.speed_kmh,60,,1006,Proposed,0.946514224557739,0.11831427806971738,0.4743805495959201,0.23026315789473684,256.0,0.003697321189678668,2.040393487866781,3.663201578708123,0.9739473684210527,0.3964473684210526
speed,channel.speed_kmh,60,,1006,Baseline,1.4892228123323634,0.18615285154154543,0.19550281333280067,0.3144078947368421,256.0,0.005817276610673295,1.4976849000921564,2.990792173562319,0.9418421052631579,0.5
speed,channel.speed_kmh,60,,1006,prediction_only,0.6658558752332161,0.08323198440415201,0.6197772387296623,0.0,0.0,,2.3210518371913045,4.223462237506921,0.968421052631579,0.0
speed,channel.speed_kmh,60,,1006,importance_only,1.3804862364578754,0.17256077955723442,0.3445216599719368,0.14578947368421052,256.0,0.005392524361163576,1.6064214759666446,3.238335790047992,0.9505263157894737,0.25
speed,channel.speed_kmh,60,,1006,snr_threshold,1.1249947676687027,0.14062434595858783,0.36227679598269596,0.2776315789473684,256.0,0.00439451081120587,1.8619129447558174,3.4536723133887115,0.9576315789473684,0.5
speed,channel.speed_kmh,60,,1006,full_feedback,1.733842827835559,0.2167303534794449,0.04338629178476433,0.517828947368421,1024.0,0.0016932058865581632,1.2530648845889611,2.5984935154797957,0.9355263157894737,1.0
speed,channel.speed_kmh,60,,1006,Proposed_no_confidence,0.8747325659208748,0.10934157074010935,0.5151022313904394,0.23111842105263158,256.0,0.003416924085628417,2.1121751465036454,3.7942757705033965,0.9623684210526315,0.4039473684210526
speed,channel.speed_kmh,60,,1006,Proposed_no_importance,0.8767133418327158,0.10958916772908947,0.511954678172347,0.21421052631578946,256.0,0.003424661491534046,2.1101943705918043,3.785243245636509,0.9739473684210527,0.3776973684210526
speed,channel.speed_kmh,60,,1007,Exact,1.6670359753194628,0.20837949691493285,0.0360511776985007,0.4600657894736842,173.0021052631579,0.00963592883903749,1.2343488609581177,2.637578486452147,0.9642105263157895,0.4600657894736842
speed,channel.speed_kmh,60,,1007,Optimised,1.0721108001771154,0.13401385002213942,0.4279185675604634,0.2494078947368421,256.0,0.004187932813191857,1.829274036100465,3.53967887888028,0.988421052631579,0.39960526315789474
speed,channel.speed_kmh,60,,1007,Proposed,0.9627818466567128,0.1203477308320891,0.45114815649106554,0.24651315789473685,256.0,0.0037608665885027846,1.9386029896208674,3.713740263986931,0.9857894736842105,0.4041447368421053
speed,channel.speed_kmh,60,,1007,Baseline,1.3885343297021577,0.17356679121276972,0.21183925350119562,0.33039473684210524,256.0,0.005423962225399054,1.5128505065754225,3.1008924326111345,0.9686842105263158,0.5
speed,channel.speed_kmh,60,,1007,prediction_only,0.4090152458341634,0.05112690572927042,0.7417139041801887,0.0,0.0,,2.492369590443417,4.495188362984817,0.9868421052631579,0.0
speed,channel.speed_kmh,60,,1007,importance_only,1.300369196448553,0.16254614955606914,0.3629808304316713,0.15493421052631579,256.0,0.0050795671736271605,1.6010156398290272,3.311616952150074,0.9744736842105263,0.25
speed,channel.speed_kmh,60,,1007,snr_threshold,1.0323475738047567,0.1290434467255946,0.3891580628922319,0.29618421052631577,256.0,0.004032607710174831,1.8690372624728235,3.677501783248911,0.9792105263157894,0.5
speed,channel.speed_kmh,60,,1007,full_feedback,1.647444196317676,0.2059305245397095,0.04766757603642076,0.5548684210526316,1024.0,0.0016088322229664805,1.253940639959904,2.687327437692287,0.9642105263157895,1.0
speed,channel.speed_kmh,60,,1007,Proposed_no_confidence,0.9225694919596359,0.11532118649495449,0.5015098163037616,0.2651973684210526,256.0,0.0036037870779673277,1.9788153443179444,3.8094879351390136,0.9960526315789474,0.4298026315789474
speed,channel.speed_kmh,60,,1007,Proposed_no_importance,0.9432978305239089,0.11791222881548862,0.48357987502934185,0.20473684210526316,256.0,0.0036847571504840192,1.9580870057536712,3.6977843220852744,0.995,0.3500657894736842
speed,channel.speed_kmh,60,,1008,Exact,1.7176942897336884,0.21471178621671105,0.031960811778807385,0.45092105263157894,167.5284210526316,0.010253151548500828,1.2713984952794544,2.540863334682693,0.9636842105263158,0.45092105263157894
speed,channel.speed_kmh,60,,1008,Optimised,1.0125179412435825,0.12656474265544781,0.4594487686658482,0.23144736842105262,256.0,0.003955148207982744,1.9765748437695607,3.6933084572252617,0.9892105263157894,0.38355263157894737
speed,channel.speed_kmh,60,,1008,Proposed,1.1429531022850603,0.14286913778563254,0.42657121359323114,0.2500657894736842,256.0,0.004464660555801017,1.846139682728083,3.5373061526181764,0.9897368421052631,0.41269736842105265
speed,channel.speed_kmh,60,,1008,Baseline,1.4337773079879275,0.17922216349849093,0.20729926191430764,0.32125,256.0,0.005600692609327842,1.5553154770252153,3.0082167029097704,0.9689473684210527,0.5
speed,channel.speed_kmh,60,,1008,prediction_only,0.45189248100011187,0.05648656012501398,0.7818436891219411,0.0,0.0,,2.537200304013031,4.350016495793757,0.993421052631579,0.0
speed,channel.speed_kmh,60,,1008,importance_only,1.329349940313844,0.1661687425392305,0.3699780513962345,0.15480263157894736,256.0,0.005192773204350953,1.6597428446992992,3.2043042635566192,0.9728947368421053,0.25
speed,channel.speed_kmh,60,,1008,snr_threshold,1.098867391380348,0.1373584239225435,0.38074659587028337,0.2892105263157895,256.0,0.004292450747579484,1.890225393632795,3.4137133743364156,0.9802631578947368,0.5
speed,channel.speed_kmh,60,,1008,full_feedback,1.6973913742568767,0.2121739217821096,0.044799501773338635,0.5411184210526315,1024.0,0.0016576087639227311,1.2917014107562665,2.5914639178398517,0.963421052631579,1.0
speed,channel.speed_kmh,60,,1008,Proposed_no_confidence,0.9452792716224285,0.11815990895280357,0.4826006847542226,0.23875,256.0,0.0036924971547751114,2.0438135133907145,3.8325328655009034,0.9955263157894737,0.40078947368421053
speed,channel.speed_kmh,60,,1008,Proposed_no_importance,0.8269338151224794,0.10336672689030993,0.5347799521029531,0.22151315789473683,256.0,0.0032302102153221853,2.162158969890664,3.931670114323389,0.991578947368421,0.3775657894736842
speed,channel.speed_kmh,60,,1009,Exact,1.7980438573933768,0.2247554821741721,0.02928874053269537,0.4226315789473684,159.22526315789474,0.011292453356540274,1.188893540331844,2.5376450119850062,0.9107894736842105,0.4226315789473684
speed,channel.speed_kmh,60,,1009,Optimised,1.2025612749811943,0.15032015937264928,0.4247019650037292,0.2456578947368421,256.0,0.00469750498039529,1.7843761227440267,3.3616670017576404,0.9821052631578947,0.41230263157894737
speed,channel.speed_kmh,60,,1009,Proposed,1.2631275535544069,0.15789094419430086,0.39387783123000475,0.24960526315789475,256.0,0.004934092006071902,1.7238098441708136,3.2611379715707614,0.9818421052631578,0.4261184210526316
speed,channel.speed_kmh,60,,1009,Baseline,1.5107257593250338,0.18884071991562923,0.19776141803114086,0.30223684210526314,256.0,0.005901272497363413,1.4762116384001873,3.000203779827634,0.9239473684210526,0.5
speed,channel.speed_kmh,60,,1009,prediction_only,0.46854707895129655,0.05856838486891207,0.6793226818884897,0.0,0.0,,2.5183903187739243,4.320031765217618,0.9228947368421052,0.0
speed,channel.speed_kmh,60,,1009,importance_only,1.4346167470954145,0.17932709338692682,0.3316232041019421,0.14171052631578948,256.0,0.005603971668341463,1.552320650629806,3.149832699528557,0.9313157894736842,0.25
speed,channel.speed_kmh,60,,1009,snr_threshold,1.2453414640988199,0.15566768301235248,0.3431937860667741,0.28230263157894736,256.0,0.004864615094136015,1.7415959336264013,3.357549127838826,0.9186842105263158,0.5
speed,channel.speed_kmh,60,,1009,full_feedback,1.780065503356884,0.2225081879196105,0.043835967183225945,0.5129605263157895,1024.0,0.001738345218121957,1.2068718943683368,2.5530062950309125,0.9110526315789473,1.0
speed,channel.speed_kmh,60,,1009,Proposed_no_confidence,0.8325303274704512,0.1040662909338064,0.5303355865012048,0.22473684210526315,256.0,0.00325207159168145,2.1544070702547695,3.8887643066949162,0.9705263157894737,0.40657894736842104
speed,channel.speed_kmh,60,,1009,Proposed_no_importance,0.9687989317486196,0.12109986646857746,0.4970227506542166,0.22907894736842105,256.0,0.0037843708271430455,2.0181384659766013,3.6338488639634074,0.9973684210526316,0.3944736842105263
