sweep,param,x,x2,seed,scheme,utility,utility_per_user,regret,switch_rate,bits,utility_per_bit,loss,cvar,violation_rate,fb_share
budget,feedback.budget_frac,0.05,,1000,Exact,1.7083406366963094,0.21354257958703868,0.11928037380098781,0.11111842105263157,28.446315789473683,0.06005489952862248,1.2791944801137858,2.66187709434652,0.9660526315789474,0.11111842105263157
budget,feedback.budget_frac,0.05,,1000,Optimised,1.1203363279679448,0.1400420409959931,0.44438543046067697,0.07473684210526316,32.0,0.035010510248998275,1.8671987888421504,3.4615368745179453,0.985,0.125
budget,feedback.budget_frac,0.05,,1000,Proposed,1.2040959483199836,0.15051199353999795,0.3924777921458844,0.07894736842105263,32.0,0.037627998384999486,1.7834391684901114,3.428608666717826,0.9823684210526316,0.125
budget,feedback.budget_frac,0.05,,1000,Baseline,0.5604923230584768,0.0700615403823096,0.7206056522589006,0.0,0.0,,2.4270427937516184,4.111369390210274,0.9981578947368421,0.0
budget,feedback.budget_frac,0.05,,1000,prediction_only,0.5604923230584768,0.0700615403823096,0.7206056522589006,0.0,0.0,,2.4270427937516184,4.111369390210274,0.9981578947368421,0.0
budget,feedback.budget_frac,0.05,,1000,importance_only,0.5604923230584768,0.0700615403823096,0.7206056522589006,0.0,0.0,,2.4270427937516184,4.111369390210274,0.9981578947368421,0.0
budget,feedback.budget_frac,0.05,,1000,snr_threshold,0.5604923230584768,0.0700615403823096,0.7206056522589006,0.0,0.0,,2.4270427937516184,4.111369390210274,0.9981578947368421,0.0
budget,feedback.budget_frac,0.05,,1000,full_feedback,1.7798132677326755,0.22247665846658443,0.03993362063267675,0.33631578947368423,1024.0,0.0017380988942701909,1.2077218490774195,2.523089830328595,0.9639473684210527,1.0
budget,feedback.budget_frac,0.05,,1000,Proposed_no_confidence,0.9411642665461772,0.11764553331827216,0.5362794129310564,0.06855263157894737,32.0,0.02941138332956804,2.046370850263918,3.7222542350036116,0.9921052631578947,0.125
budget,feedback.budget_frac,0.05,,1000,Proposed_no_importance,1.0793142625886656,0.1349142828235832,0.4683252066419658,0.07776315789473684,32.0,0.0337285707058958,1.9082208542214294,3.4783710089918802,0.9826315789473684,0.125
budget,feedback.budget_frac,0.05,,1001,Exact,1.6090893920207678,0.20113617400259598,0.14915264943027373,0.1150657894736842,29.456842105263156,0.05462531884004179,1.37927273201647,2.8194685555554355,0.9657894736842105,0.1150657894736842
budget,feedback.budget_frac,0.05,,1001,Optimised,0.960317038669272,0.120039629833659,0.4792527927238027,0.08223684210526316,32.0,0.03000990745841475,2.0280450853679657,3.852551741737562,0.9844736842105263,0.125
budget,feedback.budget_frac,0.05,,1001,Proposed,1.0104836225001028,0.12631045281251285,0.44767781603127094,0.08401315789473685,32.0,0.03157761320312821,1.977878501537135,3.721287766845769,0.9823684210526316,0.125
budget,feedback.budget_frac,0.05,,1001,Baseline,0.28560402231742243,0.035700502789677804,0.7492178474273327,0.0,0.0,,2.702758101719815,4.6119984761858595,0.9928947368421053,0.0
budget,feedback.budget_frac,0.05,,1001,prediction_only,0.28560402231742243,0.035700502789677804,0.7492178474273327,0.0,0.0,,2.702758101719815,4.6119984761858595,0.9928947368421053,0.0
budget,feedback.budget_frac,0.05,,1001,importance_only,0.28560402231742243,0.035700502789677804,0.7492178474273327,0.0,0.0,,2.702758101719815,4.6119984761858595,0.9928947368421053,0.0
budget,feedback.budget_frac,0.05,,1001,snr_threshold,0.28560402231742243,0.035700502789677804,0.7492178474273327,0.0,0.0,,2.702758101719815,4.6119984761858595,0.9928947368421053,0.0
budget,feedback.budget_frac,0.05,,1001,full_feedback,1.7021851489786748,0.21277314362233435,0.04700331991275771,0.36427631578947367,1024.0,0.001662290184549487,1.2861769750585628,2.676673491403858,0.965,1.0
budget,feedback.budget_frac,0.05,,1001,Proposed_no_confidence,0.6392972899998983,0.07991216124998729,0.6456248697860177,0.07322368421052632,32.0,0.019978040312496823,2.3490648340373395,4.235706281833948,0.988421052631579,0.125
budget,feedback.budget_frac,0.05,,1001,Proposed_no_importance,0.9290784406391822,0.11613480507989778,0.5113435195923058,0.08171052631578947,32.0,0.029033701269974444,2.0592836833980557,3.7742404556275413,0.9902631578947368,0.125
budget,feedback.budget_frac,0.05,,1002,Exact,1.6079289375112766,0.20099111718890958,0.14628956547919644,0.11552631578947369,29.574736842105263,0.05436832611886791,1.3930774496197194,2.8554217237261095,0.9628947368421052,0.11552631578947369
budget,feedback.budget_frac,0.05,,1002,Optimised,0.969084125226961,0.12113551565337012,0.5121601787283903,0.08322368421052631,32.0,0.03028387891334253,2.031922261904035,3.874282950550497,0.991578947368421,0.125
budget,feedback.budget_frac,0.05,,1002,Proposed,0.8938129857820901,0.11172662322276126,0.4808394178237268,0.08157894736842106,32.0,0.027931655805690316,2.1071934013489058,3.937019824885464,0.9821052631578947,0.125
budget,feedback.budget_frac,0.05,,1002,Baseline,0.3395303770377915,0.042441297129723936,0.7455971710641429,0.0,0.0,,2.6614760100932044,4.685946666565714,0.9939473684210526,0.0
budget,feedback.budget_frac,0.05,,1002,prediction_only,0.3395303770377915,0.042441297129723936,0.7455971710641429,0.0,0.0,,2.6614760100932044,4.685946666565714,0.9939473684210526,0.0
budget,feedback.budget_frac,0.05,,1002,importance_only,0.3395303770377915,0.042441297129723936,0.7455971710641429,0.0,0.0,,2.6614760100932044,4.685946666565714,0.9939473684210526,0.0
budget,feedback.budget_frac,0.05,,1002,snr_threshold,0.3395303770377915,0.042441297129723936,0.7455971710641429,0.0,0.0,,2.6614760100932044,4.685946666565714,0.9939473684210526,0.0
budget,feedback.budget_frac,0.05,,1002,full_feedback,1.6956414489557743,0.21195518111947179,0.04517818146306644,0.3624342105263158,1024.0,0.0016558998524958733,1.305364938175222,2.702766797591136,0.9613157894736842,1.0
budget,feedback.budget_frac,0.05,,1002,Proposed_no_confidence,0.6386175922859069,0.07982719903573836,0.6188890945671482,0.07375,32.0,0.01995679975893459,2.362388794845089,4.326591340938335,0.9860526315789474,0.125
budget,feedback.budget_frac,0.05,,1002,Proposed_no_importance,0.8251637713312612,0.10314547141640765,0.5065528761596187,0.07993421052631579,32.0,0.02578636785410191,2.175842615799735,4.031355629971111,0.9821052631578947,0.125
budget,feedback.budget_frac,0.05,,1003,Exact,1.718339266735182,0.21479240834189775,0.11263215339186487,0.10782894736842105,27.60421052631579,0.06224917264331997,1.3416931630515463,2.7040586999549108,0.9468421052631579,0.10782894736842105
budget,feedback.budget_frac,0.05,,1003,Optimised,1.2225238304976063,0.15281547881220078,0.3926363813265904,0.07684210526315789,32.0,0.038203869703050196,1.8375085992891225,3.3475753607335648,0.9794736842105263,0.125
budget,feedback.budget_frac,0.05,,1003,Proposed,1.304513301645982,0.16306416270574775,0.34385906089010115,0.07697368421052632,32.0,0.04076604067643694,1.7555191281407463,3.3455786906558362,0.9563157894736842,0.125
budget,feedback.budget_frac,0.05,,1003,Baseline,0.8849159670533857,0.11061449588167321,0.5573427580772633,0.0,0.0,,2.1751164627333424,3.8075067696186378,0.9997368421052631,0.0
budget,feedback.budget_frac,0.05,,1003,prediction_only,0.8849159670533857,0.11061449588167321,0.5573427580772633,0.0,0.0,,2.1751164627333424,3.8075067696186378,0.9997368421052631,0.0
budget,feedback.budget_frac,0.05,,1003,importance_only,0.8849159670533857,0.11061449588167321,0.5573427580772633,0.0,0.0,,2.1751164627333424,3.8075067696186378,0.9997368421052631,0.0
budget,feedback.budget_frac,0.05,,1003,snr_threshold,0.8849159670533857,0.11061449588167321,0.5573427580772633,0.0,0.0,,2.1751164627333424,3.8075067696186378,0.9997368421052631,0.0
budget,feedback.budget_frac,0.05,,1003,full_feedback,1.7811337134035174,0.22264171417543968,0.04067995813968809,0.3180921052631579,1024.0,0.0017393883919956225,1.278898716383211,2.619191438520998,0.9465789473684211,1.0
budget,feedback.budget_frac,0.05,,1003,Proposed_no_confidence,0.9832948300436242,0.12291185375545302,0.481361788188031,0.07138157894736842,32.0,0.030727963438863255,2.0767375997431046,3.6989004406461805,0.9871052631578947,0.125
budget,feedback.budget_frac,0.05,,1003,Proposed_no_importance,1.12308106478278,0.1403851330978475,0.442329548342207,0.07263157894736842,32.0,0.035096283274461876,1.936951365003948,3.5512558736495476,0.975,0.125
budget,feedback.budget_frac,0.05,,1004,Exact,1.6337624431589177,0.20422030539486472,0.15105450384488436,0.11447368421052631,29.305263157894736,0.055749796012965945,1.411479147188271,2.8304441649729686,0.9765789473684211,0.11447368421052631
budget,feedback.budget_frac,0.05,,1004,Optimised,0.8044205747301261,0.10055257184126576,0.5436793959493281,0.08223684210526316,32.0,0.02513814296031644,2.2408210156170627,4.072426181021857,0.9902631578947368,0.125
budget,feedback.budget_frac,0.05,,1004,Proposed,0.9805049750223274,0.12256312187779092,0.45072286738046324,0.08203947368421052,32.0,0.03064078046944773,2.064736615324861,3.8552532942037065,0.9873684210526316,0.125
budget,feedback.budget_frac,0.05,,1004,Baseline,0.48934638578060435,0.061168298222575544,0.814252522006713,0.0,0.0,,2.5558952045665846,4.35293882336523,1.0,0.0
budget,feedback.budget_frac,0.05,,1004,prediction_only,0.48934638578060435,0.061168298222575544,0.814252522006713,0.0,0.0,,2.5558952045665846,4.35293882336523,1.0,0.0
budget,feedback.budget_frac,0.05,,1004,importance_only,0.48934638578060435,0.061168298222575544,0.814252522006713,0.0,0.0,,2.5558952045665846,4.35293882336523,1.0,0.0
budget,feedback.budget_frac,0.05,,1004,snr_threshold,0.48934638578060435,0.061168298222575544,0.814252522006713,0.0,0.0,,2.5558952045665846,4.35293882336523,1.0,0.0
budget,feedback.budget_frac,0.05,,1004,full_feedback,1.720293595081942,0.21503669938524275,0.044683813348000076,0.35986842105263156,1024.0,0.001679974213947209,1.3249479952652465,2.6478382196574066,0.9757894736842105,1.0
budget,feedback.budget_frac,0.05,,1004,Proposed_no_confidence,0.7844391118411046,0.09805488898013807,0.5749792449289625,0.07269736842105264,32.0,0.02451372224503452,2.2608024785060836,4.016575401529298,0.9939473684210526,0.125
budget,feedback.budget_frac,0.05,,1004,Proposed_no_importance,1.0819887909414125,0.13524859886767657,0.47284638320628597,0.08138157894736842,32.0,0.03381214971691914,1.963252799405776,3.550823934560418,0.9944736842105263,0.125
budget,feedback.budget_frac,0.05,,1005,Exact,1.540826689794816,0.192603336224352,0.15252481358296271,0.11638157894736842,29.793684210526315,0.051716554384718595,1.4118820273803288,2.908858625397035,0.9839473684210527,0.11638157894736842
budget,feedback.budget_frac,0.05,,1005,Optimised,1.0253669468164666,0.12817086835205832,0.4831855004678905,0.08375,32.0,0.03204271708801458,1.9273417703586782,3.5849259127949518,0.9992105263157894,0.125
budget,feedback.budget_frac,0.05,,1005,Proposed,1.0124422745035235,0.12655528431294044,0.45612327213850673,0.08315789473684211,32.0,0.03163882107823511,1.9402664426716212,3.7137259173705055,0.9942105263157894,0.125
budget,feedback.budget_frac,0.05,,1005,Baseline,0.5733629976063688,0.0716703747007961,0.7832244373080103,0.0,0.0,,2.379345719568776,4.158392469245509,1.0,0.0
budget,feedback.budget_frac,0.05,,1005,prediction_only,0.5733629976063688,0.0716703747007961,0.7832244373080103,0.0,0.0,,2.379345719568776,4.158392469245509,1.0,0.0
budget,feedback.budget_frac,0.05,,1005,importance_only,0.5733629976063688,0.0716703747007961,0.7832244373080103,0.0,0.0,,2.379345719568776,4.158392469245509,1.0,0.0
budget,feedback.budget_frac,0.05,,1005,snr_threshold,0.5733629976063688,0.0716703747007961,0.7832244373080103,0.0,0.0,,2.379345719568776,4.158392469245509,1.0,0.0
budget,feedback.budget_frac,0.05,,1005,full_feedback,1.6314723153716781,0.20393403942145977,0.04677746386834928,0.37414473684210525,1024.0,0.0015932346829801544,1.3212364018034666,2.738660156012136,0.983421052631579,1.0
budget,feedback.budget_frac,0.05,,1005,Proposed_no_confidence,0.6628004125352188,0.08285005156690235,0.635277271406051,0.07467105263157894,32.0,0.020712512891725588,2.289908304639926,3.997265201301149,0.998421052631579,0.125
budget,feedback.budget_frac,0.05,,1005,Proposed_no_importance,0.9714958961873159,0.12143698702341449,0.46157827409580654,0.08282894736842106,32.0,0.030359246755853622,1.9812128209878286,3.7026657056939984,0.9944736842105263,0.125
budget,feedback.budget_frac,0.05,,1006,Exact,1.6985384142607396,0.21231730178259245,0.13024976982228414,0.11342105263157895,29.03578947368421,0.05849809648882332,1.2883692981637809,2.6304609230809013,0.9542105263157895,0.11342105263157895
budget,feedback.budget_frac,0.05,,1006,Optimised,1.0647262186510038,0.13309077733137548,0.4806411741627128,0.075,32.0,0.03327269433284387,1.9221814937735162,3.5736261269266043,0.9813157894736843,0.125
budget,feedback.budget_frac,0.05,,1006,Proposed,1.2086937476581008,0.1510867184572626,0.406253056567035,0.08164473684210527,32.0,0.03777167961431565,1.7782139647664195,3.3831333736349247,0.9773684210526316,0.125
budget,feedback.budget_frac,0.05,,1006,Baseline,0.6937941623659234,0.08672427029574042,0.5872918307729434,0.0,0.0,,2.2931135500585964,4.038054667579697,0.9771052631578947,0.0
budget,feedback.budget_frac,0.05,,1006,prediction_only,0.6937941623659234,0.08672427029574042,0.5872918307729434,0.0,0.0,,2.2931135500585964,4.038054667579697,0.9771052631578947,0.0
budget,feedback.budget_frac,0.05,,1006,importance_only,0.6937941623659234,0.08672427029574042,0.5872918307729434,0.0,0.0,,2.2931135500585964,4.038054667579697,0.9771052631578947,0.0
budget,feedback.budget_frac,0.05,,1006,snr_threshold,0.6937941623659234,0.08672427029574042,0.5872918307729434,0.0,0.0,,2.2931135500585964,4.038054667579697,0.9771052631578947,0.0
budget,feedback.budget_frac,0.05,,1006,full_feedback,1.7772534166144163,0.22215667707680203,0.040302224275746305,0.3319736842105263,1024.0,0.0017355990396625159,1.2096542958101038,2.501231569518583,0.9510526315789474,1.0
budget,feedback.budget_frac,0.05,,1006,Proposed_no_confidence,0.8913409507534815,0.11141761884418519,0.5333535177954103,0.06861842105263158,32.0,0.027854404711046298,2.0955667616710385,3.90115887146659,0.9810526315789474,0.125
budget,feedback.budget_frac,0.05,,1006,Proposed_no_importance,1.0997774818798831,0.1374721852349854,0.41207235935654857,0.07552631578947368,32.0,0.03436804630874635,1.8871302305446371,3.505373806222458,0.9702631578947368,0.125
budget,feedback.budget_frac,0.05,,1007,Exact,1.5933547027174164,0.19916933783967705,0.1446622693042474,0.11427631578947368,29.254736842105263,0.05446484483238146,1.3080301335601636,2.708627171103954,0.9597368421052631,0.11427631578947368
budget,feedback.budget_frac,0.05,,1007,Optimised,0.9465891596633118,0.11832364495791398,0.5064938492454629,0.08164473684210527,32.0,0.029580911239478494,1.9547956766142685,3.8317907571701704,0.9886842105263158,0.125
budget,feedback.budget_frac,0.05,,1007,Proposed,1.0632654688178707,0.13290818360223383,0.4215598603198874,0.08493421052631579,32.0,0.03322704590055846,1.8381193674597092,3.678901176045044,0.9802631578947368,0.125
budget,feedback.budget_frac,0.05,,1007,Baseline,0.3607888812110129,0.04509861015137661,0.7864355383917118,0.0,0.0,,2.5405959550665678,4.561799722700276,0.9881578947368421,0.0
budget,feedback.budget_frac,0.05,,1007,prediction_only,0.3607888812110129,0.04509861015137661,0.7864355383917118,0.0,0.0,,2.5405959550665678,4.561799722700276,0.9881578947368421,0.0
budget,feedback.budget_frac,0.05,,1007,importance_only,0.3607888812110129,0.04509861015137661,0.7864355383917118,0.0,0.0,,2.5405959550665678,4.561799722700276,0.9881578947368421,0.0
budget,feedback.budget_frac,0.05,,1007,snr_threshold,0.3607888812110129,0.04509861015137661,0.7864355383917118,0.0,0.0,,2.5405959550665678,4.561799722700276,0.9881578947368421,0.0
budget,feedback.budget_frac,0.05,,1007,full_feedback,1.6695069313544613,0.20868836641930766,0.04523335043571253,0.3568421052631579,1024.0,0.001630377862650841,1.231877904923119,2.5763659929768337,0.9578947368421052,1.0
budget,feedback.budget_frac,0.05,,1007,Proposed_no_confidence,0.700551551526539,0.08756894394081738,0.6027465172634974,0.07427631578947369,32.0,0.021892235985204345,2.2008332847510412,4.096007052638529,0.9839473684210527,0.125
budget,feedback.budget_frac,0.05,,1007,Proposed_no_importance,0.9229774112999464,0.1153721764124933,0.4928783372634282,0.0850657894736842,32.0,0.028843044103123324,1.9784074249776338,3.7553231807389724,0.9892105263157894,0.125
budget,feedback.budget_frac,0.05,,1008,Exact,1.6297554624728874,0.20371943280911092,0.1398419297516199,0.11539473684210526,29.541052631578946,0.05516917365127007,1.3593373225402556,2.6916293643432656,0.9563157894736842,0.11539473684210526
budget,feedback.budget_frac,0.05,,1008,Optimised,0.9745525193020751,0.12181906491275939,0.5308765948860346,0.08039473684210527,32.0,0.030454766228189847,2.014540265711068,3.729040493107094,0.9889473684210527,0.125
budget,feedback.budget_frac,0.05,,1008,Proposed,1.0147959740302075,0.12684949675377594,0.47378268662120876,0.08493421052631579,32.0,0.031712374188443984,1.9742968109829355,3.7117301618460616,0.9913157894736843,0.125
budget,feedback.budget_frac,0.05,,1008,Baseline,0.5134793417663195,0.06418491772078994,0.7507884389993759,0.0,0.0,,2.4756134432468238,4.265794869577701,0.9878947368421053,0.0
budget,feedback.budget_frac,0.05,,1008,prediction_only,0.5134793417663195,0.06418491772078994,0.7507884389993759,0.0,0.0,,2.4756134432468238,4.265794869577701,0.9878947368421053,0.0
budget,feedback.budget_frac,0.05,,1008,importance_only,0.5134793417663195,0.06418491772078994,0.7507884389993759,0.0,0.0,,2.4756134432468238,4.265794869577701,0.9878947368421053,0.0
budget,feedback.budget_frac,0.05,,1008,snr_threshold,0.5134793417663195,0.06418491772078994,0.7507884389993759,0.0,0.0,,2.4756134432468238,4.265794869577701,0.9878947368421053,0.0
budget,feedback.budget_frac,0.05,,1008,full_feedback,1.711239104723674,0.21390488809045924,0.04716073871974619,0.35855263157894735,1024.0,0.0016711319382067128,1.2778536802894696,2.5264235509666912,0.9552631578947368,1.0
budget,feedback.budget_frac,0.05,,1008,Proposed_no_confidence,0.6050154955445837,0.07562693694307296,0.6728116519888474,0.07421052631578948,32.0,0.01890673423576824,2.3840772894685593,4.229536713257581,0.9797368421052631,0.125
budget,feedback.budget_frac,0.05,,1008,Proposed_no_importance,0.9690753726249717,0.12113442157812146,0.4884623897915915,0.08421052631578947,32.0,0.030283605394530365,2.0200174123881713,3.735558616444262,0.9871052631578947,0.125
budget,feedback.budget_frac,0.05,,1009,Exact,1.6749202933640321,0.20936503667050402,0.13531932542303252,0.1130921052631579,28.95157894736842,0.05785246795723642,1.3120171043611888,2.6738030908764485,0.916578947368421,0.1130921052631579
budget,feedback.budget_frac,0.05,,1009,Optimised,0.8914318252151432,0.1114289781518929,0.5325125717634687,0.07980263157894738,32.0,0.027857244537973225,2.0955055725100777,3.8084845351054146,0.9631578947368421,0.125
budget,feedback.budget_frac,0.05,,1009,Proposed,1.0568999172510074,0.13211248965637593,0.4343231129629353,0.08131578947368422,32.0,0.03302812241409398,1.9300374804742133,3.5533290798936883,0.9523684210526315,0.125
budget,feedback.budget_frac,0.05,,1009,Baseline,0.3600400610350058,0.045005007629375725,0.7154239369257064,0.0,0.0,,2.6268973366902153,4.38438043588281,0.9278947368421052,0.0
budget,feedback.budget_frac,0.05,,1009,prediction_only,0.3600400610350058,0.045005007629375725,0.7154239369257064,0.0,0.0,,2.6268973366902153,4.38438043588281,0.9278947368421052,0.0
budget,feedback.budget_frac,0.05,,1009,importance_only,0.3600400610350058,0.045005007629375725,0.7154239369257064,0.0,0.0,,2.6268973366902153,4.38438043588281,0.9278947368421052,0.0
budget,feedback.budget_frac,0.05,,1009,snr_threshold,0.3600400610350058,0.045005007629375725,0.7154239369257064,0.0,0.0,,2.6268973366902153,4.38438043588281,0.9278947368421052,0.0
budget,feedback.budget_frac,0.05,,1009,full_feedback,1.761759556988904,0.220219944623613,0.04288974856607558,0.3458552631578947,1024.0,0.0017204683173719765,1.2251778407363167,2.5451753544505857,0.9142105263157895,1.0
budget,feedback.budget_frac,0.05,,1009,Proposed_no_confidence,0.7763245296147278,0.09704056620184097,0.5640234798587547,0.06894736842105263,32.0,0.024260141550460242,2.2106128681104935,3.9287597833970476,0.9471052631578948,0.125
budget,feedback.budget_frac,0.05,,1009,Proposed_no_importance,1.009692877760298,0.12621160972003725,0.4365733534741869,0.08282894736842106,32.0,0.031552902430009314,1.9772445199649227,3.6110380054205105,0.9413157894736842,0.125
budget,feedback.budget_frac,0.1,,1000,Exact,1.7863327639477085,0.22329159549346356,0.03772633246490905,0.19723684210526315,59.065263157894734,0.0302433726431124,1.201202352862387,2.5139608772305597,0.9636842105263158,0.19723684210526315
budget,feedback.budget_frac,0.1,,1000,Optimised,1.3607387437401983,0.1700923429675248,0.328274485341143,0.13,96.0,0.014174361913960399,1.6267963730698967,3.1883863115302424,0.9742105263157895,0.25
budget,feedback.budget_frac,0.1,,1000,Proposed,1.4259831689767921,0.17824789612209901,0.279587197496426,0.13631578947368422,96.0,0.014853991343508252,1.561551947833303,3.1106931702274823,0.9742105263157895,0.2501315789473684
budget,feedback.budget_frac,0.1,,1000,Baseline,1.1667055298983162,0.14583819123728953,0.4402467652582291,0.06868421052631579,64.0,0.01822977390466119,1.820829586911779,3.3743281484404837,0.9981578947368421,0.125
budget,feedback.budget_frac,0.1,,1000,prediction_only,0.5604923230584768,0.0700615403823096,0.7206056522589006,0.0,0.0,,2.4270427937516184,4.111369390210274,0.9981578947368421,0.0
budget,feedback.budget_frac,0.1,,1000,importance_only,0.5604923230584768,0.0700615403823096,0.7206056522589006,0.0,0.0,,2.4270427937516184,4.111369390210274,0.9981578947368421,0.0
budget,feedback.budget_frac,0.1,,1000,snr_threshold,0.9880542347234957,0.12350677934043697,0.48873418793600687,0.05131578947368421,64.0,0.015438347417554621,1.9994808820865997,3.6596147442128784,0.98,0.125
budget,feedback.budget_frac,0.1,,1000,full_feedback,1.7798132677326755,0.22247665846658443,0.03993362063267675,0.33631578947368423,1024.0,0.0017380988942701909,1.2077218490774195,2.523089830328595,0.9639473684210527,1.0
budget,feedback.budget_frac,0.1,,1000,Proposed_no_confidence,1.0742149440742927,0.1342768680092866,0.4548567073989527,0.12197368421052632,96.0,0.011189739000773883,1.9133201727358025,3.556741709695403,0.9847368421052631,0.25125
budget,feedback.budget_frac,0.1,,1000,Proposed_no_importance,1.4530145641247685,0.18162682051559606,0.2567387332474551,0.13855263157894737,96.0,0.015135568376299672,1.534520552685327,3.0471465700138993,0.9694736842105263,0.25
budget,feedback.budget_frac,0.1,,1001,Exact,1.7099601690420414,0.21374502113025518,0.043298782378472206,0.21171052631578946,63.22526315789474,0.02704552078765882,1.2784019549951968,2.6609132590352877,0.965,0.21171052631578946
budget,feedback.budget_frac,0.1,,1001,Optimised,1.1462537908531965,0.14328172385664956,0.41771833023789223,0.14032894736842105,96.0,0.011940143654720797,1.8421083331840413,3.5811716159368077,0.9821052631578947,0.2500657894736842
budget,feedback.budget_frac,0.1,,1001,Proposed,1.3399868203283178,0.16749835254103973,0.2975891177751823,0.1444078947368421,96.0,0.013958196045086644,1.6483753037089197,3.2221620024417272,0.9736842105263158,0.2501315789473684
budget,feedback.budget_frac,0.1,,1001,Baseline,1.1952275755782982,0.14940344694728727,0.3896562766529148,0.07407894736842105,64.0,0.01867543086841091,1.7931345484589396,3.446834424913925,0.9928947368421053,0.125
budget,feedback.budget_frac,0.1,,1001,prediction_only,0.28560402231742243,0.035700502789677804,0.7492178474273327,0.0,0.0,,2.702758101719815,4.6119984761858595,0.9928947368421053,0.0
budget,feedback.budget_frac,0.1,,1001,importance_only,0.28560402231742243,0.035700502789677804,0.7492178474273327,0.0,0.0,,2.702758101719815,4.6119984761858595,0.9928947368421053,0.0
budget,feedback.budget_frac,0.1,,1001,snr_threshold,0.5842195935361864,0.0730274491920233,0.6446734478677307,0.05947368421052632,64.0,0.009128431149002912,2.4041425305010518,4.168770668844981,0.9963157894736843,0.125
budget,feedback.budget_frac,0.1,,1001,full_feedback,1.7021851489786748,0.21277314362233435,0.04700331991275771,0.36427631578947367,1024.0,0.001662290184549487,1.2861769750585628,2.676673491403858,0.965,1.0
budget,feedback.budget_frac,0.1,,1001,Proposed_no_confidence,0.807812387919447,0.10097654848993087,0.5587543680399346,0.12927631578947368,96.0,0.008414712374160907,2.1805497361177903,3.9582545786553935,0.9871052631578947,0.25046052631578947
budget,feedback.budget_frac,0.1,,1001,Proposed_no_importance,1.2817430061024349,0.16021787576280436,0.3068384338278752,0.14703947368421053,96.0,0.013351489646900363,1.7066191179348027,3.3130526490769903,0.9757894736842105,0.2500657894736842
budget,feedback.budget_frac,0.1,,1002,Exact,1.7016524224629082,0.21270655280786352,0.04538366662171446,0.21092105263157895,63.932631578947365,0.026616336297085135,1.2993539646680878,2.661653855422106,0.9613157894736842,0.21092105263157895
budget,feedback.budget_frac,0.1,,1002,Optimised,1.1276189137953982,0.14095236422442478,0.39493004223019906,0.13401315789473683,96.0,0.011746030352035398,1.8733874733355975,3.6951632088347313,0.9765789473684211,0.2500657894736842
budget,feedback.budget_frac,0.1,,1002,Proposed,1.3061311025482474,0.16326638781853092,0.31127492713409144,0.1463157894736842,96.0,0.01360553231821091,1.6948752845827488,3.418013680809398,0.9742105263157895,0.2500657894736842
budget,feedback.budget_frac,0.1,,1002,Baseline,1.2268056606071203,0.15335070757589003,0.39162217472406585,0.07401315789473684,64.0,0.019168838446986254,1.7742007265238757,3.4252765229700763,0.9939473684210526,0.125
budget,feedback.budget_frac,0.1,,1002,prediction_only,0.3395303770377915,0.042441297129723936,0.7455971710641429,0.0,0.0,,2.6614760100932044,4.685946666565714,0.9939473684210526,0.0
budget,feedback.budget_frac,0.1,,1002,importance_only,0.3395303770377915,0.042441297129723936,0.7455971710641429,0.0,0.0,,2.6614760100932044,4.685946666565714,0.9939473684210526,0.0
budget,feedback.budget_frac,0.1,,1002,snr_threshold,0.742744912459711,0.09284311405746387,0.5708050418429593,0.05960526315789474,64.0,0.011605389257182984,2.258261474671285,4.183884661747621,0.9947368421052631,0.125
budget,feedback.budget_frac,0.1,,1002,full_feedback,1.6956414489557743,0.21195518111947179,0.04517818146306644,0.3624342105263158,1024.0,0.0016558998524958733,1.305364938175222,2.702766797591136,0.9613157894736842,1.0
budget,feedback.budget_frac,0.1,,1002,Proposed_no_confidence,0.7282336811466087,0.09102921014332609,0.564912103156731,0.12888157894736843,96.0,0.007585767511943841,2.272772705984387,4.230131026653984,0.9823684210526316,0.25157894736842107
budget,feedback.budget_frac,0.1,,1002,Proposed_no_importance,1.2651807710077627,0.15814759637597034,0.3225239605074984,0.14546052631578948,96.0,0.013178966364664195,1.7358256161232333,3.441512515913888,0.9747368421052631,0.2501973684210526
budget,feedback.budget_frac,0.1,,1003,Exact,1.7900322857021993,0.2237540357127749,0.036427363072017535,0.1850657894736842,55.69684210526316,0.03213884698021412,1.2700001440845292,2.6019431390984837,0.9460526315789474,0.1850657894736842
budget,feedback.budget_frac,0.1,,1003,Optimised,1.3485513139789567,0.16856891424736958,0.33550126457961416,0.1268421052631579,96.0,0.014047409520614132,1.7114811158077718,3.242870927577784,0.9694736842105263,0.2500657894736842
budget,feedback.budget_frac,0.1,,1003,Proposed,1.377988500450213,0.17224856255627663,0.2975564785752298,0.13256578947368422,96.0,0.01435404687968972,1.682043929336515,3.268282011787503,0.9507894736842105,0.2500657894736842
budget,feedback.budget_frac,0.1,,1003,Baseline,1.27677301925096,0.15959662740637,0.40590914806447226,0.062039473684210526,64.0,0.01994957842579625,1.7832594105357682,3.269804363171975,0.9997368421052631,0.125
budget,feedback.budget_frac,0.1,,1003,prediction_only,0.8849159670533857,0.11061449588167321,0.5573427580772633,0.0,0.0,,2.1751164627333424,3.8075067696186378,0.9997368421052631,0.0
budget,feedback.budget_frac,0.1,,1003,importance_only,0.8849159670533857,0.11061449588167321,0.5573427580772633,0.0,0.0,,2.1751164627333424,3.8075067696186378,0.9997368421052631,0.0
budget,feedback.budget_frac,0.1,,1003,snr_threshold,1.0221829455593325,0.12777286819491657,0.46008693996096,0.053157894736842105,64.0,0.01597160852436457,2.037849484227396,3.823418095584513,0.9821052631578947,0.125
budget,feedback.budget_frac,0.1,,1003,full_feedback,1.7811337134035174,0.22264171417543968,0.04067995813968809,0.3180921052631579,1024.0,0.0017393883919956225,1.278898716383211,2.619191438520998,0.9465789473684211,1.0
budget,feedback.budget_frac,0.1,,1003,Proposed_no_confidence,1.0542937502526817,0.1317867187815852,0.4657437349033045,0.11473684210526315,96.0,0.0109822265651321,2.005738679534047,3.618173719389495,0.9878947368421053,0.25046052631578947
budget,feedback.budget_frac,0.1,,1003,Proposed_no_importance,1.4426080825430148,0.18032601031787684,0.2531652508487713,0.13164473684210526,96.0,0.015027167526489736,1.6174243472437138,3.1561755918556784,0.9571052631578948,0.25
budget,feedback.budget_frac,0.1,,1004,Exact,1.7259361329171912,0.2157420166146489,0.047178255709294445,0.21210526315789474,63.84842105263158,0.027031774701123244,1.3193054574299976,2.6500058916574205,0.9757894736842105,0.21210526315789474
budget,feedback.budget_frac,0.1,,1004,Optimised,1.2334266172990689,0.1541783271623836,0.36030839092278627,0.1400657894736842,96.0,0.012848193930198634,1.8118149730481194,3.588946940203283,0.9855263157894737,0.25
budget,feedback.budget_frac,0.1,,1004,Proposed,1.3718419071421963,0.17148023839277454,0.2921106116862101,0.14460526315789474,96.0,0.014290019866064546,1.6733996832049927,3.2926315117249327,0.9823684210526316,0.2501315789473684
budget,feedback.budget_frac,0.1,,1004,Baseline,1.1300109326326953,0.1412513665790869,0.4985970194624084,0.07434210526315789,64.0,0.017656420822385863,1.9152306577144937,3.4456558851895815,1.0,0.125
budget,feedback.budget_frac,0.1,,1004,prediction_only,0.48934638578060435,0.061168298222575544,0.814252522006713,0.0,0.0,,2.5558952045665846,4.35293882336523,1.0,0.0
budget,feedback.budget_frac,0.1,,1004,importance_only,0.48934638578060435,0.061168298222575544,0.814252522006713,0.0,0.0,,2.5558952045665846,4.35293882336523,1.0,0.0
budget,feedback.budget_frac,0.1,,1004,snr_threshold,0.6571086119114558,0.08213857648893197,0.5836095498912225,0.055,64.0,0.010267322061116496,2.3881329784357326,4.192181787046065,0.9931578947368421,0.125
budget,feedback.budget_frac,0.1,,1004,full_feedback,1.720293595081942,0.21503669938524275,0.044683813348000076,0.35986842105263156,1024.0,0.001679974213947209,1.3249479952652465,2.6478382196574066,0.9757894736842105,1.0
budget,feedback.budget_frac,0.1,,1004,Proposed_no_confidence,0.8625268451489334,0.10781585564361668,0.5482132342754347,0.12730263157894736,96.0,0.008984654636968056,2.182714745198255,3.884290424669184,0.9913157894736843,0.2513157894736842
budget,feedback.budget_frac,0.1,,1004,Proposed_no_importance,1.3082885946026455,0.16353607432533068,0.30835272774206973,0.14407894736842106,96.0,0.013628006193777556,1.736952995744543,3.35819605663462,0.9839473684210527,0.2501315789473684
budget,feedback.budget_frac,0.1,,1005,Exact,1.6371408469017799,0.20464260586272248,0.047160806573137246,0.21276315789473685,63.730526315789476,0.025688487786678958,1.3155678702733649,2.7222549770262603,0.983421052631579,0.21276315789473685
budget,feedback.budget_frac,0.1,,1005,Optimised,1.2235989849489624,0.1529498731186203,0.3623759246820435,0.1392763157894737,96.0,0.012745822759885025,1.7291097322261821,3.338875519618441,0.9936842105263158,0.25
budget,feedback.budget_frac,0.1,,1005,Proposed,1.3010161241564506,0.16262701551955633,0.30339006313374467,0.14907894736842106,96.0,0.01355225129329636,1.651692593018694,3.2968123530089612,0.9881578947368421,0.2501315789473684
budget,feedback.budget_frac,0.1,,1005,Baseline,1.0735600749335301,0.13419500936669126,0.5118707668603785,0.07506578947368421,64.0,0.016774376170836408,1.8791486422416146,3.492444858518466,1.0,0.125
budget,feedback.budget_frac,0.1,,1005,prediction_only,0.5733629976063688,0.0716703747007961,0.7832244373080103,0.0,0.0,,2.379345719568776,4.158392469245509,1.0,0.0
budget,feedback.budget_frac,0.1,,1005,importance_only,0.5733629976063688,0.0716703747007961,0.7832244373080103,0.0,0.0,,2.379345719568776,4.158392469245509,1.0,0.0
budget,feedback.budget_frac,0.1,,1005,snr_threshold,0.4694335452562918,0.05867919315703647,0.6978149903431013,0.05763157894736842,64.0,0.007334899144629559,2.4832751719188524,4.277937470626043,0.9981578947368421,0.125
budget,feedback.budget_frac,0.1,,1005,full_feedback,1.6314723153716781,0.20393403942145977,0.04677746386834928,0.37414473684210525,1024.0,0.0015932346829801544,1.3212364018034666,2.738660156012136,0.983421052631579,1.0
budget,feedback.budget_frac,0.1,,1005,Proposed_no_confidence,0.7792648772308083,0.09740810965385104,0.5572348467629833,0.13335526315789473,96.0,0.008117342471154252,2.1734438399443365,3.8982851541432906,0.9936842105263158,0.2513157894736842
budget,feedback.budget_frac,0.1,,1005,Proposed_no_importance,1.2320073801224838,0.15400092251531047,0.30790242153369574,0.1519078947368421,96.0,0.012833410209609207,1.7207013370526607,3.379101166212853,0.988421052631579,0.2501973684210526
budget,feedback.budget_frac,0.1,,1006,Exact,1.7846238791036007,0.22307798488795008,0.037435878276525836,0.19901315789473684,59.823157894736845,0.029831656199824405,1.2022838333209194,2.500867009678029,0.9507894736842105,0.19901315789473684
budget,feedback.budget_frac,0.1,,1006,Optimised,1.2887659130250624,0.1610957391281328,0.3506723303345334,0.13407894736842105,96.0,0.0134246449273444,1.6981417993994574,3.2761734601079078,0.9828947368421053,0.25
budget,feedback.budget_frac,0.1,,1006,Proposed,1.4424813877716494,0.18031017347145617,0.28006899806063895,0.1375,96.0,0.015025847789288014,1.5444263246528704,3.080638346395553,0.9623684210526315,0.25026315789473685
budget,feedback.budget_frac,0.1,,1006,Baseline,1.3816979178637552,0.1727122397329694,0.2891606376913171,0.0719078947368421,64.0,0.021589029966621175,1.605209794560765,3.1622318342907034,0.9771052631578947,0.125
budget,feedback.budget_frac,0.1,,1006,prediction_only,0.6937941623659234,0.08672427029574042,0.5872918307729434,0.0,0.0,,2.2931135500585964,4.038054667579697,0.9771052631578947,0.0
budget,feedback.budget_frac,0.1,,1006,importance_only,0.6937941623659234,0.08672427029574042,0.5872918307729434,0.0,0.0,,2.2931135500585964,4.038054667579697,0.9771052631578947,0.0
budget,feedback.budget_frac,0.1,,1006,snr_threshold,0.776793015143636,0.0970991268929545,0.5704554631657545,0.05473684210526316,64.0,0.012137390861619312,2.210114697280884,4.024154135851284,0.9760526315789474,0.125
budget,feedback.budget_frac,0.1,,1006,full_feedback,1.7772534166144163,0.22215667707680203,0.040302224275746305,0.3319736842105263,1024.0,0.0017355990396625159,1.2096542958101038,2.501231569518583,0.9510526315789474,1.0
budget,feedback.budget_frac,0.1,,1006,Proposed_no_confidence,1.023645189335403,0.12795564866692538,0.4638798040702597,0.12467105263157895,96.0,0.010662970722243781,1.9632625230891172,3.7175372555316937,0.986578947368421,0.2519736842105263
budget,feedback.budget_frac,0.1,,1006,Proposed_no_importance,1.3563000542534212,0.16953750678167764,0.2915749561214878,0.1405921052631579,96.0,0.014128125565139803,1.6306076581710989,3.199448094395524,0.9647368421052631,0.2500657894736842
budget,feedback.budget_frac,0.1,,1007,Exact,1.678866911803323,0.20985836397541538,0.047257211415909856,0.21,62.82105263157895,0.02672459058668158,1.2225179244742574,2.5659392265799896,0.9576315789473684,0.21
budget,feedback.budget_frac,0.1,,1007,Optimised,1.1458170708346114,0.14322713385432642,0.39095095476706304,0.1413815789473684,96.0,0.011935594487860536,1.7555677654429687,3.569293219325679,0.9765789473684211,0.2500657894736842
budget,feedback.budget_frac,0.1,,1007,Proposed,1.301731911532875,0.16271648894160937,0.30504453963740974,0.14493421052631578,96.0,0.01355970741180078,1.5996529247447056,3.2227796781730276,0.9657894736842105,0.2500657894736842
budget,feedback.budget_frac,0.1,,1007,Baseline,1.1417530496398165,0.14271913120497706,0.41959334120960423,0.07578947368421053,64.0,0.017839891400622133,1.7596317866377638,3.3185563304950403,0.9881578947368421,0.125
budget,feedback.budget_frac,0.1,,1007,prediction_only,0.3607888812110129,0.04509861015137661,0.7864355383917118,0.0,0.0,,2.5405959550665678,4.561799722700276,0.9881578947368421,0.0
budget,feedback.budget_frac,0.1,,1007,importance_only,0.3607888812110129,0.04509861015137661,0.7864355383917118,0.0,0.0,,2.5405959550665678,4.561799722700276,0.9881578947368421,0.0
budget,feedback.budget_frac,0.1,,1007,snr_threshold,0.6017604244327743,0.07522005305409679,0.5934384440692853,0.05802631578947368,64.0,0.009402506631762099,2.2996244118448064,4.328911883989409,0.9863157894736843,0.125
budget,feedback.budget_frac,0.1,,1007,full_feedback,1.6695069313544613,0.20868836641930766,0.04523335043571253,0.3568421052631579,1024.0,0.001630377862650841,1.231877904923119,2.5763659929768337,0.9578947368421052,1.0
budget,feedback.budget_frac,0.1,,1007,Proposed_no_confidence,0.7750217100863833,0.09687771376079791,0.5682318609227528,0.13098684210526315,96.0,0.008073142813399827,2.1263631261911966,4.024878700637356,0.985,0.2511184210526316
budget,feedback.budget_frac,0.1,,1007,Proposed_no_importance,1.3052884739527184,0.1631610592440898,0.2825348494379993,0.1461184210526316,96.0,0.013596754937007483,1.5960963623248619,3.2416455996659117,0.9681578947368421,0.2501973684210526
budget,feedback.budget_frac,0.1,,1008,Exact,1.7196542631628142,0.21495678289535178,0.04409786751757496,0.20835526315789474,62.938947368421054,0.027322577435186537,1.2694385218503288,2.526315168741147,0.9552631578947368,0.20835526315789474
budget,feedback.budget_frac,0.1,,1008,Optimised,1.162885128813737,0.14536064110171712,0.37729653008857345,0.13657894736842105,96.0,0.012113386758476426,1.8262076561994065,3.4812398990175115,0.9773684210526316,0.25
budget,feedback.budget_frac,0.1,,1008,Proposed,1.3463913684318491,0.16829892105398114,0.28945767897901986,0.14105263157894737,96.0,0.014024910087831763,1.642701416581294,3.2230580337222863,0.963421052631579,0.2500657894736842
budget,feedback.budget_frac,0.1,,1008,Baseline,1.1572763744919805,0.14465954681149756,0.4555452227931837,0.07657894736842105,64.0,0.018082443351437195,1.8318164105211623,3.3649094889802593,0.9878947368421053,0.125
budget,feedback.budget_frac,0.1,,1008,prediction_only,0.5134793417663195,0.06418491772078994,0.7507884389993759,0.0,0.0,,2.4756134432468238,4.265794869577701,0.9878947368421053,0.0
budget,feedback.budget_frac,0.1,,1008,importance_only,0.5134793417663195,0.06418491772078994,0.7507884389993759,0.0,0.0,,2.4756134432468238,4.265794869577701,0.9878947368421053,0.0
budget,feedback.budget_frac,0.1,,1008,snr_threshold,0.5381159633896833,0.06726449542371041,0.683750819459328,0.05434210526315789,64.0,0.008408061927963801,2.4509768216234598,4.364119732340619,0.9836842105263158,0.125
budget,feedback.budget_frac,0.1,,1008,full_feedback,1.711239104723674,0.21390488809045924,0.04716073871974619,0.35855263157894735,1024.0,0.0016711319382067128,1.2778536802894696,2.5264235509666912,0.9552631578947368,1.0
budget,feedback.budget_frac,0.1,,1008,Proposed_no_confidence,0.9113245605251777,0.11391557006564722,0.5155956767547276,0.1325,96.0,0.009492964172137268,2.0777682244879654,3.7325733854932777,0.9826315789473684,0.2517105263157895
budget,feedback.budget_frac,0.1,,1008,Proposed_no_importance,1.2753718033462322,0.15942147541827903,0.29898435022596315,0.1444078947368421,96.0,0.013285122951523252,1.7137209816669106,3.3558471208188854,0.9613157894736842,0.2500657894736842
budget,feedback.budget_frac,0.1,,1009,Exact,1.7666850407891315,0.22083563009864143,0.042353283587883754,0.20401315789473684,61.72631578947368,0.028621261745390092,1.2202523569360892,2.531103513071194,0.9142105263157895,0.20401315789473684
budget,feedback.budget_frac,0.1,,1009,Optimised,1.2756485813523721,0.15945607266904652,0.3544535736698215,0.13526315789473684,96.0,0.013288006055753877,1.7112888163728488,3.2296076796779896,0.9421052631578948,0.25
budget,feedback.budget_frac,0.1,,1009,Proposed,1.3753486016118444,0.17191857520148054,0.2933017994687766,0.13842105263157894,96.0,0.014326547933456711,1.6115887961133768,3.183186551695259,0.9281578947368421,0.2501315789473684
budget,feedback.budget_frac,0.1,,1009,Baseline,1.306223165520227,0.16327789569002837,0.3205055862543449,0.07046052631578947,64.0,0.020409736961253547,1.680714232204994,3.189215947502155,0.9278947368421052,0.125
budget,feedback.budget_frac,0.1,,1009,prediction_only,0.3600400610350058,0.045005007629375725,0.7154239369257064,0.0,0.0,,2.6268973366902153,4.38438043588281,0.9278947368421052,0.0
budget,feedback.budget_frac,0.1,,1009,importance_only,0.3600400610350058,0.045005007629375725,0.7154239369257064,0.0,0.0,,2.6268973366902153,4.38438043588281,0.9278947368421052,0.0
budget,feedback.budget_frac,0.1,,1009,snr_threshold,0.7325632804220061,0.09157041005275077,0.5639301631714625,0.0593421052631579,64.0,0.011446301256593846,2.254374117303215,3.9924553481613425,0.9521052631578948,0.125
budget,feedback.budget_frac,0.1,,1009,full_feedback,1.761759556988904,0.220219944623613,0.04288974856607558,0.3458552631578947,1024.0,0.0017204683173719765,1.2251778407363167,2.5451753544505857,0.9142105263157895,1.0
budget,feedback.budget_frac,0.1,,1009,Proposed_no_confidence,0.8410589156212628,0.10513236445265785,0.5511265130088366,0.1256578947368421,96.0,0.00876103037105482,2.1458784821039583,3.8310867040465735,0.9744736842105263,0.2507236842105263
budget,feedback.budget_frac,0.1,,1009,Proposed_no_importance,1.3573594900788812,0.16966993625986015,0.30023283095598935,0.14019736842105263,96.0,0.014139161354988347,1.6295779076463395,3.133803752650261,0.9431578947368421,0.25
budget,feedback.budget_frac,0.2,,1000,Exact,1.8041580477661046,0.22551975597076307,0.017646268332122593,0.22631578947368422,89.75157894736842,0.020101685885928405,1.1833770690439909,2.4738007207164485,0.9636842105263158,0.22631578947368422
budget,feedback.budget_frac,0.2,,1000,Optimised,1.359643771558899,0.16995547144486237,0.3178315234414834,0.12519736842105264,192.0,0.007081477976869265,1.6278913452511965,3.167995508070751,0.9810526315789474,0.2928289473684211
budget,feedback.budget_frac,0.2,,1000,Proposed,1.3708561308771732,0.17135701635964665,0.3137520525023244,0.13138157894736843,192.0,0.007139875681651944,1.6166789859329223,3.1829672069967803,0.9736842105263158,0.3020394736842105
budget,feedback.budget_frac,0.2,,1000,Baseline,1.6107467209254342,0.20134334011567928,0.15117432052114757,0.16375,170.6442105263158,0.009439211069378964,1.3767883958846607,2.780735331949413,0.966842105263158,0.3332894736842105
budget,feedback.budget_frac,0.2,,1000,prediction_only,0.5604923230584768,0.0700615403823096,0.7206056522589006,0.0,0.0,,2.4270427937516184,4.111369390210274,0.9981578947368421,0.0
budget,feedback.budget_frac,0.2,,1000,importance_only,1.4159273892958408,0.1769909236619801,0.3114705929115015,0.05921052631578947,128.0,0.011061932728873757,1.5716077275142541,3.170927660434176,0.973421052631579,0.125
budget,feedback.budget_frac,0.2,,1000,snr_threshold,1.204849978958332,0.1506062473697915,0.39435380884926696,0.15375,192.0,0.006275260307074646,1.7826851378517634,3.3277785879918365,0.991578947368421,0.375
budget,feedback.budget_frac,0.2,,1000,full_feedback,1.7798132677326755,0.22247665846658443,0.03993362063267675,0.33631578947368423,1024.0,0.0017380988942701909,1.2077218490774195,2.523089830328595,0.9639473684210527,1.0
budget,feedback.budget_frac,0.2,,1000,Proposed_no_confidence,1.2222393871867314,0.15277992339834143,0.40137989952912567,0.12026315789473684,192.0,0.0063658301415975595,1.7652957296233642,3.331641780371778,0.9797368421052631,0.3061842105263158
budget,feedback.budget_frac,0.2,,1000,Proposed_no_importance,1.3213005983595167,0.1651625747949396,0.4014575208120818,0.12368421052631579,192.0,0.00688177394978915,1.6662345184505785,3.132666559226703,1.0,0.2914473684210526
budget,feedback.budget_frac,0.2,,1001,Exact,1.7297009121246525,0.21621261401558156,0.021099881167459172,0.24427631578947367,95.56210526315789,0.018100280517694967,1.258661211912585,2.626144433842297,0.9644736842105263,0.24427631578947367
budget,feedback.budget_frac,0.2,,1001,Optimised,1.1742782657160564,0.14678478321450705,0.41664498115691,0.1392763157894737,192.0,0.006116032633937794,1.8140838583211814,3.566374259671247,0.9873684210526316,0.2922368421052632
budget,feedback.budget_frac,0.2,,1001,Proposed,1.3043420955386182,0.16304276194232728,0.35371680687712725,0.14894736842105263,192.0,0.006793448414263637,1.6840200284986195,3.284860805108671,0.9815789473684211,0.30289473684210527
budget,feedback.budget_frac,0.2,,1001,Baseline,1.521112131199046,0.19013901639988076,0.1662316227472758,0.17907894736842106,170.6442105263158,0.008913939280491844,1.4672499928381915,2.9467912819067705,0.9681578947368421,0.3332894736842105
budget,feedback.budget_frac,0.2,,1001,prediction_only,0.28560402231742243,0.035700502789677804,0.7492178474273327,0.0,0.0,,2.702758101719815,4.6119984761858595,0.9928947368421053,0.0
budget,feedback.budget_frac,0.2,,1001,importance_only,1.293169890841927,0.16164623635524086,0.34724723822022663,0.06578947368421052,128.0,0.010102889772202554,1.6951922331953106,3.37891555644285,0.9715789473684211,0.125
budget,feedback.budget_frac,0.2,,1001,snr_threshold,1.0515428533306568,0.1314428566663321,0.41493546735413317,0.1667763157894737,192.0,0.005476785694430504,1.9368192707065808,3.6608047471834992,0.983421052631579,0.375
budget,feedback.budget_frac,0.2,,1001,full_feedback,1.7021851489786748,0.21277314362233435,0.04700331991275771,0.36427631578947367,1024.0,0.001662290184549487,1.2861769750585628,2.676673491403858,0.965,1.0
budget,feedback.budget_frac,0.2,,1001,Proposed_no_confidence,0.871093039787907,0.10888662997348837,0.48781755849642433,0.14467105263157895,192.0,0.0045369429155620155,2.117269084249331,3.877183535429926,0.9839473684210527,0.3265789473684211
budget,feedback.budget_frac,0.2,,1001,Proposed_no_importance,0.9777561079559263,0.12221951349449078,0.46611337092424465,0.12664473684210525,192.0,0.005092479728937116,2.0106060160813115,3.815898959367826,0.9889473684210527,0.29157894736842105
budget,feedback.budget_frac,0.2,,1002,Exact,1.724540484584202,0.21556756057302526,0.021585409342650734,0.24157894736842106,95.84842105263158,0.017992372390122472,1.2764659025467942,2.62176038853181,0.9613157894736842,0.24157894736842106
budget,feedback.budget_frac,0.2,,1002,Optimised,1.125670650653064,0.140708831331633,0.4244461984086661,0.1336842105263158,192.0,0.005862867972151375,1.875335736477932,3.6505161133849047,0.9905263157894737,0.28901315789473686
budget,feedback.budget_frac,0.2,,1002,Proposed,1.1816311304511167,0.14770389130638958,0.38606662457679375,0.14171052631578948,192.0,0.006154328804432899,1.8193752566798795,3.5663670754545866,0.9826315789473684,0.2999342105263158
budget,feedback.budget_frac,0.2,,1002,Baseline,1.5041275004514727,0.1880159375564341,0.17102167705930338,0.18125,170.6442105263158,0.008814406863334602,1.4968788866795233,3.0253160930218175,0.9660526315789474,0.3332894736842105
budget,feedback.budget_frac,0.2,,1002,prediction_only,0.3395303770377915,0.042441297129723936,0.7455971710641429,0.0,0.0,,2.6614760100932044,4.685946666565714,0.9939473684210526,0.0
budget,feedback.budget_frac,0.2,,1002,importance_only,1.289950985712483,0.16124387321406036,0.34286557664905093,0.06822368421052631,128.0,0.010077742075878773,1.711055401418513,3.386396111896965,0.9742105263157895,0.125
budget,feedback.budget_frac,0.2,,1002,snr_threshold,0.9573960063423905,0.11967450079279882,0.4528131324879176,0.1711842105263158,192.0,0.004986437533033284,2.0436103807886052,3.811379886530565,0.9842105263157894,0.375
budget,feedback.budget_frac,0.2,,1002,full_feedback,1.6956414489557743,0.21195518111947179,0.04517818146306644,0.3624342105263158,1024.0,0.0016558998524958733,1.305364938175222,2.702766797591136,0.9613157894736842,1.0
budget,feedback.budget_frac,0.2,,1002,Proposed_no_confidence,0.7752040000070364,0.09690050000087955,0.5691080380385557,0.13171052631578947,192.0,0.004037520833369981,2.22580238712396,4.1068397382312165,0.9886842105263158,0.30467105263157895
budget,feedback.budget_frac,0.2,,1002,Proposed_no_importance,1.0820962722164227,0.13526203402705284,0.4288395285459295,0.1305921052631579,192.0,0.005635918084460535,1.9189101149145735,3.685222545402345,0.9855263157894737,0.2974342105263158
budget,feedback.budget_frac,0.2,,1003,Exact,1.8061943593168368,0.2257742949146046,0.016786933192860204,0.21414473684210528,84.37894736842105,0.021405746523839756,1.2538380704698917,2.561941452293412,0.9460526315789474,0.21414473684210528
budget,feedback.budget_frac,0.2,,1003,Optimised,1.4305356486916907,0.17881695608646134,0.2956555728504439,0.12032894736842105,192.0,0.007450706503602556,1.6294967810950378,3.147283533012613,0.9776315789473684,0.2868421052631579
budget,feedback.budget_frac,0.2,,1003,Proposed,1.3307664638627723,0.16634580798284654,0.3364236469418602,0.12105263157894737,192.0,0.0069310753326186055,1.7292659659239562,3.251147471527546,0.983421052631579,0.28842105263157897
budget,feedback.budget_frac,0.2,,1003,Baseline,1.621284285990863,0.20266053574885787,0.15152182183362997,0.15677631578947368,170.6442105263158,0.009500962739904016,1.4387481437958654,2.9205644817363012,0.9486842105263158,0.3332894736842105
budget,feedback.budget_frac,0.2,,1003,prediction_only,0.8849159670533857,0.11061449588167321,0.5573427580772633,0.0,0.0,,2.1751164627333424,3.8075067696186378,0.9997368421052631,0.0
budget,feedback.budget_frac,0.2,,1003,importance_only,1.4444475237494225,0.18055594046867782,0.29355602196288855,0.058881578947368424,128.0,0.011284746279292364,1.615584906037306,3.198307763145983,0.9526315789473684,0.125
budget,feedback.budget_frac,0.2,,1003,snr_threshold,1.3969694549000895,0.1746211818625112,0.29113397524807805,0.15802631578947368,192.0,0.0072758825776046325,1.663062974886639,3.2547871282617575,0.958421052631579,0.375
budget,feedback.budget_frac,0.2,,1003,full_feedback,1.7811337134035174,0.22264171417543968,0.04067995813968809,0.3180921052631579,1024.0,0.0017393883919956225,1.278898716383211,2.619191438520998,0.9465789473684211,1.0
budget,feedback.budget_frac,0.2,,1003,Proposed_no_confidence,1.3058636984533458,0.16323296230666823,0.3621519811492031,0.12453947368421053,192.0,0.00680137342944451,1.7541687313333827,3.2854753380420436,0.9797368421052631,0.31164473684210525
budget,feedback.budget_frac,0.2,,1003,Proposed_no_importance,1.3006743020565388,0.16258428775706735,0.34681843166465215,0.11960526315789474,192.0,0.0067743453232111395,1.75935812773019,3.358984883194863,0.9692105263157895,0.28539473684210526
budget,feedback.budget_frac,0.2,,1004,Exact,1.7461494163406737,0.2182686770425842,0.02279399839037591,0.2425,95.17473684210526,0.018346774304588125,1.299092174006515,2.6042603691511403,0.9757894736842105,0.2425
budget,feedback.budget_frac,0.2,,1004,Optimised,1.1089809890071958,0.13862262362589947,0.43648170441695056,0.1363815789473684,192.0,0.005775942651079145,1.9362606013399928,3.635409147740313,0.99,0.2917105263157895
budget,feedback.budget_frac,0.2,,1004,Proposed,1.2312371620504756,0.15390464525630945,0.36698967981734676,0.1405263157894737,192.0,0.0064126935523462275,1.814004428296713,3.5094120817980308,0.9873684210526316,0.2988157894736842
budget,feedback.budget_frac,0.2,,1004,Baseline,1.5334186582518154,0.19167733228147693,0.17332418920892936,0.1794736842105263,170.6442105263158,0.008986057326658265,1.5118229320953733,3.020527477811803,0.978421052631579,0.3332894736842105
budget,feedback.budget_frac,0.2,,1004,prediction_only,0.48934638578060435,0.061168298222575544,0.814252522006713,0.0,0.0,,2.5558952045665846,4.35293882336523,1.0,0.0
budget,feedback.budget_frac,0.2,,1004,importance_only,1.3216033134672873,0.16520041418341092,0.3397651907316706,0.06335526315789473,128.0,0.010325025886463182,1.7236382768799012,3.3430121327341125,0.9792105263157894,0.125
budget,feedback.budget_frac,0.2,,1004,snr_threshold,1.0371158688579578,0.12963948360724473,0.44402206304650943,0.16664473684210526,192.0,0.005401645150301864,2.008125721489231,3.8005779908693698,0.9910526315789474,0.375
budget,feedback.budget_frac,0.2,,1004,full_feedback,1.720293595081942,0.21503669938524275,0.044683813348000076,0.35986842105263156,1024.0,0.001679974213947209,1.3249479952652465,2.6478382196574066,0.9757894736842105,1.0
budget,feedback.budget_frac,0.2,,1004,Proposed_no_confidence,0.7791418933591199,0.09739273666988998,0.5634464569751046,0.1374342105263158,192.0,0.004058030694578749,2.266099696988069,4.06453415275544,0.9928947368421053,0.31473684210526315
budget,feedback.budget_frac,0.2,,1004,Proposed_no_importance,1.116174623253491,0.13952182790668638,0.419672509532737,0.13394736842105262,192.0,0.005813409496111932,1.9290669670936975,3.5418250856639366,0.9936842105263158,0.29585526315789473
budget,feedback.budget_frac,0.2,,1005,Exact,1.6594868347314553,0.2074358543414319,0.022365145484339908,0.24427631578947367,95.86526315789473,0.017310616797642335,1.2932218824436892,2.6811030577837984,0.983421052631579,0.24427631578947367
budget,feedback.budget_frac,0.2,,1005,Optimised,1.1764048542118082,0.14705060677647602,0.3850079973239517,0.14026315789473684,192.0,0.006127108615686501,1.7763038629633365,3.412895841366873,0.9960526315789474,0.29388157894736844
budget,feedback.budget_frac,0.2,,1005,Proposed,1.164046807625178,0.14550585095314725,0.3736833511452023,0.14394736842105263,192.0,0.006062743789714469,1.7886619095499665,3.4136788155610565,0.9955263157894737,0.29723684210526313
budget,feedback.budget_frac,0.2,,1005,Baseline,1.4372951887775631,0.1796618985971954,0.17578728349966308,0.18263157894736842,170.6442105263158,0.008422759754605982,1.5154135283975814,3.0933252832790052,0.9839473684210527,0.3332894736842105
budget,feedback.budget_frac,0.2,,1005,prediction_only,0.5733629976063688,0.0716703747007961,0.7832244373080103,0.0,0.0,,2.379345719568776,4.158392469245509,1.0,0.0
budget,feedback.budget_frac,0.2,,1005,importance_only,1.2460084574404209,0.1557510571800526,0.3426162620017913,0.06651315789473684,128.0,0.009734441073753288,1.706700259734724,3.4104179427003976,0.9873684210526316,0.125
budget,feedback.budget_frac,0.2,,1005,snr_threshold,1.0149242706898522,0.12686553383623153,0.4232455061592483,0.1694736842105263,192.0,0.00528606390984298,1.9377844464852922,3.5986914453214496,0.9881578947368421,0.375
budget,feedback.budget_frac,0.2,,1005,full_feedback,1.6314723153716781,0.20393403942145977,0.04677746386834928,0.37414473684210525,1024.0,0.0015932346829801544,1.3212364018034666,2.738660156012136,0.983421052631579,1.0
budget,feedback.budget_frac,0.2,,1005,Proposed_no_confidence,0.799398594310058,0.09992482428875725,0.5602802060737931,0.14151315789473684,192.0,0.004163534345364885,2.153310122865087,3.888782512056623,0.9986842105263158,0.30657894736842106
budget,feedback.budget_frac,0.2,,1005,Proposed_no_importance,1.0878592152951931,0.13598240191189914,0.4095525888602461,0.13855263157894737,192.0,0.005665933412995798,1.8648495018799516,3.500134344921061,0.9957894736842106,0.29539473684210527
budget,feedback.budget_frac,0.2,,1006,Exact,1.8019878365104998,0.22524847956381247,0.01820445191351125,0.22447368421052633,87.96631578947368,0.02048497564480393,1.1849198759140203,2.4657285351392213,0.9507894736842105,0.22447368421052633
budget,feedback.budget_frac,0.2,,1006,Optimised,1.3209658409265534,0.16512073011581918,0.34530908315165554,0.13111842105263158,192.0,0.006880030421492466,1.6659418714979668,3.2262129401176707,0.975,0.29789473684210527
budget,feedback.budget_frac,0.2,,1006,Proposed,1.2353921669936185,0.15442402087420232,0.37584617342535576,0.12953947368421054,192.0,0.006434334203091763,1.7515155454309015,3.291161334156865,0.9728947368421053,0.2963157894736842
budget,feedback.budget_frac,0.2,,1006,Baseline,1.594826830020512,0.199353353752564,0.15783958438184556,0.16605263157894737,170.6442105263158,0.009345918183228177,1.3920808824040083,2.8279441589979117,0.9555263157894737,0.3332894736842105
budget,feedback.budget_frac,0.2,,1006,prediction_only,0.6937941623659234,0.08672427029574042,0.5872918307729434,0.0,0.0,,2.2931135500585964,4.038054667579697,0.9771052631578947,0.0
budget,feedback.budget_frac,0.2,,1006,importance_only,1.409241074650218,0.17615513433127725,0.30340009774037957,0.05986842105263158,128.0,0.011009695895704828,1.5776666377743023,3.1139431954484182,0.958421052631579,0.125
budget,feedback.budget_frac,0.2,,1006,snr_threshold,1.1441882101681988,0.14302352627102485,0.3836521553229053,0.15986842105263158,192.0,0.005959313594626036,1.8427195022563216,3.479826409505608,0.9652631578947368,0.375
budget,feedback.budget_frac,0.2,,1006,full_feedback,1.7772534166144163,0.22215667707680203,0.040302224275746305,0.3319736842105263,1024.0,0.0017355990396625159,1.2096542958101038,2.501231569518583,0.9510526315789474,1.0
budget,feedback.budget_frac,0.2,,1006,Proposed_no_confidence,1.0296749599875286,0.12870936999844107,0.48547475454374334,0.12888157894736843,192.0,0.005362890416601711,1.9572327524369915,3.5912146858422798,0.9828947368421053,0.3175657894736842
budget,feedback.budget_frac,0.2,,1006,Proposed_no_importance,1.2414145381570247,0.1551768172696281,0.3715418783943674,0.12572368421052632,192.0,0.006465700719567837,1.745493174267495,3.329657693477601,0.9731578947368421,0.2986842105263158
budget,feedback.budget_frac,0.2,,1007,Exact,1.7001471994377988,0.21251839992972485,0.021232045491895474,0.24164473684210527,95.54526315789474,0.017794154762316113,1.2012376368397815,2.5162470769342744,0.9576315789473684,0.24164473684210527
budget,feedback.budget_frac,0.2,,1007,Optimised,1.2322295438989137,0.1540286929873642,0.35156401711746593,0.14223684210526316,192.0,0.006417862207806842,1.6691552923786666,3.371823545258163,0.9786842105263158,0.30032894736842103
budget,feedback.budget_frac,0.2,,1007,Proposed,1.2803749202275585,0.1600468650284448,0.3361594239331481,0.15151315789473685,192.0,0.006668619376185201,1.6210099160500215,3.2792155313391156,0.9736842105263158,0.3068421052631579
budget,feedback.budget_frac,0.2,,1007,Baseline,1.4866387908051113,0.1858298488506389,0.17088347880335875,0.18118421052631578,170.6442105263158,0.008711920470198725,1.414746045472469,2.8830110622556657,0.9631578947368421,0.3332894736842105
budget,feedback.budget_frac,0.2,,1007,prediction_only,0.3607888812110129,0.04509861015137661,0.7864355383917118,0.0,0.0,,2.5405959550665678,4.561799722700276,0.9881578947368421,0.0
budget,feedback.budget_frac,0.2,,1007,importance_only,1.28521136276875,0.16065142034609375,0.3346311490780907,0.06335526315789473,128.0,0.01004071377163086,1.6161734735088298,3.296723028719887,0.9731578947368421,0.125
budget,feedback.budget_frac,0.2,,1007,snr_threshold,1.0597209914133108,0.13246512392666385,0.40501956802559946,0.16526315789473683,192.0,0.005519380163610994,1.8416638448642693,3.599046206241778,0.9821052631578947,0.375
budget,feedback.budget_frac,0.2,,1007,full_feedback,1.6695069313544613,0.20868836641930766,0.04523335043571253,0.3568421052631579,1024.0,0.001630377862650841,1.231877904923119,2.5763659929768337,0.9578947368421052,1.0
budget,feedback.budget_frac,0.2,,1007,Proposed_no_confidence,0.7660115394484704,0.0957514424310588,0.5619858374290179,0.1325,192.0,0.0039896434346274505,2.1353732968291097,4.1009788276885235,0.9831578947368421,0.3005263157894737
budget,feedback.budget_frac,0.2,,1007,Proposed_no_importance,1.0309787337332492,0.12887234171665615,0.4386927721306382,0.12572368421052632,192.0,0.005369680904860673,1.870406102544331,3.6627475410910115,0.9868421052631579,0.2835526315789474
budget,feedback.budget_frac,0.2,,1008,Exact,1.7384418029761448,0.2173052253720181,0.021370197936570464,0.23993421052631578,94.08,0.018478335490817867,1.2506509820369984,2.484224897732309,0.9552631578947368,0.23993421052631578
budget,feedback.budget_frac,0.2,,1008,Optimised,1.0480312651151331,0.13100390813939164,0.4502132717467802,0.1281578947368421,192.0,0.005458496172474652,1.9410615198980103,3.6843139717503206,0.986578947368421,0.28407894736842104
budget,feedback.budget_frac,0.2,,1008,Proposed,1.3262038903152495,0.1657754862894062,0.3453315197773948,0.14657894736842106,192.0,0.006907311928725258,1.662888894697894,3.2736548526388387,0.9818421052631578,0.3063815789473684
budget,feedback.budget_frac,0.2,,1008,Baseline,1.5353577048459914,0.19191971310574893,0.165538616040445,0.17710526315789474,170.6442105263158,0.008997420422940263,1.4537350801671518,2.844785538316208,0.9571052631578948,0.3332894736842105
budget,feedback.budget_frac,0.2,,1008,prediction_only,0.5134793417663195,0.06418491772078994,0.7507884389993759,0.0,0.0,,2.4756134432468238,4.265794869577701,0.9878947368421053,0.0
budget,feedback.budget_frac,0.2,,1008,importance_only,1.2984998307821096,0.1623124788477637,0.34929396560001186,0.06342105263157895,128.0,0.010144529927985231,1.6905929542310334,3.320273692650369,0.9602631578947368,0.125
budget,feedback.budget_frac,0.2,,1008,snr_threshold,0.9100802694700134,0.11376003368375168,0.4909875972733879,0.16302631578947369,192.0,0.004740001403489653,2.0790125155431296,3.741374934048526,0.9681578947368421,0.375
budget,feedback.budget_frac,0.2,,1008,full_feedback,1.711239104723674,0.21390488809045924,0.04716073871974619,0.35855263157894735,1024.0,0.0016711319382067128,1.2778536802894696,2.5264235509666912,0.9552631578947368,1.0
budget,feedback.budget_frac,0.2,,1008,Proposed_no_confidence,0.9396845075274355,0.11746056344092944,0.46915717817774893,0.14532894736842106,192.0,0.0048941901433720595,2.049408277485708,3.678873222222062,0.9855263157894737,0.32401315789473684
budget,feedback.budget_frac,0.2,,1008,Proposed_no_importance,1.1109450263132126,0.13886812828915157,0.4498090066978836,0.1286842105263158,192.0,0.005786172012047982,1.8781477586999307,3.42609100020637,0.9815789473684211,0.2893421052631579
budget,feedback.budget_frac,0.2,,1009,Exact,1.786753394189915,0.22334417427373937,0.021276365317315717,0.23539473684210527,93.0357894736842,0.019205011364957676,1.200184003535306,2.504632561816825,0.9139473684210526,0.23539473684210527
budget,feedback.budget_frac,0.2,,1009,Optimised,1.4085582319677712,0.1760697789959714,0.28537561264274125,0.14638157894736842,192.0,0.007336240791498808,1.5783791657574497,3.1228636159131726,0.9428947368421052,0.30328947368421055
budget,feedback.budget_frac,0.2,,1009,Proposed,1.2654419199490041,0.15818023999362552,0.3678198784329943,0.1438157894736842,192.0,0.0065908433330677295,1.7214954777762164,3.275222757781342,0.9539473684210527,0.3005263157894737
budget,feedback.budget_frac,0.2,,1009,Baseline,1.5788811234575113,0.1973601404321889,0.16505241302869067,0.16815789473684212,170.6442105263158,0.009252474013550113,1.4080562742677092,2.8257796118994483,0.9181578947368421,0.3332894736842105
budget,feedback.budget_frac,0.2,,1009,prediction_only,0.3600400610350058,0.045005007629375725,0.7154239369257064,0.0,0.0,,2.6268973366902153,4.38438043588281,0.9278947368421052,0.0
budget,feedback.budget_frac,0.2,,1009,importance_only,1.3895929952390074,0.17369912440487592,0.3158876440853277,0.057105263157894735,128.0,0.010856195275304745,1.5973444024862133,3.1982682104966096,0.9271052631578948,0.125
budget,feedback.budget_frac,0.2,,1009,snr_threshold,1.0623486053674598,0.13279357567093247,0.40759204990185205,0.1569078947368421,192.0,0.00553306565295552,1.924588792357761,3.5590525269857665,0.9352631578947368,0.375
budget,feedback.budget_frac,0.2,,1009,full_feedback,1.761759556988904,0.220219944623613,0.04288974856607558,0.3458552631578947,1024.0,0.0017204683173719765,1.2251778407363167,2.5451753544505857,0.9142105263157895,1.0
budget,feedback.budget_frac,0.2,,1009,Proposed_no_confidence,0.967019337621326,0.12087741720266575,0.48214919815117474,0.1369736842105263,192.0,0.005036559050111073,2.019918060103895,3.67007460940567,0.9628947368421052,0.31743421052631576
budget,feedback.budget_frac,0.2,,1009,Proposed_no_importance,0.921884274477708,0.1152355343097135,0.4764661776147286,0.12578947368421053,192.0,0.004801480596238063,2.065053123247513,3.7276906361168476,0.9671052631578947,0.2854605263157895
budget,feedback.budget_frac,0.3,,1000,Exact,1.8056068504435625,0.2257008563054453,0.01357641996645203,0.23335526315789473,95.42736842105263,0.018921268398356252,1.181928266366533,2.4705507223186864,0.9636842105263158,0.23335526315789473
budget,feedback.budget_frac,0.3,,1000,Optimised,1.531406699414705,0.19142583742683814,0.2244528911240127,0.21848684210526315,288.0,0.005317384372967726,1.4561284173953903,2.934869996020032,0.9671052631578947,0.48118421052631577
budget,feedback.budget_frac,0.3,,1000,Proposed,1.6431478634724923,0.20539348293406154,0.16594018233714636,0.21980263157894736,285.2715789473684,0.005759942401327147,1.3443872533376031,2.836831783140452,0.9655263157894737,0.49
budget,feedback.budget_frac,0.3,,1000,Baseline,1.6590837803028435,0.20738547253785544,0.12008567123572814,0.22513157894736843,256.0,0.0064807960168079826,1.328451336507252,2.7671905953157125,0.966842105263158,0.5
budget,feedback.budget_frac,0.3,,1000,prediction_only,0.5604923230584768,0.0700615403823096,0.7206056522589006,0.0,0.0,,2.4270427937516184,4.111369390210274,0.9981578947368421,0.0
budget,feedback.budget_frac,0.3,,1000,importance_only,1.5855509662113003,0.19819387077641254,0.2214916340838084,0.10546052631578948,256.0,0.006193558461762892,1.401984150598795,2.882312622428202,0.966842105263158,0.25
budget,feedback.budget_frac,0.3,,1000,snr_threshold,1.2851930576213395,0.16064913220266744,0.3164120842292631,0.20111842105263159,256.0,0.0050202853813333575,1.7023420591887555,3.257702189639551,0.983421052631579,0.5
budget,feedback.budget_frac,0.3,,1000,full_feedback,1.7798132677326755,0.22247665846658443,0.03993362063267675,0.33631578947368423,1024.0,0.0017380988942701909,1.2077218490774195,2.523089830328595,0.9639473684210527,1.0
budget,feedback.budget_frac,0.3,,1000,Proposed_no_confidence,1.464842463190157,0.18310530789876964,0.2627273619161829,0.22671052631578947,288.0,0.005086258552743601,1.5226926536199383,3.023123852973107,0.9739473684210527,0.5255921052631579
budget,feedback.budget_frac,0.3,,1000,Proposed_no_importance,1.6116525793570957,0.20145657241963696,0.1691006142436085,0.24151315789473685,286.18105263157895,0.00563158379821843,1.3758825374529997,2.8354274436979487,0.968421052631579,0.5247368421052632
budget,feedback.budget_frac,0.3,,1001,Exact,1.731577204852083,0.21644715060651037,0.015966782074452363,0.2531578947368421,103.25894736842105,0.016769270353627862,1.2567849191851548,2.619954318908353,0.9644736842105263,0.2531578947368421
budget,feedback.budget_frac,0.3,,1001,Optimised,1.4744199882321927,0.18430249852902408,0.22340699988433585,0.24552631578947368,288.0,0.005119513848028447,1.5139421358050453,2.9976762707272666,0.9671052631578947,0.4880921052631579
budget,feedback.budget_frac,0.3,,1001,Proposed,1.5658458622069693,0.19573073277587116,0.1826109951983207,0.2513157894736842,285.10315789473685,0.005492208061704797,1.4225162618302682,2.887197204750431,0.9689473684210527,0.49835526315789475
budget,feedback.budget_frac,0.3,,1001,Baseline,1.5755128510544714,0.19693910638180892,0.13216296570468095,0.24743421052631578,256.0,0.006154347074431529,1.4128492729827662,2.892890276624893,0.9678947368421053,0.5
budget,feedback.budget_frac,0.3,,1001,prediction_only,0.28560402231742243,0.035700502789677804,0.7492178474273327,0.0,0.0,,2.702758101719815,4.6119984761858595,0.9928947368421053,0.0
budget,feedback.budget_frac,0.3,,1001,importance_only,1.4689538651093048,0.1836192331386631,0.25717132593960335,0.11578947368421053,256.0,0.005738101035583222,1.519408258927933,3.0666937577505213,0.9723684210526315,0.25
budget,feedback.budget_frac,0.3,,1001,snr_threshold,1.2047807583448966,0.15059759479311208,0.3522023054994815,0.21585526315789474,256.0,0.004706174837284752,1.7835813656923412,3.4171017085451347,0.9813157894736843,0.5
budget,feedback.budget_frac,0.3,,1001,full_feedback,1.7021851489786748,0.21277314362233435,0.04700331991275771,0.36427631578947367,1024.0,0.001662290184549487,1.2861769750585628,2.676673491403858,0.965,1.0
budget,feedback.budget_frac,0.3,,1001,Proposed_no_confidence,1.1764864660757812,0.14706080825947265,0.3525165896720002,0.24526315789473685,288.0,0.0040850224516520185,1.8118756579614566,3.5046396291086985,0.9723684210526315,0.5288815789473684
budget,feedback.budget_frac,0.3,,1001,Proposed_no_importance,1.5168478841848587,0.18960598552310734,0.18571065103925954,0.2613157894736842,285.74315789473684,0.005308431163708357,1.4715142398523788,2.975114091815349,0.9676315789473684,0.5292763157894737
budget,feedback.budget_frac,0.3,,1002,Exact,1.726335809671027,0.21579197620887838,0.01634725510477328,0.2526973684210526,105.01052631578948,0.016439645340692418,1.274670577459969,2.6197421101117944,0.9613157894736842,0.2526973684210526
budget,feedback.budget_frac,0.3,,1002,Optimised,1.4217408552159472,0.1777176069019934,0.23735283979305716,0.23901315789473684,288.0,0.004936600191722039,1.579265531915049,3.1851512191217553,0.966842105263158,0.48697368421052634
budget,feedback.budget_frac,0.3,,1002,Proposed,1.560598542378296,0.195074817797287,0.1798004467188044,0.24986842105263157,284.5978947368421,0.0054835210352533635,1.4404078447527,2.9217304574743705,0.963421052631579,0.4961184210526316
budget,feedback.budget_frac,0.3,,1002,Baseline,1.5584610205570695,0.19480762756963368,0.13817176905045334,0.24769736842105264,256.0,0.006087738361551053,1.4425453665739267,2.9219802587006867,0.9639473684210527,0.5
budget,feedback.budget_frac,0.3,,1002,prediction_only,0.3395303770377915,0.042441297129723936,0.7455971710641429,0.0,0.0,,2.6614760100932044,4.685946666565714,0.9939473684210526,0.0
budget,feedback.budget_frac,0.3,,1002,importance_only,1.4694633134966046,0.18368291418707558,0.2486869691329156,0.11710526315789474,256.0,0.005740091068346112,1.5315430736343916,3.1200846326630143,0.9681578947368421,0.25
budget,feedback.budget_frac,0.3,,1002,snr_threshold,1.0999149089682903,0.13748936362103628,0.38764821837489677,0.21947368421052632,256.0,0.004296542613157384,1.9010914781627062,3.5457871204323554,0.9863157894736843,0.5
budget,feedback.budget_frac,0.3,,1002,full_feedback,1.6956414489557743,0.21195518111947179,0.04517818146306644,0.3624342105263158,1024.0,0.0016558998524958733,1.305364938175222,2.702766797591136,0.9613157894736842,1.0
budget,feedback.budget_frac,0.3,,1002,Proposed_no_confidence,1.095755406179176,0.136969425772397,0.37006453612261814,0.24407894736842106,288.0,0.0038047062714554724,1.9052509809518199,3.7420166701263566,0.9736842105263158,0.526578947368421
budget,feedback.budget_frac,0.3,,1002,Proposed_no_importance,1.5167480314858672,0.1895935039357334,0.18588075208833732,0.2600657894736842,285.60842105263157,0.0053105858219998445,1.484258355645129,2.9473349156383812,0.9647368421052631,0.5301973684210526
budget,feedback.budget_frac,0.3,,1003,Exact,1.8070943709780256,0.2258867963722532,0.013425830178162203,0.2199342105263158,90.07157894736842,0.020062869909652257,1.2529380588087027,2.5592879158035164,0.9460526315789474,0.2199342105263158
budget,feedback.budget_frac,0.3,,1003,Optimised,1.611189922815011,0.20139874035187638,0.18966885475173859,0.2131578947368421,288.0,0.005594409454218788,1.4488425069717175,2.935225292899861,0.9523684210526315,0.47986842105263156
budget,feedback.budget_frac,0.3,,1003,Proposed,1.654025984860576,0.206753248107572,0.16757237190347124,0.21671052631578946,285.3557894736842,0.005796363858295267,1.4060064449261525,2.892203601369526,0.9478947368421052,0.49256578947368423
budget,feedback.budget_frac,0.3,,1003,Baseline,1.6727796479947878,0.20909745599934848,0.11829664335683336,0.21572368421052632,256.0,0.00653429549997964,1.3872527817919407,2.8285981215410687,0.9476315789473684,0.5
budget,feedback.budget_frac,0.3,,1003,prediction_only,0.8849159670533857,0.11061449588167321,0.5573427580772633,0.0,0.0,,2.1751164627333424,3.8075067696186378,0.9997368421052631,0.0
budget,feedback.budget_frac,0.3,,1003,importance_only,1.6033413267647867,0.20041766584559834,0.21829621363776566,0.10269736842105263,256.0,0.006263052057674948,1.4566911030219418,2.929505296168186,0.9502631578947368,0.25
budget,feedback.budget_frac,0.3,,1003,snr_threshold,1.4643770473390532,0.18304713091738165,0.2493142303825993,0.20144736842105262,256.0,0.005720222841168176,1.5956553824476756,3.1752689026472343,0.9563157894736842,0.5
budget,feedback.budget_frac,0.3,,1003,full_feedback,1.7811337134035174,0.22264171417543968,0.04067995813968809,0.3180921052631579,1024.0,0.0017393883919956225,1.278898716383211,2.619191438520998,0.9465789473684211,1.0
budget,feedback.budget_frac,0.3,,1003,Proposed_no_confidence,1.465134726346915,0.18314184079336437,0.23666832850819944,0.22519736842105262,288.0,0.005087273355371232,1.5948977034398137,3.098053305130086,0.9507894736842105,0.5155921052631579
budget,feedback.budget_frac,0.3,,1003,Proposed_no_importance,1.6185527028430773,0.20231908785538466,0.16216003626149292,0.2299342105263158,285.82736842105265,0.005662693225579383,1.4414797269436512,2.854458747870745,0.9510526315789474,0.5205921052631579
budget,feedback.budget_frac,0.3,,1004,Exact,1.74786020543478,0.2184825256793475,0.017231882893509673,0.25473684210526315,104.67368421052632,0.016698181769539834,1.2973813849124087,2.6016416305996732,0.9757894736842105,0.25473684210526315
budget,feedback.budget_frac,0.3,,1004,Optimised,1.5225281909929345,0.1903160238741168,0.20984135427494163,0.2382236842105263,288.0,0.005286556218725467,1.522713399354254,3.0558423000894894,0.9797368421052631,0.48585526315789473
budget,feedback.budget_frac,0.3,,1004,Proposed,1.5828373846141575,0.19785467307676968,0.18007096373086268,0.24526315789473685,284.49684210526317,0.005563637799636845,1.4624042057330313,2.8846571560959995,0.9773684210526316,0.4963157894736842
budget,feedback.budget_frac,0.3,,1004,Baseline,1.595188579779158,0.19939857247239476,0.13727697660642776,0.24717105263157896,256.0,0.006231205389762336,1.4500530105680307,2.9004012849456573,0.9768421052631578,0.5
budget,feedback.budget_frac,0.3,,1004,prediction_only,0.48934638578060435,0.061168298222575544,0.814252522006713,0.0,0.0,,2.5558952045665846,4.35293882336523,1.0,0.0
budget,feedback.budget_frac,0.3,,1004,importance_only,1.4971398193883514,0.18714247742354392,0.2528590399915057,0.11342105263157895,256.0,0.005848202419485748,1.5481017709588372,3.077116323863757,0.9773684210526316,0.25
budget,feedback.budget_frac,0.3,,1004,snr_threshold,1.1510523345572117,0.14388154181965146,0.3780091093893604,0.22131578947368422,256.0,0.004496298181864108,1.8941892557899769,3.556066683213005,0.9821052631578947,0.5
budget,feedback.budget_frac,0.3,,1004,full_feedback,1.720293595081942,0.21503669938524275,0.044683813348000076,0.35986842105263156,1024.0,0.001679974213947209,1.3249479952652465,2.6478382196574066,0.9757894736842105,1.0
budget,feedback.budget_frac,0.3,,1004,Proposed_no_confidence,1.2116699711684593,0.15145874639605741,0.3130189943466174,0.24572368421052632,288.0,0.004207187399890484,1.8335716191787292,3.5432413911278395,0.98,0.5288157894736842
budget,feedback.budget_frac,0.3,,1004,Proposed_no_importance,1.53072477988587,0.19134059748573376,0.18137744464583888,0.26144736842105265,285.54105263157896,0.005360787059438689,1.5145168104613185,3.0016458674928095,0.9778947368421053,0.5329605263157895
budget,feedback.budget_frac,0.3,,1005,Exact,1.661247181660346,0.20765589770754325,0.01708427748669626,0.25526315789473686,104.48842105263158,0.015898863863810935,1.2914615355147985,2.677129792974544,0.983421052631579,0.25526315789473686
budget,feedback.budget_frac,0.3,,1005,Optimised,1.4457130806902139,0.18071413508627673,0.21727409524258548,0.24289473684210527,288.0,0.005019837085729909,1.5069956364849306,3.132630657905644,0.986578947368421,0.48855263157894735
budget,feedback.budget_frac,0.3,,1005,Proposed,1.4962628132358395,0.18703285165447994,0.1843069817478207,0.2505263157894737,284.29473684210524,0.005263068989092298,1.4564459039393052,3.0163506656451147,0.9839473684210527,0.4986842105263158
budget,feedback.budget_frac,0.3,,1005,Baseline,1.5095458317715877,0.18869322897144847,0.1343981387053042,0.24802631578947368,256.0,0.005896663405357765,1.4431628854035567,2.976404552728109,0.9836842105263158,0.5
budget,feedback.budget_frac,0.3,,1005,prediction_only,0.5733629976063688,0.0716703747007961,0.7832244373080103,0.0,0.0,,2.379345719568776,4.158392469245509,1.0,0.0
budget,feedback.budget_frac,0.3,,1005,importance_only,1.4132416487425221,0.17665520609281526,0.25746391805804497,0.11802631578947369,256.0,0.005520475190400477,1.5394670684326226,3.1524560114096687,0.9852631578947368,0.25
budget,feedback.budget_frac,0.3,,1005,snr_threshold,0.9017093326614344,0.1127136665826793,0.4014156115646517,0.22723684210526315,256.0,0.003522302080708728,2.05099938451371,3.706204508790907,0.9842105263157894,0.5
budget,feedback.budget_frac,0.3,,1005,full_feedback,1.6314723153716781,0.20393403942145977,0.04677746386834928,0.37414473684210525,1024.0,0.0015932346829801544,1.3212364018034666,2.738660156012136,0.983421052631579,1.0
budget,feedback.budget_frac,0.3,,1005,Proposed_no_confidence,1.3226889969763012,0.16533612462203764,0.2625725267638834,0.2523026315789474,288.0,0.004592670128389934,1.6300197201988433,3.2213813350798097,0.9871052631578947,0.5319078947368421
budget,feedback.budget_frac,0.3,,1005,Proposed_no_importance,1.4545750237780268,0.18182187797225335,0.18166886262701387,0.26421052631578945,285.3726315789474,0.005097107650898273,1.4981336933971177,3.0557862581928745,0.9836842105263158,0.5330263157894737
budget,feedback.budget_frac,0.3,,1006,Exact,1.8029807198388494,0.22537258997985618,0.014131316820900278,0.23203947368421052,94.41684210526316,0.01909596508034814,1.1839269925856706,2.464414055953097,0.9507894736842105,0.23203947368421052
budget,feedback.budget_frac,0.3,,1006,Optimised,1.5928105966439092,0.19910132458048865,0.2044470025867941,0.22348684210526315,288.0,0.005530592349458018,1.394097115780611,2.832423900215653,0.9571052631578948,0.4863157894736842
budget,feedback.budget_frac,0.3,,1006,Proposed,1.6412129719001136,0.2051516214875142,0.17217413300103646,0.2286842105263158,284.66526315789474,0.0057654135727469675,1.3456947405244064,2.7468470065115884,0.9542105263157895,0.49414473684210525
budget,feedback.budget_frac,0.3,,1006,Baseline,1.659760170863515,0.20747002135793938,0.12190334409554111,0.22855263157894737,256.0,0.0064834381674356055,1.3271475415610052,2.7184166363774604,0.953421052631579,0.5
budget,feedback.budget_frac,0.3,,1006,prediction_only,0.6937941623659234,0.08672427029574042,0.5872918307729434,0.0,0.0,,2.2931135500585964,4.038054667579697,0.9771052631578947,0.0
budget,feedback.budget_frac,0.3,,1006,importance_only,1.5672551979867062,0.19590689974833828,0.22923089370035554,0.10355263157894737,256.0,0.006122090617135571,1.4196525144378136,2.8729260757310384,0.9547368421052631,0.25
budget,feedback.budget_frac,0.3,,1006,snr_threshold,1.252789655098296,0.156598706887287,0.3209889402135164,0.20460526315789473,256.0,0.004893709590227719,1.7341180573262238,3.348757480505524,0.9573684210526315,0.5
budget,feedback.budget_frac,0.3,,1006,full_feedback,1.7772534166144163,0.22215667707680203,0.040302224275746305,0.3319736842105263,1024.0,0.0017355990396625159,1.2096542958101038,2.501231569518583,0.9510526315789474,1.0
budget,feedback.budget_frac,0.3,,1006,Proposed_no_confidence,1.2556233027359012,0.15695291284198765,0.32847792981790036,0.22789473684210526,288.0,0.004359803134499657,1.731284409688619,3.3350668637428336,0.968421052631579,0.532828947368421
budget,feedback.budget_frac,0.3,,1006,Proposed_no_importance,1.6003443506612487,0.2000430438326561,0.17025630449587958,0.24388157894736842,285.45684210526315,0.005606256759721024,1.3865633617632716,2.792799691809743,0.9531578947368421,0.53375
budget,feedback.budget_frac,0.3,,1007,Exact,1.7019208678095743,0.2127401084761968,0.016720885003745866,0.24901315789473685,102.9557894736842,0.016530598973694337,1.199463968468006,2.5111241612235875,0.9576315789473684,0.24901315789473685
budget,feedback.budget_frac,0.3,,1007,Optimised,1.4199185093791695,0.1774898136723962,0.22561670107321738,0.23710526315789474,288.0,0.004930272602011006,1.4814663268984105,3.064979390704188,0.9605263157894737,0.4906578947368421
budget,feedback.budget_frac,0.3,,1007,Proposed,1.5301925182731444,0.19127406478414305,0.18297341543793205,0.25414473684210526,284.4294736842105,0.005379866222907861,1.3711923180044359,2.8270250646299377,0.9607894736842105,0.4980921052631579
budget,feedback.budget_frac,0.3,,1007,Baseline,1.5525798686677856,0.1940724835834732,0.13133604656993497,0.24947368421052632,256.0,0.006064765111983538,1.3488049676097944,2.7789405243801433,0.9615789473684211,0.5
budget,feedback.budget_frac,0.3,,1007,prediction_only,0.3607888812110129,0.04509861015137661,0.7864355383917118,0.0,0.0,,2.5405959550665678,4.561799722700276,0.9881578947368421,0.0
budget,feedback.budget_frac,0.3,,1007,importance_only,1.4471489761543987,0.18089362201929984,0.25714326972723756,0.1125,256.0,0.00565292568810312,1.4542358601231813,2.967289561376591,0.9665789473684211,0.25
budget,feedback.budget_frac,0.3,,1007,snr_threshold,1.1386897292376321,0.14233621615470402,0.34710040252734703,0.22210526315789475,256.0,0.0044480067548345005,1.762695107039948,3.3831182108373365,0.9739473684210527,0.5
budget,feedback.budget_frac,0.3,,1007,full_feedback,1.6695069313544613,0.20868836641930766,0.04523335043571253,0.3568421052631579,1024.0,0.001630377862650841,1.231877904923119,2.5763659929768337,0.9578947368421052,1.0
budget,feedback.budget_frac,0.3,,1007,Proposed_no_confidence,1.150368366295451,0.14379604578693136,0.3444080039656021,0.2475,288.0,0.003994334605192538,1.7510164699821293,3.485260272294687,0.9686842105263158,0.5321710526315789
budget,feedback.budget_frac,0.3,,1007,Proposed_no_importance,1.4862588317858565,0.18578235397323206,0.17858989020027216,0.2674342105263158,285.22105263157897,0.00521090157291321,1.4151260044917238,2.9981701799679255,0.9610526315789474,0.5364473684210527
budget,feedback.budget_frac,0.3,,1008,Exact,1.739644859884111,0.21745560748551387,0.01707048123414881,0.24855263157894736,101.22105263157894,0.017186591273813494,1.249447925129032,2.480890051438771,0.9552631578947368,0.24855263157894736
budget,feedback.budget_frac,0.3,,1008,Optimised,1.4055946525359553,0.1756993315669944,0.24898564691887,0.23144736842105262,288.0,0.0048805369879720666,1.583498132477188,3.1234512938251933,0.9592105263157895,0.4826315789473684
budget,feedback.budget_frac,0.3,,1008,Proposed,1.579001765076219,0.19737522063452737,0.17830135463759794,0.23769736842105263,284.81684210526316,0.005543919922027112,1.4100910199369243,2.7913983695569873,0.9568421052631579,0.49585526315789474
budget,feedback.budget_frac,0.3,,1008,Baseline,1.5919829311788347,0.19899786639735434,0.12922599285702466,0.23848684210526316,256.0,0.006218683324917323,1.3971098538343085,2.716872722618928,0.9568421052631579,0.5
budget,feedback.budget_frac,0.3,,1008,prediction_only,0.5134793417663195,0.06418491772078994,0.7507884389993759,0.0,0.0,,2.4756134432468238,4.265794869577701,0.9878947368421053,0.0
budget,feedback.budget_frac,0.3,,1008,importance_only,1.472249988668561,0.18403124858357012,0.2719091328121913,0.11519736842105263,256.0,0.005750976518236566,1.516842796344582,2.955305182554072,0.9576315789473684,0.25
budget,feedback.budget_frac,0.3,,1008,snr_threshold,1.0183690967445038,0.12729613709306298,0.40199387011888216,0.21855263157894736,256.0,0.003978004284158218,1.9707236882686392,3.583426563953598,0.9757894736842105,0.5
budget,feedback.budget_frac,0.3,,1008,full_feedback,1.711239104723674,0.21390488809045924,0.04716073871974619,0.35855263157894735,1024.0,0.0016711319382067128,1.2778536802894696,2.5264235509666912,0.9552631578947368,1.0
budget,feedback.budget_frac,0.3,,1008,Proposed_no_confidence,1.1886675421584771,0.14858344276980964,0.3372255294539304,0.24421052631578946,288.0,0.0041273178547169345,1.8004252428546663,3.3640665083755246,0.9760526315789474,0.5292105263157895
budget,feedback.budget_frac,0.3,,1008,Proposed_no_importance,1.5531337623340635,0.19414172029175794,0.173307745641527,0.2532236842105263,285.4063157894737,0.0054418338922804805,1.4359590226790797,2.7934959753943303,0.9581578947368421,0.5319736842105263
budget,feedback.budget_frac,0.3,,1009,Exact,1.7886943987258952,0.2235867998407369,0.01609315236690969,0.24625,101.0021052631579,0.017709476392254463,1.198242998999326,2.4987955205569685,0.9139473684210526,0.24625
budget,feedback.budget_frac,0.3,,1009,Optimised,1.557992447471726,0.19474905593396574,0.20444609913856152,0.2267763157894737,288.0,0.005409695998165715,1.428944950253495,2.8900481465229775,0.9273684210526316,0.48585526315789473
budget,feedback.budget_frac,0.3,,1009,Proposed,1.627019165915435,0.20337739573942937,0.17315257271711534,0.23289473684210527,284.66526315789474,0.005715552181767184,1.3599182318097858,2.768482138374416,0.9184210526315789,0.49657894736842106
budget,feedback.budget_frac,0.3,,1009,Baseline,1.6358611016058635,0.20448263770073294,0.1283026566473793,0.23625,256.0,0.006390082428147904,1.3510762961193574,2.746103204447562,0.9205263157894736,0.5
budget,feedback.budget_frac,0.3,,1009,prediction_only,0.3600400610350058,0.045005007629375725,0.7154239369257064,0.0,0.0,,2.6268973366902153,4.38438043588281,0.9278947368421052,0.0
budget,feedback.budget_frac,0.3,,1009,importance_only,1.5394881414169945,0.19243601767712432,0.24215285456662364,0.10526315789473684,256.0,0.006013625552410135,1.4474492563082266,2.9448745762667947,0.9244736842105263,0.25
budget,feedback.budget_frac,0.3,,1009,snr_threshold,1.2478692392895057,0.1559836549111882,0.32103055466657404,0.20782894736842106,256.0,0.0048744892159746315,1.739068158435715,3.2750234694811526,0.9271052631578948,0.5
budget,feedback.budget_frac,0.3,,1009,full_feedback,1.761759556988904,0.220219944623613,0.04288974856607558,0.3458552631578947,1024.0,0.0017204683173719765,1.2251778407363167,2.5451753544505857,0.9142105263157895,1.0
budget,feedback.budget_frac,0.3,,1009,Proposed_no_confidence,1.2303458445860878,0.15379323057326097,0.32066518257026977,0.22861842105263158,288.0,0.0042720341825905825,1.7565915531391332,3.294016538222636,0.9223684210526316,0.5308552631578948
budget,feedback.budget_frac,0.3,,1009,Proposed_no_importance,1.5781259532459009,0.1972657441557376,0.17384405220785282,0.2511184210526316,285.49052631578945,0.0055277699530396655,1.4088114444793203,2.8595568268960263,0.921578947368421,0.530921052631579
budget,feedback.budget_frac,0.5,,1000,Exact,1.8057150977667478,0.22571438722084347,0.013007539018722583,0.23519736842105263,97.31368421052632,0.018555613348892462,1.1818200190433474,2.470504965458071,0.9636842105263158,0.23519736842105263
budget,feedback.budget_frac,0.5,,1000,Optimised,1.5158352008669658,0.18947940010837072,0.21790103116107287,0.23236842105263159,512.0,0.0029606156266932925,1.4716999159431294,2.906968261580211,0.9747368421052631,0.5967763157894737
budget,feedback.budget_frac,0.5,,1000,Proposed,1.5841433704068928,0.1980179213008616,0.18398804841808322,0.23421052631578948,512.0,0.0030940300203259625,1.4033917464032029,2.838893289670472,0.9721052631578947,0.6023026315789474
budget,feedback.budget_frac,0.5,,1000,Baseline,1.7304947660547978,0.21631184575684972,0.07843219480860808,0.39348684210526313,512.0,0.003379872589950777,1.2570403507552976,2.604740454339526,0.9647368421052631,1.0
budget,feedback.budget_frac,0.5,,1000,prediction_only,0.5604923230584768,0.0700615403823096,0.7206056522589006,0.0,0.0,,2.4270427937516184,4.111369390210274,0.9981578947368421,0.0
budget,feedback.budget_frac,0.5,,1000,importance_only,1.718845173921068,0.2148556467401335,0.12393612693873508,0.19046052631578947,512.0,0.003357119480314586,1.2686899428890275,2.637071854080843,0.9663157894736842,0.5
budget,feedback.budget_frac,0.5,,1000,snr_threshold,1.7304947660547978,0.21631184575684972,0.07843219480860808,0.39348684210526313,512.0,0.003379872589950777,1.2570403507552976,2.604740454339526,0.9647368421052631,1.0
budget,feedback.budget_frac,0.5,,1000,full_feedback,1.7798132677326755,0.22247665846658443,0.03993362063267675,0.33631578947368423,1024.0,0.0017380988942701909,1.2077218490774195,2.523089830328595,0.9639473684210527,1.0
budget,feedback.budget_frac,0.5,,1000,Proposed_no_confidence,1.3985912233524558,0.17482390291905697,0.24273022349308274,0.22355263157894736,512.0,0.002731623483110265,1.5889438934576392,3.0444959213414675,0.9686842105263158,0.6091447368421052
budget,feedback.budget_frac,0.5,,1000,Proposed_no_importance,1.4955886676618777,0.1869485834577347,0.2431470681794783,0.21098684210526317,512.0,0.002921071616527105,1.4919464491482177,2.935982485344874,0.9802631578947368,0.5729605263157894
budget,feedback.budget_frac,0.5,,1001,Exact,1.7317558329733886,0.21646947912167358,0.01536091558801526,0.25467105263157896,104.58947368421053,0.016557649369210135,1.2566062910638491,2.6195368544899167,0.9644736842105263,0.25467105263157896
budget,feedback.budget_frac,0.5,,1001,Optimised,1.4536082843218197,0.18170103554022746,0.22226794036166586,0.2536842105263158,512.0,0.002839078680316054,1.534753839715418,3.1013196464383017,0.9765789473684211,0.6079605263157895
budget,feedback.budget_frac,0.5,,1001,Proposed,1.5517087240608367,0.1939635905076046,0.19646528010290332,0.26092105263157894,512.0,0.0030306811016813217,1.4366533999764008,2.910614351208358,0.9715789473684211,0.6184868421052632
budget,feedback.budget_frac,0.5,,1001,Baseline,1.6464116286469765,0.20580145358087207,0.08841720684833024,0.43065789473684213,512.0,0.003215647712201126,1.3419504953902612,2.779020087548275,0.9660526315789474,1.0
budget,feedback.budget_frac,0.5,,1001,prediction_only,0.28560402231742243,0.035700502789677804,0.7492178474273327,0.0,0.0,,2.702758101719815,4.6119984761858595,0.9928947368421053,0.0
budget,feedback.budget_frac,0.5,,1001,importance_only,1.63360817992774,0.2042010224909675,0.13831278328484237,0.2055263157894737,512.0,0.003190640976421367,1.3547539441094978,2.793582510963941,0.9665789473684211,0.5
budget,feedback.budget_frac,0.5,,1001,snr_threshold,1.6464116286469765,0.20580145358087207,0.08841720684833024,0.43065789473684213,512.0,0.003215647712201126,1.3419504953902612,2.779020087548275,0.9660526315789474,1.0
budget,feedback.budget_frac,0.5,,1001,full_feedback,1.7021851489786748,0.21277314362233435,0.04700331991275771,0.36427631578947367,1024.0,0.001662290184549487,1.2861769750585628,2.676673491403858,0.965,1.0
budget,feedback.budget_frac,0.5,,1001,Proposed_no_confidence,1.2881466117009253,0.16101832646261566,0.27648874335451135,0.2601973684210526,512.0,0.0025159113509783696,1.7002155123363125,3.2365307589377514,0.9723684210526315,0.640921052631579
budget,feedback.budget_frac,0.5,,1001,Proposed_no_importance,1.4592587821045047,0.18240734776306308,0.236255047512762,0.25453947368421054,512.0,0.0028501148087978607,1.5291033419327333,3.05144370444418,0.9821052631578947,0.6035526315789473
budget,feedback.budget_frac,0.5,,1002,Exact,1.7266138399033637,0.21582672998792046,0.015243755147839693,0.25414473684210526,106.88,0.01615469535837728,1.2743925472276323,2.6194954612586825,0.9613157894736842,0.25414473684210526
budget,feedback.budget_frac,0.5,,1002,Optimised,1.5028166398032086,0.18785207997540107,0.19916393467167923,0.25743421052631577,512.0,0.0029351887496156417,1.4981897473277872,2.9980685804844183,0.9747368421052631,0.6141447368421052
budget,feedback.budget_frac,0.5,,1002,Proposed,1.5592059600035997,0.19490074500044996,0.16604403010624905,0.26282894736842105,512.0,0.0030453241406320306,1.4418004271273963,2.967374598593188,0.968421052631579,0.6266447368421053
budget,feedback.budget_frac,0.5,,1002,Baseline,1.6340211850714044,0.20425264813392555,0.09122833760889035,0.4342763157894737,512.0,0.0031914476270925867,1.3669852020595916,2.810532027404014,0.9628947368421052,1.0
budget,feedback.budget_frac,0.5,,1002,prediction_only,0.3395303770377915,0.042441297129723936,0.7455971710641429,0.0,0.0,,2.6614760100932044,4.685946666565714,0.9939473684210526,0.0
budget,feedback.budget_frac,0.5,,1002,importance_only,1.6287015687235091,0.20358769609043864,0.13446663887017093,0.20960526315789474,512.0,0.0031810577514131038,1.3723048184074866,2.8378896858051985,0.9623684210526315,0.5
budget,feedback.budget_frac,0.5,,1002,snr_threshold,1.6340211850714044,0.20425264813392555,0.09122833760889035,0.4342763157894737,512.0,0.0031914476270925867,1.3669852020595916,2.810532027404014,0.9628947368421052,1.0
budget,feedback.budget_frac,0.5,,1002,full_feedback,1.6956414489557743,0.21195518111947179,0.04517818146306644,0.3624342105263158,1024.0,0.0016558998524958733,1.305364938175222,2.702766797591136,0.9613157894736842,1.0
budget,feedback.budget_frac,0.5,,1002,Proposed_no_confidence,1.317600134396661,0.16470001679958263,0.27195144177494873,0.2674342105263158,512.0,0.0025734377624934785,1.683406252734335,3.327222925945597,0.9705263157894737,0.6542763157894737
budget,feedback.budget_frac,0.5,,1002,Proposed_no_importance,1.4303322972803716,0.17879153716004645,0.2407074449240757,0.24361842105263157,512.0,0.0027936177681257258,1.5706740898506244,3.1245575744494714,0.98,0.595657894736842
budget,feedback.budget_frac,0.5,,1003,Exact,1.807197225040514,0.22589965313006424,0.012875424536238361,0.22197368421052632,91.45263157894736,0.019761019380622566,1.2528352047462143,2.559355127304135,0.9460526315789474,0.22197368421052632
budget,feedback.budget_frac,0.5,,1003,Optimised,1.6479206028320723,0.20599007535400904,0.15571132867203785,0.22671052631578947,512.0,0.0032185949274063912,1.4121118269546564,2.8643222606410834,0.9523684210526315,0.6052631578947368
budget,feedback.budget_frac,0.5,,1003,Proposed,1.63651258575905,0.20456407321988124,0.16447365722821816,0.2343421052631579,512.0,0.0031963136440606443,1.4235198440276788,2.861117484297185,0.9618421052631579,0.609671052631579
budget,feedback.budget_frac,0.5,,1003,Baseline,1.7308341247809125,0.21635426559761406,0.07976690796339103,0.3829605263157895,512.0,0.0033805353999627197,1.3291983050058158,2.730230806004582,0.9481578947368421,1.0
budget,feedback.budget_frac,0.5,,1003,prediction_only,0.8849159670533857,0.11061449588167321,0.5573427580772633,0.0,0.0,,2.1751164627333424,3.8075067696186378,0.9997368421052631,0.0
budget,feedback.budget_frac,0.5,,1003,importance_only,1.7225304510621429,0.21531630638276786,0.12423131357567774,0.18572368421052632,512.0,0.0033643172872307478,1.3375019787245854,2.734478213703418,0.9489473684210527,0.5
budget,feedback.budget_frac,0.5,,1003,snr_threshold,1.7308341247809125,0.21635426559761406,0.07976690796339103,0.3829605263157895,512.0,0.0033805353999627197,1.3291983050058158,2.730230806004582,0.9481578947368421,1.0
budget,feedback.budget_frac,0.5,,1003,full_feedback,1.7811337134035174,0.22264171417543968,0.04067995813968809,0.3180921052631579,1024.0,0.0017393883919956225,1.278898716383211,2.619191438520998,0.9465789473684211,1.0
budget,feedback.budget_frac,0.5,,1003,Proposed_no_confidence,1.5695870195925863,0.19619837744907329,0.17482732170517257,0.23828947368421052,512.0,0.00306559964764177,1.490445410194142,2.950516686979196,0.9492105263157895,0.6489473684210526
budget,feedback.budget_frac,0.5,,1003,Proposed_no_importance,1.591875989719386,0.19898449871492324,0.18043340817283982,0.22388157894736843,512.0,0.0031091327924206756,1.4681564400673424,2.9110751007126314,0.9602631578947368,0.5982894736842105
budget,feedback.budget_frac,0.5,,1004,Exact,1.7481815355737695,0.2185226919467212,0.01629415567911274,0.2573026315789474,107.03157894736842,0.016333324732445722,1.297060054773419,2.5999301108440376,0.9757894736842105,0.2573026315789474
budget,feedback.budget_frac,0.5,,1004,Optimised,1.5557576076702617,0.19446970095878272,0.19729750965197232,0.2575,512.0,0.00303858907748098,1.489483982676927,2.8987719882037024,0.9857894736842105,0.6115131578947368
budget,feedback.budget_frac,0.5,,1004,Proposed,1.5646558696590676,0.19558198370738344,0.19867858261342408,0.2580921052631579,512.0,0.0030559684954278663,1.4805857206881214,2.895278329716252,0.985,0.614671052631579
budget,feedback.budget_frac,0.5,,1004,Baseline,1.6681843370103908,0.20852304212629885,0.08755654485927342,0.42467105263157895,512.0,0.0032581725332234196,1.377057253336798,2.747405638132898,0.9765789473684211,1.0
budget,feedback.budget_frac,0.5,,1004,prediction_only,0.48934638578060435,0.061168298222575544,0.814252522006713,0.0,0.0,,2.5558952045665846,4.35293882336523,1.0,0.0
budget,feedback.budget_frac,0.5,,1004,importance_only,1.6507429100044635,0.20634286375055794,0.14012951865030743,0.20782894736842106,512.0,0.0032241072461024678,1.3944986803427253,2.77616669186784,0.9768421052631578,0.5
budget,feedback.budget_frac,0.5,,1004,snr_threshold,1.6681843370103908,0.20852304212629885,0.08755654485927342,0.42467105263157895,512.0,0.0032581725332234196,1.377057253336798,2.747405638132898,0.9765789473684211,1.0
budget,feedback.budget_frac,0.5,,1004,full_feedback,1.720293595081942,0.21503669938524275,0.044683813348000076,0.35986842105263156,1024.0,0.001679974213947209,1.3249479952652465,2.6478382196574066,0.9757894736842105,1.0
budget,feedback.budget_frac,0.5,,1004,Proposed_no_confidence,1.4633264562080903,0.1829158070260113,0.221553040002331,0.27098684210526314,512.0,0.0028580594847814264,1.5819151341390985,3.102903825883372,0.9810526315789474,0.6575
budget,feedback.budget_frac,0.5,,1004,Proposed_no_importance,1.5377188450013914,0.19221485562517393,0.20256429036791765,0.24375,512.0,0.0030033571191433427,1.5075227453457976,2.928297355991726,0.9836842105263158,0.5986842105263158
budget,feedback.budget_frac,0.5,,1005,Exact,1.6614156960149404,0.20767696200186755,0.016257351193222674,0.25717105263157897,106.3578947368421,0.015620990807741424,1.291293021160204,2.676640760545206,0.983421052631579,0.25717105263157897
budget,feedback.budget_frac,0.5,,1005,Optimised,1.4886816705737753,0.18608520882172191,0.20153253946607272,0.26572368421052633,512.0,0.002907581387839405,1.4640270466013694,2.9491874054726495,0.9876315789473684,0.6171052631578947
budget,feedback.budget_frac,0.5,,1005,Proposed,1.5040842597269504,0.1880105324658688,0.18654252136394492,0.26473684210526316,512.0,0.0029376645697792,1.4486244574481941,2.9230337130209643,0.9878947368421053,0.6227631578947368
budget,feedback.budget_frac,0.5,,1005,Baseline,1.5726225191944543,0.19657781489930679,0.09133081244440971,0.43546052631578946,512.0,0.0030715283578016685,1.3800861979806902,2.83715946636565,0.983421052631579,1.0
budget,feedback.budget_frac,0.5,,1005,prediction_only,0.5733629976063688,0.0716703747007961,0.7832244373080103,0.0,0.0,,2.379345719568776,4.158392469245509,1.0,0.0
budget,feedback.budget_frac,0.5,,1005,importance_only,1.5643131723659518,0.19553914654574397,0.14092656282300367,0.21578947368421053,512.0,0.0030552991647772496,1.388395544809193,2.869699545604931,0.9844736842105263,0.5
budget,feedback.budget_frac,0.5,,1005,snr_threshold,1.5726225191944543,0.19657781489930679,0.09133081244440971,0.43546052631578946,512.0,0.0030715283578016685,1.3800861979806902,2.83715946636565,0.983421052631579,1.0
budget,feedback.budget_frac,0.5,,1005,full_feedback,1.6314723153716781,0.20393403942145977,0.04677746386834928,0.37414473684210525,1024.0,0.0015932346829801544,1.3212364018034666,2.738660156012136,0.983421052631579,1.0
budget,feedback.budget_frac,0.5,,1005,Proposed_no_confidence,1.3882444763569914,0.17353055954462393,0.21390797198009925,0.2669078947368421,512.0,0.002711414992884749,1.564464240818153,3.124191762947702,0.9855263157894737,0.6390131578947369
budget,feedback.budget_frac,0.5,,1005,Proposed_no_importance,1.3918459810555688,0.1739807476319461,0.23785107632416141,0.24368421052631578,512.0,0.0027184491817491578,1.5608627361195757,3.0837032668558413,0.99,0.5848026315789474
budget,feedback.budget_frac,0.5,,1006,Exact,1.80311312340143,0.22538914042517874,0.013718369416522845,0.23335526315789473,95.5957894736842,0.018861846670535573,1.18379458902309,2.4635304693065327,0.9507894736842105,0.23335526315789473
budget,feedback.budget_frac,0.5,,1006,Optimised,1.6222272947706005,0.20277841184632506,0.18866037809598812,0.24039473684210527,512.0,0.003168412685098829,1.3646804176539196,2.780642357252376,0.9665789473684211,0.6175
budget,feedback.budget_frac,0.5,,1006,Proposed,1.6156107479686197,0.20195134349607746,0.1828513978268853,0.24052631578947367,512.0,0.0031554897421262103,1.3712969644559005,2.768762332692132,0.9631578947368421,0.6229605263157895
budget,feedback.budget_frac,0.5,,1006,Baseline,1.7232461624031667,0.21540577030039584,0.08089034824071814,0.4020394736842105,512.0,0.003365715160943685,1.2636615500213535,2.5947265701181994,0.9521052631578948,1.0
budget,feedback.budget_frac,0.5,,1006,prediction_only,0.6937941623659234,0.08672427029574042,0.5872918307729434,0.0,0.0,,2.2931135500585964,4.038054667579697,0.9771052631578947,0.0
budget,feedback.budget_frac,0.5,,1006,importance_only,1.709693578279139,0.21371169728489237,0.13126328390539085,0.18986842105263158,512.0,0.003339245270076443,1.2772141341453815,2.6395384197507767,0.9531578947368421,0.5
budget,feedback.budget_frac,0.5,,1006,snr_threshold,1.7232461624031667,0.21540577030039584,0.08089034824071814,0.4020394736842105,512.0,0.003365715160943685,1.2636615500213535,2.5947265701181994,0.9521052631578948,1.0
budget,feedback.budget_frac,0.5,,1006,full_feedback,1.7772534166144163,0.22215667707680203,0.040302224275746305,0.3319736842105263,1024.0,0.0017355990396625159,1.2096542958101038,2.501231569518583,0.9510526315789474,1.0
budget,feedback.budget_frac,0.5,,1006,Proposed_no_confidence,1.4390769030702655,0.17988461288378318,0.23325724742094475,0.25473684210526315,512.0,0.0028106970763091123,1.5478308093542548,3.030124737641777,0.9573684210526315,0.6680263157894737
budget,feedback.budget_frac,0.5,,1006,Proposed_no_importance,1.5572269511062007,0.19465336888827509,0.20248304564124475,0.24217105263157895,512.0,0.003041458888879298,1.4296807613183193,2.867586555829853,0.9778947368421053,0.6083552631578948
budget,feedback.budget_frac,0.5,,1007,Exact,1.7020054012561736,0.2127506751570217,0.016038790239684908,0.25046052631578947,104.47157894736841,0.016291563872252994,1.1993794350214069,2.5110154484955207,0.9576315789473684,0.25046052631578947
budget,feedback.budget_frac,0.5,,1007,Optimised,1.5071812718737136,0.1883976589842142,0.20524750273248724,0.2600657894736842,512.0,0.002943713421628347,1.3942035644038664,2.8665633387833087,0.9726315789473684,0.6177631578947368
budget,feedback.budget_frac,0.5,,1007,Proposed,1.5200105350323425,0.19000131687904281,0.19985902393197397,0.26144736842105265,512.0,0.002968770576235044,1.3813743012452375,2.8151592835487063,0.9755263157894737,0.6229605263157895
budget,feedback.budget_frac,0.5,,1007,Baseline,1.6142984065477595,0.20178730081846993,0.09015250071159388,0.4311184210526316,512.0,0.0031529265752885927,1.2870864297298206,2.6845463285644686,0.96,1.0
budget,feedback.budget_frac,0.5,,1007,prediction_only,0.3607888812110129,0.04509861015137661,0.7864355383917118,0.0,0.0,,2.5405959550665678,4.561799722700276,0.9881578947368421,0.0
budget,feedback.budget_frac,0.5,,1007,importance_only,1.60178360530626,0.2002229506632825,0.13906132469072185,0.2048684210526316,512.0,0.003128483604113789,1.2996012309713205,2.6894052024561974,0.9602631578947368,0.5
budget,feedback.budget_frac,0.5,,1007,snr_threshold,1.6142984065477595,0.20178730081846993,0.09015250071159388,0.4311184210526316,512.0,0.0031529265752885927,1.2870864297298206,2.6845463285644686,0.96,1.0
budget,feedback.budget_frac,0.5,,1007,full_feedback,1.6695069313544613,0.20868836641930766,0.04523335043571253,0.3568421052631579,1024.0,0.001630377862650841,1.231877904923119,2.5763659929768337,0.9578947368421052,1.0
budget,feedback.budget_frac,0.5,,1007,Proposed_no_confidence,1.3166648117858428,0.16458310147323035,0.2645237013955661,0.26401315789473684,512.0,0.0025716109605192243,1.5847200244917374,3.2351663531547055,0.9692105263157895,0.654342105263158
budget,feedback.budget_frac,0.5,,1007,Proposed_no_importance,1.4730216064101778,0.18412770080127222,0.22020480115874078,0.2501973684210526,512.0,0.0028769953250198784,1.4283632298674025,2.889836493582805,0.9763157894736842,0.6027631578947369
budget,feedback.budget_frac,0.5,,1008,Exact,1.7398976920025522,0.21748721150031902,0.015800731000086374,0.2513815789473684,103.89894736842105,0.016746056972386375,1.2491950930105913,2.4799435341426332,0.9552631578947368,0.2513815789473684
budget,feedback.budget_frac,0.5,,1008,Optimised,1.5694601839006428,0.19618252298758035,0.17711732590521592,0.24848684210526314,512.0,0.003065351921680943,1.4196326011125002,2.7646089828228377,0.9605263157894737,0.625328947368421
budget,feedback.budget_frac,0.5,,1008,Proposed,1.5329161626121746,0.19161452032652182,0.1835724806121269,0.25144736842105264,512.0,0.0029939768801019034,1.4561766224009687,2.9369056495278554,0.9578947368421052,0.6223684210526316
budget,feedback.budget_frac,0.5,,1008,Baseline,1.6572423274669683,0.20715529093337104,0.08731153295455388,0.4234210526315789,512.0,0.0032368014208339225,1.3318504575461747,2.6224905633014,0.9571052631578948,1.0
budget,feedback.budget_frac,0.5,,1008,prediction_only,0.5134793417663195,0.06418491772078994,0.7507884389993759,0.0,0.0,,2.4756134432468238,4.265794869577701,0.9878947368421053,0.0
budget,feedback.budget_frac,0.5,,1008,importance_only,1.6462495152195886,0.20578118940244858,0.13766350731001256,0.20532894736842106,512.0,0.003215331084413259,1.3428432697935544,2.656649693691567,0.9573684210526315,0.5
budget,feedback.budget_frac,0.5,,1008,snr_threshold,1.6572423274669683,0.20715529093337104,0.08731153295455388,0.4234210526315789,512.0,0.0032368014208339225,1.3318504575461747,2.6224905633014,0.9571052631578948,1.0
budget,feedback.budget_frac,0.5,,1008,full_feedback,1.711239104723674,0.21390488809045924,0.04716073871974619,0.35855263157894735,1024.0,0.0016711319382067128,1.2778536802894696,2.5264235509666912,0.9552631578947368,1.0
budget,feedback.budget_frac,0.5,,1008,Proposed_no_confidence,1.3673609293675537,0.17092011617094421,0.2464443657683832,0.2643421052631579,512.0,0.0026706268151710033,1.6217318556455895,3.0448962980811594,0.965,0.658157894736842
budget,feedback.budget_frac,0.5,,1008,Proposed_no_importance,1.5032981698242034,0.18791227122802542,0.22100155293789367,0.23401315789473684,512.0,0.0029361292379378972,1.4857946151889396,2.8511343669858085,0.966842105263158,0.5948026315789474
budget,feedback.budget_frac,0.5,,1009,Exact,1.7888595103992653,0.22360743879990816,0.0154069804378925,0.24789473684210525,102.61894736842105,0.017432058662392315,1.1980778873259557,2.4986978847434997,0.9139473684210526,0.24789473684210525
budget,feedback.budget_frac,0.5,,1009,Optimised,1.6353137673022555,0.20441422091278194,0.15781085914647075,0.25026315789473685,512.0,0.003193972201762218,1.3516236304229652,2.810242815616919,0.9228947368421052,0.6238815789473684
budget,feedback.budget_frac,0.5,,1009,Proposed,1.6275310588387133,0.20344138235483916,0.1535203852748903,0.2513815789473684,512.0,0.003178771599294362,1.3594063388865072,2.751903083512957,0.9231578947368421,0.6255263157894737
budget,feedback.budget_frac,0.5,,1009,Baseline,1.7059923570160618,0.21324904462700772,0.08357294079496871,0.41157894736842104,512.0,0.0033320163222969957,1.2809450407091592,2.6528294430173003,0.9163157894736842,1.0
budget,feedback.budget_frac,0.5,,1009,prediction_only,0.3600400610350058,0.045005007629375725,0.7154239369257064,0.0,0.0,,2.6268973366902153,4.38438043588281,0.9278947368421052,0.0
budget,feedback.budget_frac,0.5,,1009,importance_only,1.6984109787436952,0.2123013723429619,0.12995571067846676,0.19657894736842105,512.0,0.0033172089428587796,1.2885264189815255,2.640900872097843,0.9173684210526316,0.5
budget,feedback.budget_frac,0.5,,1009,snr_threshold,1.7059923570160618,0.21324904462700772,0.08357294079496871,0.41157894736842104,512.0,0.0033320163222969957,1.2809450407091592,2.6528294430173003,0.9163157894736842,1.0
budget,feedback.budget_frac,0.5,,1009,full_feedback,1.761759556988904,0.220219944623613,0.04288974856607558,0.3458552631578947,1024.0,0.0017204683173719765,1.2251778407363167,2.5451753544505857,0.9142105263157895,1.0
budget,feedback.budget_frac,0.5,,1009,Proposed_no_confidence,1.4113479071968948,0.17641848839961186,0.23580425191840235,0.26921052631578946,512.0,0.0027565388812439352,1.5755894905283256,3.064817829891312,0.9226315789473685,0.6675657894736842
budget,feedback.budget_frac,0.5,,1009,Proposed_no_importance,1.5519551893224974,0.19399439866531218,0.19195796534612483,0.24539473684210528,512.0,0.003031162479145503,1.4349822084027233,2.8876488071523836,0.945,0.6061842105263158
budget,feedback.budget_frac,0.75,,1000,Exact,1.8057150977667478,0.22571438722084347,0.013007539018722583,0.23519736842105263,97.31368421052632,0.018555613348892462,1.1818200190433474,2.470504965458071,0.9636842105263158,0.23519736842105263
budget,feedback.budget_frac,0.75,,1000,Optimised,1.7429510475246512,0.2178688809405814,0.08599051966757133,0.3018421052631579,768.0,0.002269467509797723,1.2445840692854437,2.572707642670158,0.965,0.8329605263157894
budget,feedback.budget_frac,0.75,,1000,Proposed,1.75013585532801,0.21876698191600125,0.08467335771844166,0.30473684210526314,768.0,0.00227882272829168,1.2373992614820852,2.5656794739514113,0.9647368421052631,0.8380921052631579
budget,feedback.budget_frac,0.75,,1000,Baseline,1.7304947660547978,0.21631184575684972,0.07843219480860808,0.39348684210526313,512.0,0.003379872589950777,1.2570403507552976,2.604740454339526,0.9647368421052631,1.0
budget,feedback.budget_frac,0.75,,1000,prediction_only,0.5604923230584768,0.0700615403823096,0.7206056522589006,0.0,0.0,,2.4270427937516184,4.111369390210274,0.9981578947368421,0.0
budget,feedback.budget_frac,0.75,,1000,importance_only,1.7655756348480662,0.22069695435600828,0.06966647186135594,0.26473684210526316,768.0,0.0022989266078750864,1.2219594819620287,2.5506683920063127,0.9647368421052631,0.75
budget,feedback.budget_frac,0.75,,1000,snr_threshold,1.7304947660547978,0.21631184575684972,0.07843219480860808,0.39348684210526313,512.0,0.003379872589950777,1.2570403507552976,2.604740454339526,0.9647368421052631,1.0
budget,feedback.budget_frac,0.75,,1000,full_feedback,1.7798132677326755,0.22247665846658443,0.03993362063267675,0.33631578947368423,1024.0,0.0017380988942701909,1.2077218490774195,2.523089830328595,0.9639473684210527,1.0
budget,feedback.budget_frac,0.75,,1000,Proposed_no_confidence,1.711886667257607,0.21398583340720087,0.0900630088732787,0.31763157894736843,768.0,0.0022290190979916756,1.2756484495524882,2.6431392482268787,0.9639473684210527,0.8826973684210526
budget,feedback.budget_frac,0.75,,1000,Proposed_no_importance,1.7255423125465785,0.21569278906832232,0.09945981486967817,0.29848684210526316,768.0,0.0022467998861283576,1.261992804263517,2.6032767096988314,0.9644736842105263,0.8211184210526316
budget,feedback.budget_frac,0.75,,1001,Exact,1.7317569875215937,0.2164696234401992,0.015358531728258643,0.2548026315789474,104.67368421052632,0.016544339683683768,1.2566051365156443,2.6195368544899167,0.9644736842105263,0.2548026315789474
budget,feedback.budget_frac,0.75,,1001,Optimised,1.6610168794515974,0.20762710993144967,0.09674590172182225,0.3276973684210526,768.0,0.0021627823951192674,1.3273452445856402,2.7345054521958554,0.9671052631578947,0.8386842105263158
budget,feedback.budget_frac,0.75,,1001,Proposed,1.6614860707136845,0.20768575883921056,0.09477801006504735,0.32894736842105265,768.0,0.0021633933212417767,1.3268760533235533,2.738760102626832,0.966842105263158,0.8407236842105263
budget,feedback.budget_frac,0.75,,1001,Baseline,1.6464116286469765,0.20580145358087207,0.08841720684833024,0.43065789473684213,512.0,0.003215647712201126,1.3419504953902612,2.779020087548275,0.9660526315789474,1.0
budget,feedback.budget_frac,0.75,,1001,prediction_only,0.28560402231742243,0.035700502789677804,0.7492178474273327,0.0,0.0,,2.702758101719815,4.6119984761858595,0.9928947368421053,0.0
budget,feedback.budget_frac,0.75,,1001,importance_only,1.6858625055529888,0.2107328131941236,0.07984394171238002,0.28901315789473686,768.0,0.0021951334707721207,1.3024996184842492,2.6964366808606637,0.965,0.75
budget,feedback.budget_frac,0.75,,1001,snr_threshold,1.6464116286469765,0.20580145358087207,0.08841720684833024,0.43065789473684213,512.0,0.003215647712201126,1.3419504953902612,2.779020087548275,0.9660526315789474,1.0
budget,feedback.budget_frac,0.75,,1001,full_feedback,1.7021851489786748,0.21277314362233435,0.04700331991275771,0.36427631578947367,1024.0,0.001662290184549487,1.2861769750585628,2.676673491403858,0.965,1.0
budget,feedback.budget_frac,0.75,,1001,Proposed_no_confidence,1.6304992958568323,0.20381241198210404,0.10372309447439602,0.3589473684210526,768.0,0.002123045958146917,1.3578628281804055,2.7599789560722856,0.9665789473684211,0.9029605263157895
budget,feedback.budget_frac,0.75,,1001,Proposed_no_importance,1.6433090971893531,0.20541363714866914,0.10352181641753733,0.32960526315789473,768.0,0.0021397253869653034,1.3450530268478844,2.753179782021075,0.9678947368421053,0.8335526315789473
budget,feedback.budget_frac,0.75,,1002,Exact,1.7266138399033637,0.21582672998792046,0.015243755147839693,0.25414473684210526,106.88,0.01615469535837728,1.2743925472276323,2.6194954612586825,0.9613157894736842,0.25414473684210526
budget,feedback.budget_frac,0.75,,1002,Optimised,1.6548499503132879,0.20685624378916098,0.10066072171784483,0.32894736842105265,768.0,0.002154752539470427,1.3461564368177084,2.775286962876425,0.9636842105263158,0.8393421052631579
budget,feedback.budget_frac,0.75,,1002,Proposed,1.6623134686058754,0.20778918357573442,0.0972504480774263,0.3307894736842105,768.0,0.0021644706622472335,1.3386929185251208,2.7621773626875243,0.9631578947368421,0.8423684210526315
budget,feedback.budget_frac,0.75,,1002,Baseline,1.6340211850714044,0.20425264813392555,0.09122833760889035,0.4342763157894737,512.0,0.0031914476270925867,1.3669852020595916,2.810532027404014,0.9628947368421052,1.0
budget,feedback.budget_frac,0.75,,1002,prediction_only,0.3395303770377915,0.042441297129723936,0.7455971710641429,0.0,0.0,,2.6614760100932044,4.685946666565714,0.9939473684210526,0.0
budget,feedback.budget_frac,0.75,,1002,importance_only,1.6797044345062213,0.20996305431327766,0.07775752250312291,0.2950657894736842,768.0,0.0021871151490966425,1.3213019526247747,2.72073793770617,0.9615789473684211,0.75
budget,feedback.budget_frac,0.75,,1002,snr_threshold,1.6340211850714044,0.20425264813392555,0.09122833760889035,0.4342763157894737,512.0,0.0031914476270925867,1.3669852020595916,2.810532027404014,0.9628947368421052,1.0
budget,feedback.budget_frac,0.75,,1002,full_feedback,1.6956414489557743,0.21195518111947179,0.04517818146306644,0.3624342105263158,1024.0,0.0016558998524958733,1.305364938175222,2.702766797591136,0.9613157894736842,1.0
budget,feedback.budget_frac,0.75,,1002,Proposed_no_confidence,1.6035542408489853,0.20044428010612317,0.11177007340369097,0.35026315789473683,768.0,0.0020879612511054495,1.3974521462820106,2.8691557475296903,0.9618421052631579,0.8928947368421053
budget,feedback.budget_frac,0.75,,1002,Proposed_no_importance,1.6011345540952309,0.20014181926190386,0.1427877602941278,0.3194736842105263,768.0,0.0020848106173114987,1.3998718330357656,2.8291822911304187,0.9742105263157895,0.8231578947368421
budget,feedback.budget_frac,0.75,,1003,Exact,1.807197225040514,0.22589965313006424,0.012875424536238361,0.22197368421052632,91.45263157894736,0.019761019380622566,1.2528352047462143,2.559355127304135,0.9460526315789474,0.22197368421052632
budget,feedback.budget_frac,0.75,,1003,Optimised,1.753943904912907,0.21924298811411339,0.07707483253605578,0.295,768.0,0.002283781126188681,1.3060885248738214,2.6698065724978837,0.9494736842105264,0.8335526315789473
budget,feedback.budget_frac,0.75,,1003,Proposed,1.7587427420876687,0.21984284276095858,0.07720839844637979,0.2949342105263158,768.0,0.0022900296120933186,1.3012896876990598,2.649282036646603,0.9489473684210527,0.8363157894736842
budget,feedback.budget_frac,0.75,,1003,Baseline,1.7308341247809125,0.21635426559761406,0.07976690796339103,0.3829605263157895,512.0,0.0033805353999627197,1.3291983050058158,2.730230806004582,0.9481578947368421,1.0
budget,feedback.budget_frac,0.75,,1003,prediction_only,0.8849159670533857,0.11061449588167321,0.5573427580772633,0.0,0.0,,2.1751164627333424,3.8075067696186378,0.9997368421052631,0.0
budget,feedback.budget_frac,0.75,,1003,importance_only,1.767473970658147,0.22093424633226838,0.06909140981921376,0.25355263157894736,768.0,0.002301398399294462,1.2925584591285817,2.6413640638625684,0.9471052631578948,0.75
budget,feedback.budget_frac,0.75,,1003,snr_threshold,1.7308341247809125,0.21635426559761406,0.07976690796339103,0.3829605263157895,512.0,0.0033805353999627197,1.3291983050058158,2.730230806004582,0.9481578947368421,1.0
budget,feedback.budget_frac,0.75,,1003,full_feedback,1.7811337134035174,0.22264171417543968,0.04067995813968809,0.3180921052631579,1024.0,0.0017393883919956225,1.278898716383211,2.619191438520998,0.9465789473684211,1.0
budget,feedback.budget_frac,0.75,,1003,Proposed_no_confidence,1.7420239691238957,0.21775299614048696,0.07736002497005073,0.3117105263157895,768.0,0.002268260376463406,1.318008460662833,2.6943067382165604,0.9481578947368421,0.8910526315789473
budget,feedback.budget_frac,0.75,,1003,Proposed_no_importance,1.7351614180603825,0.2168951772575478,0.08587325183317165,0.2894078947368421,768.0,0.0022593247630994565,1.3248710117263458,2.684350189146899,0.9497368421052632,0.8275657894736842
budget,feedback.budget_frac,0.75,,1004,Exact,1.7481815355737695,0.2185226919467212,0.01629415567911274,0.2573026315789474,107.03157894736842,0.016333324732445722,1.297060054773419,2.5999301108440376,0.9757894736842105,0.2573026315789474
budget,feedback.budget_frac,0.75,,1004,Optimised,1.6803376597410216,0.2100422074676277,0.08997676115513215,0.32789473684210524,768.0,0.0021879396611211217,1.3649039306061672,2.7413248517244404,0.9757894736842105,0.8397368421052631
budget,feedback.budget_frac,0.75,,1004,Proposed,1.6912472931053228,0.21140591163816536,0.08834945664506574,0.3299342105263158,768.0,0.002202144912897556,1.353994297241866,2.7103082513390824,0.9757894736842105,0.8432894736842105
budget,feedback.budget_frac,0.75,,1004,Baseline,1.6681843370103908,0.20852304212629885,0.08755654485927342,0.42467105263157895,512.0,0.0032581725332234196,1.377057253336798,2.747405638132898,0.9765789473684211,1.0
budget,feedback.budget_frac,0.75,,1004,prediction_only,0.48934638578060435,0.061168298222575544,0.814252522006713,0.0,0.0,,2.5558952045665846,4.35293882336523,1.0,0.0
budget,feedback.budget_frac,0.75,,1004,importance_only,1.7026201854349758,0.21282752317937198,0.0796993613726151,0.2897368421052632,768.0,0.0022169533664517915,1.3426214049122127,2.686832575599639,0.9760526315789474,0.75
budget,feedback.budget_frac,0.75,,1004,snr_threshold,1.6681843370103908,0.20852304212629885,0.08755654485927342,0.42467105263157895,512.0,0.0032581725332234196,1.377057253336798,2.747405638132898,0.9765789473684211,1.0
budget,feedback.budget_frac,0.75,,1004,full_feedback,1.720293595081942,0.21503669938524275,0.044683813348000076,0.35986842105263156,1024.0,0.001679974213947209,1.3249479952652465,2.6478382196574066,0.9757894736842105,1.0
budget,feedback.budget_frac,0.75,,1004,Proposed_no_confidence,1.6344004124375886,0.20430005155469858,0.10995753080293923,0.3323684210526316,768.0,0.00212812553702811,1.4108411779096002,2.8166799108287344,0.98,0.8564473684210526
budget,feedback.budget_frac,0.75,,1004,Proposed_no_importance,1.660816584676227,0.20760207308452838,0.09861889631282392,0.32243421052631577,768.0,0.002162521594630504,1.384425005670962,2.7567037874506113,0.9763157894736842,0.8329605263157894
budget,feedback.budget_frac,0.75,,1005,Exact,1.6614156960149404,0.20767696200186755,0.016257351193222674,0.25717105263157897,106.3578947368421,0.015620990807741424,1.291293021160204,2.676640760545206,0.983421052631579,0.25717105263157897
budget,feedback.budget_frac,0.75,,1005,Optimised,1.5992788671064653,0.19990985838830816,0.09882365957316984,0.33848684210526314,768.0,0.0020823943582115433,1.3534298500686794,2.7985724012508753,0.9842105263157894,0.8396710526315789
budget,feedback.budget_frac,0.75,,1005,Proposed,1.6054233442030343,0.2006779180253793,0.09552598352513772,0.34098684210526314,768.0,0.0020903949794310343,1.3472853729721102,2.7906342439076175,0.9842105263157894,0.8414473684210526
budget,feedback.budget_frac,0.75,,1005,Baseline,1.5726225191944543,0.19657781489930679,0.09133081244440971,0.43546052631578946,512.0,0.0030715283578016685,1.3800861979806902,2.83715946636565,0.983421052631579,1.0
budget,feedback.budget_frac,0.75,,1005,prediction_only,0.5733629976063688,0.0716703747007961,0.7832244373080103,0.0,0.0,,2.379345719568776,4.158392469245509,1.0,0.0
budget,feedback.budget_frac,0.75,,1005,importance_only,1.6173447325562809,0.2021680915695351,0.07872854151343138,0.2981578947368421,768.0,0.0021059176205159907,1.3353639846188636,2.7700920984726896,0.9836842105263158,0.75
budget,feedback.budget_frac,0.75,,1005,snr_threshold,1.5726225191944543,0.19657781489930679,0.09133081244440971,0.43546052631578946,512.0,0.0030715283578016685,1.3800861979806902,2.83715946636565,0.983421052631579,1.0
budget,feedback.budget_frac,0.75,,1005,full_feedback,1.6314723153716781,0.20393403942145977,0.04677746386834928,0.37414473684210525,1024.0,0.0015932346829801544,1.3212364018034666,2.738660156012136,0.983421052631579,1.0
budget,feedback.budget_frac,0.75,,1005,Proposed_no_confidence,1.580292306289414,0.19753653828617676,0.10375324545025862,0.3630921052631579,768.0,0.0020576722738143414,1.3724164108857306,2.850138067613638,0.9842105263157894,0.8974342105263158
budget,feedback.budget_frac,0.75,,1005,Proposed_no_importance,1.571661649966183,0.19645770624577288,0.11055929718188838,0.329078947368421,768.0,0.0020464344400601344,1.3810470672089614,2.8716838107393854,0.9839473684210527,0.8269078947368421
budget,feedback.budget_frac,0.75,,1006,Exact,1.80311312340143,0.22538914042517874,0.013718369416522845,0.23335526315789473,95.5957894736842,0.018861846670535573,1.18379458902309,2.4635304693065327,0.9507894736842105,0.23335526315789473
budget,feedback.budget_frac,0.75,,1006,Optimised,1.7467789709570645,0.21834737136963306,0.08194281865966388,0.30546052631578946,768.0,0.0022744517851003444,1.2401287414674556,2.545721792976867,0.9521052631578948,0.8382236842105263
budget,feedback.budget_frac,0.75,,1006,Proposed,1.7499551786632133,0.21874439733290166,0.08119452321311277,0.3088815789473684,768.0,0.0022785874722177257,1.2369525337613065,2.539175897798631,0.9521052631578948,0.84375
budget,feedback.budget_frac,0.75,,1006,Baseline,1.7232461624031667,0.21540577030039584,0.08089034824071814,0.4020394736842105,512.0,0.003365715160943685,1.2636615500213535,2.5947265701181994,0.9521052631578948,1.0
budget,feedback.budget_frac,0.75,,1006,prediction_only,0.6937941623659234,0.08672427029574042,0.5872918307729434,0.0,0.0,,2.2931135500585964,4.038054667579697,0.9771052631578947,0.0
budget,feedback.budget_frac,0.75,,1006,importance_only,1.7614030460393377,0.22017538075491722,0.07165682365149585,0.26664473684210527,768.0,0.0022934935495303875,1.2255046663851825,2.525071681391316,0.9507894736842105,0.75
budget,feedback.budget_frac,0.75,,1006,snr_threshold,1.7232461624031667,0.21540577030039584,0.08089034824071814,0.4020394736842105,512.0,0.003365715160943685,1.2636615500213535,2.5947265701181994,0.9521052631578948,1.0
budget,feedback.budget_frac,0.75,,1006,full_feedback,1.7772534166144163,0.22215667707680203,0.040302224275746305,0.3319736842105263,1024.0,0.0017355990396625159,1.2096542958101038,2.501231569518583,0.9510526315789474,1.0
budget,feedback.budget_frac,0.75,,1006,Proposed_no_confidence,1.7362737560248607,0.21703421950310758,0.08361502027802975,0.3311842105263158,768.0,0.002260773119824037,1.2506339563996596,2.583512043553273,0.9518421052631579,0.9053947368421053
budget,feedback.budget_frac,0.75,,1006,Proposed_no_importance,1.7171113779938079,0.21463892224922598,0.0952780943036742,0.2968421052631579,768.0,0.0022358221067627707,1.2697963344307124,2.5907343546277133,0.9544736842105264,0.8286842105263158
budget,feedback.budget_frac,0.75,,1007,Exact,1.7020054012561736,0.2127506751570217,0.016038790239684908,0.25046052631578947,104.47157894736841,0.016291563872252994,1.1993794350214069,2.5110154484955207,0.9576315789473684,0.25046052631578947
budget,feedback.budget_frac,0.75,,1007,Optimised,1.6209106706516612,0.20261383383145765,0.10529264291332838,0.32493421052631577,768.0,0.002110560769077684,1.280474165625919,2.6398503651723764,0.9631578947368421,0.8334868421052631
budget,feedback.budget_frac,0.75,,1007,Proposed,1.629976768611924,0.2037470960764905,0.09890559101506016,0.33111842105263156,768.0,0.0021223655841301095,1.2714080676656563,2.621897578335691,0.9628947368421052,0.8407894736842105
budget,feedback.budget_frac,0.75,,1007,Baseline,1.6142984065477595,0.20178730081846993,0.09015250071159388,0.4311184210526316,512.0,0.0031529265752885927,1.2870864297298206,2.6845463285644686,0.96,1.0
budget,feedback.budget_frac,0.75,,1007,prediction_only,0.3607888812110129,0.04509861015137661,0.7864355383917118,0.0,0.0,,2.5405959550665678,4.561799722700276,0.9881578947368421,0.0
budget,feedback.budget_frac,0.75,,1007,importance_only,1.652756624037472,0.206594578004684,0.07876518288760691,0.285,768.0,0.0021520268542154584,1.248628212240108,2.601326289619901,0.9581578947368421,0.75
budget,feedback.budget_frac,0.75,,1007,snr_threshold,1.6142984065477595,0.20178730081846993,0.09015250071159388,0.4311184210526316,512.0,0.0031529265752885927,1.2870864297298206,2.6845463285644686,0.96,1.0
budget,feedback.budget_frac,0.75,,1007,full_feedback,1.6695069313544613,0.20868836641930766,0.04523335043571253,0.3568421052631579,1024.0,0.001630377862650841,1.231877904923119,2.5763659929768337,0.9578947368421052,1.0
budget,feedback.budget_frac,0.75,,1007,Proposed_no_confidence,1.5901821648920025,0.1987727706115003,0.1062221673716982,0.34480263157894736,768.0,0.002070549693869795,1.3112026713855776,2.7102027836012375,0.9610526315789474,0.8932894736842105
budget,feedback.budget_frac,0.75,,1007,Proposed_no_importance,1.617647961338535,0.20220599516731688,0.10162675324615998,0.3238157894736842,768.0,0.002106312449659551,1.2837368749390454,2.6642016145125536,0.9615789473684211,0.8320394736842105
budget,feedback.budget_frac,0.75,,1008,Exact,1.7398976920025522,0.21748721150031902,0.015800731000086374,0.2513815789473684,103.89894736842105,0.016746056972386375,1.2491950930105913,2.4799435341426332,0.9552631578947368,0.2513815789473684
budget,feedback.budget_frac,0.75,,1008,Optimised,1.6772266523791433,0.2096533315473929,0.09257944963080822,0.3194736842105263,768.0,0.0021838888702853426,1.311866132634,2.579692951612953,0.9557894736842105,0.8375
budget,feedback.budget_frac,0.75,,1008,Proposed,1.679688833952643,0.20996110424408038,0.09843642745079485,0.32125,768.0,0.0021870948358758374,1.3094039510605004,2.612761973284064,0.9560526315789474,0.8419078947368421
budget,feedback.budget_frac,0.75,,1008,Baseline,1.6572423274669683,0.20715529093337104,0.08731153295455388,0.4234210526315789,512.0,0.0032368014208339225,1.3318504575461747,2.6224905633014,0.9571052631578948,1.0
budget,feedback.budget_frac,0.75,,1008,prediction_only,0.5134793417663195,0.06418491772078994,0.7507884389993759,0.0,0.0,,2.4756134432468238,4.265794869577701,0.9878947368421053,0.0
budget,feedback.budget_frac,0.75,,1008,importance_only,1.6966716523803531,0.21208395654754414,0.07700730757557654,0.28769736842105265,768.0,0.0022092078807035846,1.2924211326327903,2.550634240129779,0.9552631578947368,0.75
budget,feedback.budget_frac,0.75,,1008,snr_threshold,1.6572423274669683,0.20715529093337104,0.08731153295455388,0.4234210526315789,512.0,0.0032368014208339225,1.3318504575461747,2.6224905633014,0.9571052631578948,1.0
budget,feedback.budget_frac,0.75,,1008,full_feedback,1.711239104723674,0.21390488809045924,0.04716073871974619,0.35855263157894735,1024.0,0.0016711319382067128,1.2778536802894696,2.5264235509666912,0.9552631578947368,1.0
budget,feedback.budget_frac,0.75,,1008,Proposed_no_confidence,1.639056574211592,0.204882071776449,0.10355605557997598,0.3356578947368421,768.0,0.0021341882476713435,1.3500362108015511,2.6319043017778045,0.9563157894736842,0.8815131578947368
budget,feedback.budget_frac,0.75,,1008,Proposed_no_importance,1.6508894580588946,0.20636118225736183,0.10546435771501082,0.3198026315789474,768.0,0.0021495956485141857,1.3382033269542488,2.6399833193735867,0.9571052631578948,0.8369078947368421
budget,feedback.budget_frac,0.75,,1009,Exact,1.7888595103992653,0.22360743879990816,0.0154069804378925,0.24789473684210525,102.61894736842105,0.017432058662392315,1.1980778873259557,2.4986978847434997,0.9139473684210526,0.24789473684210525
budget,feedback.budget_frac,0.75,,1009,Optimised,1.7188843104352332,0.21486053880440414,0.08970776050542213,0.31796052631578947,768.0,0.0022381306125458765,1.268053087289988,2.625819748839438,0.9173684210526316,0.8394736842105263
budget,feedback.budget_frac,0.75,,1009,Proposed,1.734036746686471,0.21675459333580888,0.08431497156174386,0.32223684210526315,768.0,0.002257860347248009,1.25290065103875,2.5831258436900333,0.9173684210526316,0.845657894736842
budget,feedback.budget_frac,0.75,,1009,Baseline,1.7059923570160618,0.21324904462700772,0.08357294079496871,0.41157894736842104,512.0,0.0033320163222969957,1.2809450407091592,2.6528294430173003,0.9163157894736842,1.0
budget,feedback.budget_frac,0.75,,1009,prediction_only,0.3600400610350058,0.045005007629375725,0.7154239369257064,0.0,0.0,,2.6268973366902153,4.38438043588281,0.9278947368421052,0.0
budget,feedback.budget_frac,0.75,,1009,importance_only,1.7477143078069655,0.21846428847587068,0.0736355954387587,0.27407894736842103,768.0,0.002275669671623653,1.2392230899182555,2.5726899767514757,0.9155263157894736,0.75
budget,feedback.budget_frac,0.75,,1009,snr_threshold,1.7059923570160618,0.21324904462700772,0.08357294079496871,0.41157894736842104,512.0,0.0033320163222969957,1.2809450407091592,2.6528294430173003,0.9163157894736842,1.0
budget,feedback.budget_frac,0.75,,1009,full_feedback,1.761759556988904,0.220219944623613,0.04288974856607558,0.3458552631578947,1024.0,0.0017204683173719765,1.2251778407363167,2.5451753544505857,0.9142105263157895,1.0
budget,feedback.budget_frac,0.75,,1009,Proposed_no_confidence,1.7072072471457742,0.21340090589322178,0.09175204602669616,0.34348684210526315,768.0,0.0022229261030543936,1.2797301505794465,2.6019228003329262,0.9181578947368421,0.9025657894736843
budget,feedback.budget_frac,0.75,,1009,Proposed_no_importance,1.6919459604906042,0.21149324506132552,0.10915553997304626,0.3119078947368421,768.0,0.002203054636055474,1.2949914372346167,2.6065186437475454,0.925,0.8286842105263158
budget,feedback.budget_frac,1.0,,1000,Exact,1.8057150977667478,0.22571438722084347,0.013007539018722583,0.23519736842105263,97.31368421052632,0.018555613348892462,1.1818200190433474,2.470504965458071,0.9636842105263158,0.23519736842105263
budget,feedback.budget_frac,1.0,,1000,Optimised,1.7798132677326755,0.22247665846658443,0.03993362063267675,0.33631578947368423,1024.0,0.0017380988942701909,1.2077218490774195,2.523089830328595,0.9639473684210527,1.0
budget,feedback.budget_frac,1.0,,1000,Proposed,1.7798132677326755,0.22247665846658443,0.03993362063267675,0.33631578947368423,1024.0,0.0017380988942701909,1.2077218490774195,2.523089830328595,0.9639473684210527,1.0
budget,feedback.budget_frac,1.0,,1000,Baseline,1.7304947660547978,0.21631184575684972,0.07843219480860808,0.39348684210526313,512.0,0.003379872589950777,1.2570403507552976,2.604740454339526,0.9647368421052631,1.0
budget,feedback.budget_frac,1.0,,1000,prediction_only,0.5604923230584768,0.0700615403823096,0.7206056522589006,0.0,0.0,,2.4270427937516184,4.111369390210274,0.9981578947368421,0.0
budget,feedback.budget_frac,1.0,,1000,importance_only,1.7798132677326755,0.22247665846658443,0.03993362063267675,0.33631578947368423,1024.0,0.0017380988942701909,1.2077218490774195,2.523089830328595,0.9639473684210527,1.0
budget,feedback.budget_frac,1.0,,1000,snr_threshold,1.7304947660547978,0.21631184575684972,0.07843219480860808,0.39348684210526313,512.0,0.003379872589950777,1.2570403507552976,2.604740454339526,0.9647368421052631,1.0
budget,feedback.budget_frac,1.0,,1000,full_feedback,1.7798132677326755,0.22247665846658443,0.03993362063267675,0.33631578947368423,1024.0,0.0017380988942701909,1.2077218490774195,2.523089830328595,0.9639473684210527,1.0
budget,feedback.budget_frac,1.0,,1000,Proposed_no_confidence,1.7798132677326755,0.22247665846658443,0.03993362063267675,0.33631578947368423,1024.0,0.0017380988942701909,1.2077218490774195,2.523089830328595,0.9639473684210527,1.0
budget,feedback.budget_frac,1.0,,1000,Proposed_no_importance,1.7798132677326755,0.22247665846658443,0.03993362063267675,0.33631578947368423,1024.0,0.0017380988942701909,1.2077218490774195,2.523089830328595,0.9639473684210527,1.0
budget,feedback.budget_frac,1.0,,1001,Exact,1.7317569875215937,0.2164696234401992,0.015358531728258643,0.2548026315789474,104.67368421052632,0.016544339683683768,1.2566051365156443,2.6195368544899167,0.9644736842105263,0.2548026315789474
budget,feedback.budget_frac,1.0,,1001,Optimised,1.7021851489786748,0.21277314362233435,0.04700331991275771,0.36427631578947367,1024.0,0.001662290184549487,1.2861769750585628,2.676673491403858,0.965,1.0
budget,feedback.budget_frac,1.0,,1001,Proposed,1.7021851489786748,0.21277314362233435,0.04700331991275771,0.36427631578947367,1024.0,0.001662290184549487,1.2861769750585628,2.676673491403858,0.965,1.0
budget,feedback.budget_frac,1.0,,1001,Baseline,1.6464116286469765,0.20580145358087207,0.08841720684833024,0.43065789473684213,512.0,0.003215647712201126,1.3419504953902612,2.779020087548275,0.9660526315789474,1.0
budget,feedback.budget_frac,1.0,,1001,prediction_only,0.28560402231742243,0.035700502789677804,0.7492178474273327,0.0,0.0,,2.702758101719815,4.6119984761858595,0.9928947368421053,0.0
budget,feedback.budget_frac,1.0,,1001,importance_only,1.7021851489786748,0.21277314362233435,0.04700331991275771,0.36427631578947367,1024.0,0.001662290184549487,1.2861769750585628,2.676673491403858,0.965,1.0
budget,feedback.budget_frac,1.0,,1001,snr_threshold,1.6464116286469765,0.20580145358087207,0.08841720684833024,0.43065789473684213,512.0,0.003215647712201126,1.3419504953902612,2.779020087548275,0.9660526315789474,1.0
budget,feedback.budget_frac,1.0,,1001,full_feedback,1.7021851489786748,0.21277314362233435,0.04700331991275771,0.36427631578947367,1024.0,0.001662290184549487,1.2861769750585628,2.676673491403858,0.965,1.0
budget,feedback.budget_frac,1.0,,1001,Proposed_no_confidence,1.7021851489786748,0.21277314362233435,0.04700331991275771,0.36427631578947367,1024.0,0.001662290184549487,1.2861769750585628,2.676673491403858,0.965,1.0
budget,feedback.budget_frac,1.0,,1001,Proposed_no_importance,1.7021851489786748,0.21277314362233435,0.04700331991275771,0.36427631578947367,1024.0,0.001662290184549487,1.2861769750585628,2.676673491403858,0.965,1.0
budget,feedback.budget_frac,1.0,,1002,Exact,1.7266138399033637,0.21582672998792046,0.015243755147839693,0.25414473684210526,106.88,0.01615469535837728,1.2743925472276323,2.6194954612586825,0.9613157894736842,0.25414473684210526
budget,feedback.budget_frac,1.0,,1002,Optimised,1.6956414489557743,0.21195518111947179,0.04517818146306644,0.3624342105263158,1024.0,0.0016558998524958733,1.305364938175222,2.702766797591136,0.9613157894736842,1.0
budget,feedback.budget_frac,1.0,,1002,Proposed,1.6956414489557743,0.21195518111947179,0.04517818146306644,0.3624342105263158,1024.0,0.0016558998524958733,1.305364938175222,2.702766797591136,0.9613157894736842,1.0
budget,feedback.budget_frac,1.0,,1002,Baseline,1.6340211850714044,0.20425264813392555,0.09122833760889035,0.4342763157894737,512.0,0.0031914476270925867,1.3669852020595916,2.810532027404014,0.9628947368421052,1.0
budget,feedback.budget_frac,1.0,,1002,prediction_only,0.3395303770377915,0.042441297129723936,0.7455971710641429,0.0,0.0,,2.6614760100932044,4.685946666565714,0.9939473684210526,0.0
budget,feedback.budget_frac,1.0,,1002,importance_only,1.6956414489557743,0.21195518111947179,0.04517818146306644,0.3624342105263158,1024.0,0.0016558998524958733,1.305364938175222,2.702766797591136,0.9613157894736842,1.0
budget,feedback.budget_frac,1.0,,1002,snr_threshold,1.6340211850714044,0.20425264813392555,0.09122833760889035,0.4342763157894737,512.0,0.0031914476270925867,1.3669852020595916,2.810532027404014,0.9628947368421052,1.0
budget,feedback.budget_frac,1.0,,1002,full_feedback,1.6956414489557743,0.21195518111947179,0.04517818146306644,0.3624342105263158,1024.0,0.0016558998524958733,1.305364938175222,2.702766797591136,0.9613157894736842,1.0
budget,feedback.budget_frac,1.0,,1002,Proposed_no_confidence,1.6956414489557743,0.21195518111947179,0.04517818146306644,0.3624342105263158,1024.0,0.0016558998524958733,1.305364938175222,2.702766797591136,0.9613157894736842,1.0
budget,feedback.budget_frac,1.0,,1002,Proposed_no_importance,1.6956414489557743,0.21195518111947179,0.04517818146306644,0.3624342105263158,1024.0,0.0016558998524958733,1.305364938175222,2.702766797591136,0.9613157894736842,1.0
budget,feedback.budget_frac,1.0,,1003,Exact,1.807197225040514,0.22589965313006424,0.012875424536238361,0.22197368421052632,91.45263157894736,0.019761019380622566,1.2528352047462143,2.559355127304135,0.9460526315789474,0.22197368421052632
budget,feedback.budget_frac,1.0,,1003,Optimised,1.7811337134035174,0.22264171417543968,0.04067995813968809,0.3180921052631579,1024.0,0.0017393883919956225,1.278898716383211,2.619191438520998,0.9465789473684211,1.0
budget,feedback.budget_frac,1.0,,1003,Proposed,1.7811337134035174,0.22264171417543968,0.04067995813968809,0.3180921052631579,1024.0,0.0017393883919956225,1.278898716383211,2.619191438520998,0.9465789473684211,1.0
budget,feedback.budget_frac,1.0,,1003,Baseline,1.7308341247809125,0.21635426559761406,0.07976690796339103,0.3829605263157895,512.0,0.0033805353999627197,1.3291983050058158,2.730230806004582,0.9481578947368421,1.0
budget,feedback.budget_frac,1.0,,1003,prediction_only,0.8849159670533857,0.11061449588167321,0.5573427580772633,0.0,0.0,,2.1751164627333424,3.8075067696186378,0.9997368421052631,0.0
budget,feedback.budget_frac,1.0,,1003,importance_only,1.7811337134035174,0.22264171417543968,0.04067995813968809,0.3180921052631579,1024.0,0.0017393883919956225,1.278898716383211,2.619191438520998,0.9465789473684211,1.0
budget,feedback.budget_frac,1.0,,1003,snr_threshold,1.7308341247809125,0.21635426559761406,0.07976690796339103,0.3829605263157895,512.0,0.0033805353999627197,1.3291983050058158,2.730230806004582,0.9481578947368421,1.0
budget,feedback.budget_frac,1.0,,1003,full_feedback,1.7811337134035174,0.22264171417543968,0.04067995813968809,0.3180921052631579,1024.0,0.0017393883919956225,1.278898716383211,2.619191438520998,0.9465789473684211,1.0
budget,feedback.budget_frac,1.0,,1003,Proposed_no_confidence,1.7811337134035174,0.22264171417543968,0.04067995813968809,0.3180921052631579,1024.0,0.0017393883919956225,1.278898716383211,2.619191438520998,0.9465789473684211,1.0
budget,feedback.budget_frac,1.0,,1003,Proposed_no_importance,1.7811337134035174,0.22264171417543968,0.04067995813968809,0.3180921052631579,1024.0,0.0017393883919956225,1.278898716383211,2.619191438520998,0.9465789473684211,1.0
budget,feedback.budget_frac,1.0,,1004,Exact,1.7481815355737695,0.2185226919467212,0.01629415567911274,0.2573026315789474,107.03157894736842,0.016333324732445722,1.297060054773419,2.5999301108440376,0.9757894736842105,0.2573026315789474
budget,feedback.budget_frac,1.0,,1004,Optimised,1.720293595081942,0.21503669938524275,0.044683813348000076,0.35986842105263156,1024.0,0.001679974213947209,1.3249479952652465,2.6478382196574066,0.9757894736842105,1.0
budget,feedback.budget_frac,1.0,,1004,Proposed,1.720293595081942,0.21503669938524275,0.044683813348000076,0.35986842105263156,1024.0,0.001679974213947209,1.3249479952652465,2.6478382196574066,0.9757894736842105,1.0
budget,feedback.budget_frac,1.0,,1004,Baseline,1.6681843370103908,0.20852304212629885,0.08755654485927342,0.42467105263157895,512.0,0.0032581725332234196,1.377057253336798,2.747405638132898,0.9765789473684211,1.0
budget,feedback.budget_frac,1.0,,1004,prediction_only,0.48934638578060435,0.061168298222575544,0.814252522006713,0.0,0.0,,2.5558952045665846,4.35293882336523,1.0,0.0
budget,feedback.budget_frac,1.0,,1004,importance_only,1.720293595081942,0.21503669938524275,0.044683813348000076,0.35986842105263156,1024.0,0.001679974213947209,1.3249479952652465,2.6478382196574066,0.9757894736842105,1.0
budget,feedback.budget_frac,1.0,,1004,snr_threshold,1.6681843370103908,0.20852304212629885,0.08755654485927342,0.42467105263157895,512.0,0.0032581725332234196,1.377057253336798,2.747405638132898,0.9765789473684211,1.0
budget,feedback.budget_frac,1.0,,1004,full_feedback,1.720293595081942,0.21503669938524275,0.044683813348000076,0.35986842105263156,1024.0,0.001679974213947209,1.3249479952652465,2.6478382196574066,0.9757894736842105,1.0
budget,feedback.budget_frac,1.0,,1004,Proposed_no_confidence,1.720293595081942,0.21503669938524275,0.044683813348000076,0.35986842105263156,1024.0,0.001679974213947209,1.3249479952652465,2.6478382196574066,0.9757894736842105,1.0
budget,feedback.budget_frac,1.0,,1004,Proposed_no_importance,1.720293595081942,0.21503669938524275,0.044683813348000076,0.35986842105263156,1024.0,0.001679974213947209,1.3249479952652465,2.6478382196574066,0.9757894736842105,1.0
budget,feedback.budget_frac,1.0,,1005,Exact,1.6614156960149404,0.20767696200186755,0.016257351193222674,0.25717105263157897,106.3578947368421,0.015620990807741424,1.291293021160204,2.676640760545206,0.983421052631579,0.25717105263157897
budget,feedback.budget_frac,1.0,,1005,Optimised,1.6314723153716781,0.20393403942145977,0.04677746386834928,0.37414473684210525,1024.0,0.0015932346829801544,1.3212364018034666,2.738660156012136,0.983421052631579,1.0
budget,feedback.budget_frac,1.0,,1005,Proposed,1.6314723153716781,0.20393403942145977,0.04677746386834928,0.37414473684210525,1024.0,0.0015932346829801544,1.3212364018034666,2.738660156012136,0.983421052631579,1.0
budget,feedback.budget_frac,1.0,,1005,Baseline,1.5726225191944543,0.19657781489930679,0.09133081244440971,0.43546052631578946,512.0,0.0030715283578016685,1.3800861979806902,2.83715946636565,0.983421052631579,1.0
budget,feedback.budget_frac,1.0,,1005,prediction_only,0.5733629976063688,0.0716703747007961,0.7832244373080103,0.0,0.0,,2.379345719568776,4.158392469245509,1.0,0.0
budget,feedback.budget_frac,1.0,,1005,importance_only,1.6314723153716781,0.20393403942145977,0.04677746386834928,0.37414473684210525,1024.0,0.0015932346829801544,1.3212364018034666,2.738660156012136,0.983421052631579,1.0
budget,feedback.budget_frac,1.0,,1005,snr_threshold,1.5726225191944543,0.19657781489930679,0.09133081244440971,0.43546052631578946,512.0,0.0030715283578016685,1.3800861979806902,2.83715946636565,0.983421052631579,1.0
budget,feedback.budget_frac,1.0,,1005,full_feedback,1.6314723153716781,0.20393403942145977,0.04677746386834928,0.37414473684210525,1024.0,0.0015932346829801544,1.3212364018034666,2.738660156012136,0.983421052631579,1.0
budget,feedback.budget_frac,1.0,,1005,Proposed_no_confidence,1.6314723153716781,0.20393403942145977,0.04677746386834928,0.37414473684210525,1024.0,0.0015932346829801544,1.3212364018034666,2.738660156012136,0.983421052631579,1.0
budget,feedback.budget_frac,1.0,,1005,Proposed_no_importance,1.6314723153716781,0.20393403942145977,0.04677746386834928,0.37414473684210525,1024.0,0.0015932346829801544,1.3212364018034666,2.738660156012136,0.983421052631579,1.0
budget,feedback.budget_frac,1.0,,1006,Exact,1.80311312340143,0.22538914042517874,0.013718369416522845,0.23335526315789473,95.5957894736842,0.018861846670535573,1.18379458902309,2.4635304693065327,0.9507894736842105,0.23335526315789473
budget,feedback.budget_frac,1.0,,1006,Optimised,1.7772534166144163,0.22215667707680203,0.040302224275746305,0.3319736842105263,1024.0,0.0017355990396625159,1.2096542958101038,2.501231569518583,0.9510526315789474,1.0
budget,feedback.budget_frac,1.0,,1006,Proposed,1.7772534166144163,0.22215667707680203,0.040302224275746305,0.3319736842105263,1024.0,0.0017355990396625159,1.2096542958101038,2.501231569518583,0.9510526315789474,1.0
budget,feedback.budget_frac,1.0,,1006,Baseline,1.7232461624031667,0.21540577030039584,0.08089034824071814,0.4020394736842105,512.0,0.003365715160943685,1.2636615500213535,2.5947265701181994,0.9521052631578948,1.0
budget,feedback.budget_frac,1.0,,1006,prediction_only,0.6937941623659234,0.08672427029574042,0.5872918307729434,0.0,0.0,,2.2931135500585964,4.038054667579697,0.9771052631578947,0.0
budget,feedback.budget_frac,1.0,,1006,importance_only,1.7772534166144163,0.22215667707680203,0.040302224275746305,0.3319736842105263,1024.0,0.0017355990396625159,1.2096542958101038,2.501231569518583,0.9510526315789474,1.0
budget,feedback.budget_frac,1.0,,1006,snr_threshold,1.7232461624031667,0.21540577030039584,0.08089034824071814,0.4020394736842105,512.0,0.003365715160943685,1.2636615500213535,2.5947265701181994,0.9521052631578948,1.0
budget,feedback.budget_frac,1.0,,1006,full_feedback,1.7772534166144163,0.22215667707680203,0.040302224275746305,0.3319736842105263,1024.0,0.0017355990396625159,1.2096542958101038,2.501231569518583,0.9510526315789474,1.0
budget,feedback.budget_frac,1.0,,1006,Proposed_no_confidence,1.7772534166144163,0.22215667707680203,0.040302224275746305,0.3319736842105263,1024.0,0.0017355990396625159,1.2096542958101038,2.501231569518583,0.9510526315789474,1.0
budget,feedback.budget_frac,1.0,,1006,Proposed_no_importance,1.7772534166144163,0.22215667707680203,0.040302224275746305,0.3319736842105263,1024.0,0.0017355990396625159,1.2096542958101038,2.501231569518583,0.9510526315789474,1.0
budget,feedback.budget_frac,1.0,,1007,Exact,1.7020054012561736,0.2127506751570217,0.016038790239684908,0.25046052631578947,104.47157894736841,0.016291563872252994,1.1993794350214069,2.5110154484955207,0.9576315789473684,0.25046052631578947
budget,feedback.budget_frac,1.0,,1007,Optimised,1.6695069313544613,0.20868836641930766,0.04523335043571253,0.3568421052631579,1024.0,0.001630377862650841,1.231877904923119,2.5763659929768337,0.9578947368421052,1.0
budget,feedback.budget_frac,1.0,,1007,Proposed,1.6695069313544613,0.20868836641930766,0.04523335043571253,0.3568421052631579,1024.0,0.001630377862650841,1.231877904923119,2.5763659929768337,0.9578947368421052,1.0
budget,feedback.budget_frac,1.0,,1007,Baseline,1.6142984065477595,0.20178730081846993,0.09015250071159388,0.4311184210526316,512.0,0.0031529265752885927,1.2870864297298206,2.6845463285644686,0.96,1.0
budget,feedback.budget_frac,1.0,,1007,prediction_only,0.3607888812110129,0.04509861015137661,0.7864355383917118,0.0,0.0,,2.5405959550665678,4.561799722700276,0.9881578947368421,0.0
budget,feedback.budget_frac,1.0,,1007,importance_only,1.6695069313544613,0.20868836641930766,0.04523335043571253,0.3568421052631579,1024.0,0.001630377862650841,1.231877904923119,2.5763659929768337,0.9578947368421052,1.0
budget,feedback.budget_frac,1.0,,1007,snr_threshold,1.6142984065477595,0.20178730081846993,0.09015250071159388,0.4311184210526316,512.0,0.0031529265752885927,1.2870864297298206,2.6845463285644686,0.96,1.0
budget,feedback.budget_frac,1.0,,1007,full_feedback,1.6695069313544613,0.20868836641930766,0.04523335043571253,0.3568421052631579,1024.0,0.001630377862650841,1.231877904923119,2.5763659929768337,0.9578947368421052,1.0
budget,feedback.budget_frac,1.0,,1007,Proposed_no_confidence,1.6695069313544613,0.20868836641930766,0.04523335043571253,0.3568421052631579,1024.0,0.001630377862650841,1.231877904923119,2.5763659929768337,0.9578947368421052,1.0
budget,feedback.budget_frac,1.0,,1007,Proposed_no_importance,1.6695069313544613,0.20868836641930766,0.04523335043571253,0.3568421052631579,1024.0,0.001630377862650841,1.231877904923119,2.5763659929768337,0.9578947368421052,1.0
budget,feedback.budget_frac,1.0,,1008,Exact,1.7398976920025522,0.21748721150031902,0.015800731000086374,0.2513815789473684,103.89894736842105,0.016746056972386375,1.2491950930105913,2.4799435341426332,0.9552631578947368,0.2513815789473684
budget,feedback.budget_frac,1.0,,1008,Optimised,1.711239104723674,0.21390488809045924,0.04716073871974619,0.35855263157894735,1024.0,0.0016711319382067128,1.2778536802894696,2.5264235509666912,0.9552631578947368,1.0
budget,feedback.budget_frac,1.0,,1008,Proposed,1.711239104723674,0.21390488809045924,0.04716073871974619,0.35855263157894735,1024.0,0.0016711319382067128,1.2778536802894696,2.5264235509666912,0.9552631578947368,1.0
budget,feedback.budget_frac,1.0,,1008,Baseline,1.6572423274669683,0.20715529093337104,0.08731153295455388,0.4234210526315789,512.0,0.0032368014208339225,1.3318504575461747,2.6224905633014,0.9571052631578948,1.0
budget,feedback.budget_frac,1.0,,1008,prediction_only,0.5134793417663195,0.06418491772078994,0.7507884389993759,0.0,0.0,,2.4756134432468238,4.265794869577701,0.9878947368421053,0.0
budget,feedback.budget_frac,1.0,,1008,importance_only,1.711239104723674,0.21390488809045924,0.04716073871974619,0.35855263157894735,1024.0,0.0016711319382067128,1.2778536802894696,2.5264235509666912,0.9552631578947368,1.0
budget,feedback.budget_frac,1.0,,1008,snr_threshold,1.6572423274669683,0.20715529093337104,0.08731153295455388,0.4234210526315789,512.0,0.0032368014208339225,1.3318504575461747,2.6224905633014,0.9571052631578948,1.0
budget,feedback.budget_frac,1.0,,1008,full_feedback,1.711239104723674,0.21390488809045924,0.04716073871974619,0.35855263157894735,1024.0,0.0016711319382067128,1.2778536802894696,2.5264235509666912,0.9552631578947368,1.0
budget,feedback.budget_frac,1.0,,1008,Proposed_no_confidence,1.711239104723674,0.21390488809045924,0.04716073871974619,0.35855263157894735,1024.0,0.0016711319382067128,1.2778536802894696,2.5264235509666912,0.9552631578947368,1.0
budget,feedback.budget_frac,1.0,,1008,Proposed_no_importance,1.711239104723674,0.21390488809045924,0.04716073871974619,0.35855263157894735,1024.0,0.0016711319382067128,1.2778536802894696,2.5264235509666912,0.9552631578947368,1.0
budget,feedback.budget_frac,1.0,,1009,Exact,1.7888595103992653,0.22360743879990816,0.0154069804378925,0.24789473684210525,102.61894736842105,0.017432058662392315,1.1980778873259557,2.4986978847434997,0.9139473684210526,0.24789473684210525
budget,feedback.budget_frac,1.0,,1009,Optimised,1.761759556988904,0.220219944623613,0.04288974856607558,0.3458552631578947,1024.0,0.0017204683173719765,1.2251778407363167,2.5451753544505857,0.9142105263157895,1.0
budget,feedback.budget_frac,1.0,,1009,Proposed,1.761759556988904,0.220219944623613,0.04288974856607558,0.3458552631578947,1024.0,0.0017204683173719765,1.2251778407363167,2.5451753544505857,0.9142105263157895,1.0
budget,feedback.budget_frac,1.0,,1009,Baseline,1.7059923570160618,0.21324904462700772,0.08357294079496871,0.41157894736842104,512.0,0.0033320163222969957,1.2809450407091592,2.6528294430173003,0.9163157894736842,1.0
budget,feedback.budget_frac,1.0,,1009,prediction_only,0.3600400610350058,0.045005007629375725,0.7154239369257064,0.0,0.0,,2.6268973366902153,4.38438043588281,0.9278947368421052,0.0
budget,feedback.budget_frac,1.0,,1009,importance_only,1.761759556988904,0.220219944623613,0.04288974856607558,0.3458552631578947,1024.0,0.0017204683173719765,1.2251778407363167,2.5451753544505857,0.9142105263157895,1.0
budget,feedback.budget_frac,1.0,,1009,snr_threshold,1.7059923570160618,0.21324904462700772,0.08357294079496871,0.41157894736842104,512.0,0.0033320163222969957,1.2809450407091592,2.6528294430173003,0.9163157894736842,1.0
budget,feedback.budget_frac,1.0,,1009,full_feedback,1.761759556988904,0.220219944623613,0.04288974856607558,0.3458552631578947,1024.0,0.0017204683173719765,1.2251778407363167,2.5451753544505857,0.9142105263157895,1.0
budget,feedback.budget_frac,1.0,,1009,Proposed_no_confidence,1.761759556988904,0.220219944623613,0.04288974856607558,0.3458552631578947,1024.0,0.0017204683173719765,1.2251778407363167,2.5451753544505857,0.9142105263157895,1.0
budget,feedback.budget_frac,1.0,,1009,Proposed_no_importance,1.761759556988904,0.220219944623613,0.04288974856607558,0.3458552631578947,1024.0,0.0017204683173719765,1.2251778407363167,2.5451753544505857,0.9142105263157895,1.0
