sweep,param,x,x2,seed,scheme,utility,utility_per_user,regret,switch_rate,bits,utility_per_bit,loss,cvar,violation_rate,fb_share
snr,link.snr_db,5,,1000,Exact,0.14649979222032802,0.018312474027541003,0.08361639221403254,0.16460526315789473,78.11368421052632,0.0018754689872966745,2.8410353245897673,4.660628036245493,1.0,0.16460526315789473
snr,link.snr_db,5,,1000,Optimised,0.09856951598984129,0.012321189498730161,0.7448831076612832,0.1645394736842105,256.0,0.00038503717183531753,2.8889656008202538,4.742238812797857,1.0,0.25157894736842107
snr,link.snr_db,5,,1000,Proposed,0.10145100470858912,0.01268137558857364,0.6896861706559785,0.16276315789473683,256.0,0.00039629298714292623,2.886084112101506,4.731334920149828,1.0,0.2506578947368421
snr,link.snr_db,5,,1000,Baseline,0.11104798186982227,0.013880997733727784,0.4695194711254952,0.38592105263157894,256.0,0.00043378117917899326,2.876487134940273,4.702808670474519,1.0,0.5
snr,link.snr_db,5,,1000,prediction_only,0.03868909884433901,0.004836137355542376,0.7206056522589006,0.0,0.0,,2.948846017965756,4.8236019253391875,1.0,0.0
snr,link.snr_db,5,,1000,importance_only,0.1060672161494037,0.013258402018675463,0.46525802509434544,0.1800657894736842,256.0,0.0004143250630836082,2.8814679006606916,4.72831771098378,1.0,0.25
snr,link.snr_db,5,,1000,snr_threshold,0.06574157702329773,0.008217697127912217,0.5494685256232681,0.38263157894736843,256.0,0.0002568030352472568,2.9217935397867976,4.803700578714571,1.0,0.5
snr,link.snr_db,5,,1000,full_feedback,0.1286553503192405,0.016081918789905062,0.37139368207593426,0.6845394736842105,1024.0,0.0001256399905461333,2.8588797664908547,4.688389228559519,1.0,1.0
snr,link.snr_db,5,,1000,Proposed_no_confidence,0.09909290753910517,0.012386613442388146,0.7534289583937497,0.17638157894736842,256.0,0.0003870816700746296,2.8884422092709903,4.72874434928155,1.0,0.2650657894736842
snr,link.snr_db,5,,1000,Proposed_no_importance,0.08801152803724985,0.011001441004656231,0.704037196781649,0.1649342105263158,256.0,0.0003437950313955072,2.899523588772845,4.7549299585590665,1.0,0.2505921052631579
snr,link.snr_db,5,,1001,Exact,0.11777913440344671,0.01472239180043084,0.09271925883600504,0.1788157894736842,83.70526315789473,0.0014070696388741749,2.870582989633791,4.775347168285561,1.0,0.1788157894736842
snr,link.snr_db,5,,1001,Optimised,0.07975787335734627,0.009969734169668284,0.7213553276262914,0.17657894736842106,256.0,0.00031155419280213387,2.908604250679892,4.824213806290138,1.0,0.25144736842105264
snr,link.snr_db,5,,1001,Proposed,0.08024546097972284,0.010030682622465354,0.6750305086978883,0.17592105263157895,256.0,0.0003134588319520423,2.908116663057515,4.824469801450316,1.0,0.25164473684210525
snr,link.snr_db,5,,1001,Baseline,0.08437927039507151,0.010547408799383939,0.48277702192033184,0.40111842105263157,256.0,0.0003296065249807481,2.903982853642166,4.825230849928162,1.0,0.5
snr,link.snr_db,5,,1001,prediction_only,0.003351119830964162,0.00041888997887052027,0.7492178474273327,0.0,0.0,,2.985011004206274,4.924826817682076,1.0,0.0
snr,link.snr_db,5,,1001,importance_only,0.08103655860869025,0.01012956982608628,0.5014544766858082,0.18914473684210525,256.0,0.00031654905706519627,2.9073255654285477,4.825759975718341,1.0,0.25
snr,link.snr_db,5,,1001,snr_threshold,0.04870563045822724,0.006088203807278405,0.5686501846330992,0.39414473684210527,256.0,0.00019025636897745016,2.9396564935790104,4.871244052129496,1.0,0.5
snr,link.snr_db,5,,1001,full_feedback,0.09856684837799193,0.012320856047248991,0.39209054800820253,0.7167763157894737,1024.0,9.625668786913274e-05,2.889795275659246,4.797254315339941,1.0,1.0
snr,link.snr_db,5,,1001,Proposed_no_confidence,0.07882166505411949,0.009852708131764936,0.7030964453105039,0.1918421052631579,256.0,0.00030789712911765424,2.909540458983118,4.82579796342001,1.0,0.2685526315789474
snr,link.snr_db,5,,1001,Proposed_no_importance,0.06919421633223466,0.008649277041529332,0.6846766108713661,0.17723684210526316,256.0,0.00027028990754779164,2.9191679077050035,4.845361494115056,1.0,0.25
snr,link.snr_db,5,,1002,Exact,0.10440319092182179,0.013050398865227724,0.09643077895785877,0.17789473684210527,84.95157894736842,0.0012289729304090344,2.896603196209174,4.913752096745962,1.0,0.17789473684210527
snr,link.snr_db,5,,1002,Optimised,0.0656481777275796,0.00820602221594745,0.6865999639134847,0.1782236842105263,256.0,0.0002564381942483578,2.9353582094034167,4.980132804776617,1.0,0.2515131578947368
snr,link.snr_db,5,,1002,Proposed,0.06694167418410209,0.008367709273012761,0.7275127293645138,0.17776315789473685,256.0,0.0002614909147816488,2.934064712946894,4.980374837548294,1.0,0.2507236842105263
snr,link.snr_db,5,,1002,Baseline,0.07404128020895975,0.00925516002611997,0.49506416724102537,0.4005921052631579,256.0,0.00028922375081624904,2.9269651069220366,4.961716778453014,1.0,0.5
snr,link.snr_db,5,,1002,prediction_only,0.004151924099450878,0.0005189905124313597,0.7455971710641429,0.0,0.0,,2.9968544630315446,5.0591974744402455,1.0,0.0
snr,link.snr_db,5,,1002,importance_only,0.06676329705454248,0.00834541213181781,0.49991247947343453,0.1880921052631579,256.0,0.00026079412911930657,2.934243090076454,4.979466755696096,1.0,0.25
snr,link.snr_db,5,,1002,snr_threshold,0.04778677090771365,0.005973346363464206,0.5637920769806356,0.39414473684210527,256.0,0.00018666707385825643,2.9532196162232824,4.9909565438546135,1.0,0.5
snr,link.snr_db,5,,1002,full_feedback,0.08651531253176586,0.010814414066470733,0.3977186921748654,0.7194736842105263,1024.0,8.44876098943026e-05,2.9144910745992303,4.9513817262820226,1.0,1.0
snr,link.snr_db,5,,1002,Proposed_no_confidence,0.0667950271948288,0.0083493783993536,0.6960551835668594,0.1931578947368421,256.0,0.0002609180749798,2.9342113599361674,4.978201506731588,1.0,0.26894736842105266
snr,link.snr_db,5,,1002,Proposed_no_importance,0.0566050037337947,0.0070756254667243374,0.7004815719769842,0.17888157894736842,256.0,0.00022111329583513555,2.9444013833972016,4.991517128751356,1.0,0.2501973684210526
snr,link.snr_db,5,,1003,Exact,0.17070994349650404,0.021338742937063004,0.08340118240438515,0.14980263157894738,71.83157894736843,0.0023765305732954107,2.8893224862902245,4.742655845613283,1.0,0.14980263157894738
snr,link.snr_db,5,,1003,Optimised,0.12798393731795307,0.015997992164744134,0.6674781945161593,0.15296052631578946,256.0,0.0004999372551482542,2.932048492468776,4.81237294461703,1.0,0.2517763157894737
snr,link.snr_db,5,,1003,Proposed,0.12472242945478633,0.015590303681848291,0.7128735872270006,0.15335526315789474,256.0,0.0004871969900577591,2.9353100003319423,4.81492500077428,1.0,0.25144736842105264
snr,link.snr_db,5,,1003,Baseline,0.1315562933270557,0.016444536665881963,0.4647229938880009,0.37894736842105264,256.0,0.0005138917708088114,2.9284761364596728,4.818091494965806,1.0,0.5
snr,link.snr_db,5,,1003,prediction_only,0.08579375596978085,0.010724219496222607,0.5573427580772633,0.0,0.0,,2.9742386738169473,4.863911596921357,1.0,0.0
snr,link.snr_db,5,,1003,importance_only,0.11944655098998433,0.014930818873748041,0.45727705536416063,0.17578947368421052,256.0,0.0004665880898046263,2.940585878796744,4.86304824958356,1.0,0.25
snr,link.snr_db,5,,1003,snr_threshold,0.13087988531836792,0.01635998566479599,0.45190547575933343,0.37875,256.0,0.0005112495520248747,2.9291525444683604,4.801246737181567,1.0,0.5
snr,link.snr_db,5,,1003,full_feedback,0.1501104393120403,0.018763804914005037,0.37995533879266097,0.6749342105263157,1024.0,0.00014659222589066435,2.909921990474688,4.77778680526737,1.0,1.0
snr,link.snr_db,5,,1003,Proposed_no_confidence,0.13306868937384259,0.016633586171730323,0.5738250031440945,0.1667763157894737,256.0,0.0005197995678665726,2.926963740412886,4.80225263418347,1.0,0.2669736842105263
snr,link.snr_db,5,,1003,Proposed_no_importance,0.10651963012932027,0.013314953766165033,0.6824451014067566,0.16078947368421054,256.0,0.0004160923051926573,2.953512799657408,4.830123596663153,1.0,0.25026315789473685
snr,link.snr_db,5,,1004,Exact,0.13274985174824303,0.016593731468530378,0.09526988825170774,0.17657894736842106,84.16,0.0015773509000504163,2.9124917385989457,4.8301287137276105,1.0,0.17657894736842106
snr,link.snr_db,5,,1004,Optimised,0.09191130832165,0.01148891354020625,0.7353999710810791,0.1680921052631579,256.0,0.0003590285481314453,2.9533302820255383,4.8842889373245395,1.0,0.2513157894736842
snr,link.snr_db,5,,1004,Proposed,0.09309687422166528,0.01163710927770816,0.7127970541347904,0.1686842105263158,256.0,0.00036365966492838,2.9521447161255234,4.881461378017627,1.0,0.25157894736842107
snr,link.snr_db,5,,1004,Baseline,0.09728757198822954,0.012160946498528693,0.49111454413107347,0.39848684210526314,256.0,0.00038002957807902165,2.9479540183589594,4.8881274058495015,1.0,0.5
snr,link.snr_db,5,,1004,prediction_only,0.037952162703924104,0.004744020337990513,0.814252522006713,0.0,0.0,,3.0072894276432645,4.96571193288743,1.0,0.0
snr,link.snr_db,5,,1004,importance_only,0.09140446499173026,0.011425558123966282,0.49976741514535733,0.18664473684210525,256.0,0.0003570486913739463,2.953837125355459,4.894225152118729,1.0,0.25
snr,link.snr_db,5,,1004,snr_threshold,0.08099704201012876,0.010124630251266096,0.5091617838232755,0.39276315789473687,256.0,0.0003163946953520655,2.96424454833706,4.899727156299392,1.0,0.5
snr,link.snr_db,5,,1004,full_feedback,0.11210231441178321,0.014012789301472902,0.3970325191955091,0.7148026315789474,1024.0,0.00010947491641775704,2.9331392759354054,4.860538889690554,1.0,1.0
snr,link.snr_db,5,,1004,Proposed_no_confidence,0.09455882942897544,0.01181985367862193,0.7483817445098064,0.17960526315789474,256.0,0.0003693704274569353,2.950682760918213,4.883358943990105,1.0,0.2663815789473684
snr,link.snr_db,5,,1004,Proposed_no_importance,0.0782729438507867,0.009784117981348338,0.7331181881611216,0.1680263157894737,256.0,0.00030575368691713556,2.9669686464964022,4.9203428506249,1.0,0.2501973684210526
snr,link.snr_db,5,,1005,Exact,0.12320385455291002,0.015400481819113753,0.10167864990887965,0.1738157894736842,80.94315789473684,0.001522103384119649,2.829504862622234,4.723749901520963,1.0,0.1738157894736842
snr,link.snr_db,5,,1005,Optimised,0.08559362430415494,0.010699203038019368,0.6621414087241277,0.1738157894736842,256.0,0.00033435009493810525,2.867115092870989,4.78248497615342,1.0,0.2507236842105263
snr,link.snr_db,5,,1005,Proposed,0.08506837117125154,0.010633546396406443,0.7219766727455981,0.17348684210526316,256.0,0.00033229832488770135,2.867640346003893,4.775764255033877,1.0,0.2507894736842105
snr,link.snr_db,5,,1005,Baseline,0.08968939186878738,0.011211173983598423,0.49973237490696754,0.40328947368421053,256.0,0.0003503491869874507,2.8630193253063574,4.7843302647020804,1.0,0.5
snr,link.snr_db,5,,1005,prediction_only,0.04549875196314763,0.0056873439953934535,0.7832244373080103,0.0,0.0,,2.9072099652119974,4.827310733077424,1.0,0.0
snr,link.snr_db,5,,1005,importance_only,0.08469516989117802,0.010586896236397253,0.5078034994344812,0.19046052631578947,256.0,0.00033084050738741414,2.868013547283966,4.787554651566729,1.0,0.25
snr,link.snr_db,5,,1005,snr_threshold,0.05497683090245855,0.006872103862807319,0.5627884849286668,0.4019736842105263,256.0,0.0002147532457127287,2.897731886272686,4.825756389067276,1.0,0.5
snr,link.snr_db,5,,1005,full_feedback,0.103402091492838,0.01292526143660475,0.4067095044799593,0.7230921052631579,1024.0,0.0001009786049734746,2.8493066256823063,4.753556916505709,1.0,1.0
snr,link.snr_db,5,,1005,Proposed_no_confidence,0.08463958772947242,0.010579948466184052,0.7036478262217031,0.1855921052631579,256.0,0.0003306233895682516,2.868069129445672,4.787342660920801,1.0,0.26414473684210527
snr,link.snr_db,5,,1005,Proposed_no_importance,0.07517467564730901,0.009396834455913626,0.7743094262505009,0.1718421052631579,256.0,0.0002936510767473008,2.877534041527835,4.7965743771924325,1.0,0.2505263157894737
snr,link.snr_db,5,,1006,Exact,0.12079348613168452,0.015099185766460564,0.08519494206050895,0.16460526315789473,79.05684210526316,0.001527932091833994,2.8661142262928356,4.695400381968316,1.0,0.16460526315789473
snr,link.snr_db,5,,1006,Optimised,0.07818477247882556,0.009773096559853195,0.6151379732654629,0.17828947368421053,256.0,0.00030540926749541235,2.9087229399456946,4.765017035523468,1.0,0.25164473684210525
snr,link.snr_db,5,,1006,Proposed,0.07641483362493931,0.009551854203117414,0.7295272812956018,0.17782894736842106,256.0,0.0002984954438474192,2.9104928787995807,4.762979284665051,1.0,0.2511842105263158
snr,link.snr_db,5,,1006,Baseline,0.08464044002208716,0.010580055002760895,0.47794579576011803,0.38875,256.0,0.000330626718836278,2.9022672724024328,4.757055117610905,1.0,0.5
snr,link.snr_db,5,,1006,prediction_only,0.024540333414736368,0.003067541676842046,0.5872918307729434,0.0,0.0,,2.9623673790097835,4.859696009591766,1.0,0.0
snr,link.snr_db,5,,1006,importance_only,0.07890575446899592,0.00986321930862449,0.48102511905335665,0.18289473684210528,256.0,0.0003082256033945153,2.9080019579555243,4.7651526454939965,1.0,0.25
snr,link.snr_db,5,,1006,snr_threshold,0.07055275285821103,0.008819094107276378,0.5140766870789316,0.38552631578947366,256.0,0.0002755966908523868,2.916354959566309,4.765767109933193,1.0,0.5
snr,link.snr_db,5,,1006,full_feedback,0.09916161091854733,0.012395201364818417,0.38167692070467746,0.692171052631579,1024.0,9.683751066264388e-05,2.8877461015059724,4.725396006875334,1.0,1.0
snr,link.snr_db,5,,1006,Proposed_no_confidence,0.07385465588077436,0.009231831985096795,0.7126268479824732,0.19296052631578947,256.0,0.00028849474953427485,2.9130530565437454,4.767234122382655,1.0,0.26710526315789473
snr,link.snr_db,5,,1006,Proposed_no_importance,0.07010391120067996,0.008762988900084995,0.6031796803253395,0.1767763157894737,256.0,0.0002738434031276561,2.91680380122384,4.766732213581125,1.0,0.25
snr,link.snr_db,5,,1007,Exact,0.10776835864831208,0.01347104483103901,0.0912717362291219,0.17802631578947367,84.8,0.0012708532859470765,2.7936164776292682,4.823537748730492,1.0,0.17802631578947367
snr,link.snr_db,5,,1007,Optimised,0.07121683106772311,0.00890210388346539,0.7077553349411563,0.17671052631578948,256.0,0.0002781907463582934,2.830168005209857,4.892960204340256,1.0,0.2507236842105263
snr,link.snr_db,5,,1007,Proposed,0.07258152490571006,0.009072690613213757,0.6251127006042388,0.17684210526315788,256.0,0.0002835215816629299,2.82880331137187,4.890654342359781,1.0,0.2507236842105263
snr,link.snr_db,5,,1007,Baseline,0.07626237972162479,0.009532797465203099,0.4806662128709064,0.3975657894736842,256.0,0.00029789992078759685,2.8251224565559556,4.8787925865494,1.0,0.5
snr,link.snr_db,5,,1007,prediction_only,0.022325972151890364,0.0027907465189862955,0.7864355383917118,0.0,0.0,,2.87905886412569,4.969857977430215,1.0,0.0
snr,link.snr_db,5,,1007,importance_only,0.06730371714668065,0.008412964643335082,0.5109677142015159,0.18526315789473685,256.0,0.0002629051451042213,2.8340811191308997,4.8899788033786615,1.0,0.25
snr,link.snr_db,5,,1007,snr_threshold,0.06768529739421685,0.008460662174277106,0.5690605723547646,0.39263157894736844,256.0,0.00026439569294615955,2.8336995388833635,4.893251591466552,1.0,0.5
snr,link.snr_db,5,,1007,full_feedback,0.08913292389403894,0.011141615486754868,0.39192055941520326,0.7182894736842105,1024.0,8.70438709902724e-05,2.8122519123835406,4.858956884946122,1.0,1.0
snr,link.snr_db,5,,1007,Proposed_no_confidence,0.06915088326717346,0.008643860408396683,0.7298861510823247,0.18953947368421054,256.0,0.00027012063776239633,2.8322339530104066,4.89682323248041,1.0,0.2644078947368421
snr,link.snr_db,5,,1007,Proposed_no_importance,0.05906109526773555,0.007382636908466944,0.7570145959142964,0.1819078947368421,256.0,0.000230707403389592,2.8423237410098445,4.903894823667985,1.0,0.25092105263157893
snr,link.snr_db,5,,1008,Exact,0.10369302799266851,0.012961628499083564,0.09811777981812961,0.17296052631578948,82.3242105263158,0.0012595690542276375,2.8853997570204744,4.754701736117269,1.0,0.17296052631578948
snr,link.snr_db,5,,1008,Optimised,0.06786885229791452,0.008483606537239315,0.7393407474637506,0.17651315789473684,256.0,0.0002651127042887286,2.921223932715229,4.809872523285811,1.0,0.25144736842105264
snr,link.snr_db,5,,1008,Proposed,0.06930802698722315,0.008663503373402893,0.7367893996327739,0.17585526315789474,256.0,0.0002707344804188404,2.91978475802592,4.809621877401916,1.0,0.25157894736842107
snr,link.snr_db,5,,1008,Baseline,0.0739941223380466,0.009249265292255825,0.48899908527720165,0.39875,256.0,0.00028903954038299453,2.915098662675096,4.792002742031365,1.0,0.5
snr,link.snr_db,5,,1008,prediction_only,0.03032159171647177,0.003790198964558971,0.7507884389993759,0.0,0.0,,2.958771193296671,4.858598976592883,1.0,0.0
snr,link.snr_db,5,,1008,importance_only,0.07016719310711417,0.008770899138389271,0.5157770835990861,0.19039473684210526,256.0,0.0002740905980746647,2.918925591906029,4.803047748344468,1.0,0.25
snr,link.snr_db,5,,1008,snr_threshold,0.04597044175580644,0.005746305219475805,0.6070585225033844,0.39657894736842103,256.0,0.0001795720381086189,2.9431223432573366,4.837671576530917,1.0,0.5
snr,link.snr_db,5,,1008,full_feedback,0.08607367009337805,0.010759208761672256,0.4008768883247365,0.7132894736842105,1024.0,8.40563184505645e-05,2.9030191149197653,4.778043776069073,1.0,1.0
snr,link.snr_db,5,,1008,Proposed_no_confidence,0.06762011488972845,0.008452514361216057,0.7347534996042816,0.18842105263157893,256.0,0.00026414107378800177,2.921472670123415,4.809463247890766,1.0,0.26644736842105265
snr,link.snr_db,5,,1008,Proposed_no_importance,0.0607070564932284,0.00758838206165355,0.7402131976922415,0.17328947368421052,256.0,0.00023713693942667343,2.9283857285199146,4.830310749159456,1.0,0.25092105263157893
snr,link.snr_db,5,,1009,Exact,0.12273672931083375,0.015342091163854219,0.09406241917800212,0.16967105263157894,80.42105263157895,0.001526176607922671,2.8642006684143873,4.64664377126326,1.0,0.16967105263157894
snr,link.snr_db,5,,1009,Optimised,0.08004993199245279,0.010006241499056599,0.7895612634247522,0.17598684210526316,256.0,0.0003126950468455187,2.9068874657327677,4.715390703663609,1.0,0.2505263157894737
snr,link.snr_db,5,,1009,Proposed,0.08020495788524955,0.010025619735656193,0.7902419403018963,0.17671052631578948,256.0,0.00031330061673925605,2.906732439839971,4.715828558872087,1.0,0.25046052631578947
snr,link.snr_db,5,,1009,Baseline,0.08553181354631871,0.010691476693289839,0.48293379298598005,0.39348684210526313,256.0,0.00033410864666530746,2.901405584178902,4.718002453773954,1.0,0.5
snr,link.snr_db,5,,1009,prediction_only,0.00632771951542962,0.0007909649394287025,0.7154239369257064,0.0,0.0,,2.9806096782097913,4.810071755388077,1.0,0.0
snr,link.snr_db,5,,1009,importance_only,0.07934519720722782,0.009918149650903478,0.4928179790476676,0.1843421052631579,256.0,0.0003099421765907337,2.907592200517993,4.724403065978325,1.0,0.25
snr,link.snr_db,5,,1009,snr_threshold,0.05831554265750575,0.007289442832188219,0.48178005388762773,0.39407894736842103,256.0,0.00022779508850588183,2.928621855067715,4.7437657966923155,1.0,0.5
snr,link.snr_db,5,,1009,full_feedback,0.10130191049099979,0.012662738811374974,0.3909311737688904,0.7019078947368421,1024.0,9.892764696386698e-05,2.885635487234221,4.6838793201135935,1.0,1.0
snr,link.snr_db,5,,1009,Proposed_no_confidence,0.08128064803288101,0.010160081004110127,0.7341554213127112,0.19144736842105264,256.0,0.00031750253137844146,2.90565674969234,4.711650001309542,1.0,0.26723684210526316
snr,link.snr_db,5,,1009,Proposed_no_importance,0.07396683230098014,0.009245854037622517,0.5747178964952815,0.17526315789473684,256.0,0.00028893293867570367,2.912970565424241,4.720292202167153,1.0,0.25046052631578947
snr,link.snr_db,10,,1000,Exact,0.7607078519097464,0.0950884814887183,0.03301377243400553,0.21177631578947367,90.88,0.008370464919781542,2.226827264900349,3.819843063172468,1.0,0.21177631578947367
snr,link.snr_db,10,,1000,Optimised,0.5327073808192649,0.06658842260240812,0.5190072321167599,0.1423684210526316,256.0,0.0020808882063252537,2.4548277359908304,4.157179618190947,1.0,0.30697368421052634
snr,link.snr_db,10,,1000,Proposed,0.5439796312077447,0.06799745390096809,0.5110736475185444,0.14078947368421052,256.0,0.002124920434405253,2.4435554856023507,4.147131047482812,1.0,0.3069078947368421
snr,link.snr_db,10,,1000,Baseline,0.6589441394989758,0.08236801743737197,0.21080081069883025,0.2725657894736842,256.0,0.002574000544917874,2.3285909773111193,3.9890508815756536,1.0,0.5
snr,link.snr_db,10,,1000,prediction_only,0.21449490885500622,0.026811863606875777,0.7206056522589006,0.0,0.0,,2.7730402079550895,4.53388027069244,1.0,0.0
snr,link.snr_db,10,,1000,importance_only,0.6266703049158684,0.07833378811448355,0.2694606435626598,0.12322368421052632,256.0,0.002447930878577611,2.3608648118942277,4.074945550174697,1.0,0.25
snr,link.snr_db,10,,1000,snr_threshold,0.5275913897656933,0.06594892372071166,0.38284661170789464,0.25453947368421054,256.0,0.0020609038662722395,2.459943727044402,4.165104260441992,1.0,0.5
snr,link.snr_db,10,,1000,full_feedback,0.729055791121772,0.0911319738902215,0.1201627181002756,0.43125,1024.0,0.0007119685460173555,2.2584793256883238,3.879162025792583,1.0,1.0
snr,link.snr_db,10,,1000,Proposed_no_confidence,0.5067308325153093,0.06334135406441366,0.6326865762594944,0.16078947368421054,256.0,0.001979417314512927,2.480804284294786,4.18999318973788,1.0,0.34171052631578946
snr,link.snr_db,10,,1000,Proposed_no_importance,0.4815135178620706,0.06018918973275882,0.5809799764111283,0.13690789473684212,256.0,0.0018809121791487132,2.5060215989480246,4.230981799177431,1.0,0.29328947368421054
snr,link.snr_db,10,,1001,Exact,0.6983703392174648,0.0872962924021831,0.03833071254188322,0.22671052631578947,96.57263157894737,0.007231555439664627,2.2899917848197733,4.052394086654347,1.0,0.22671052631578947
snr,link.snr_db,10,,1001,Optimised,0.5084029513589217,0.06355036891986521,0.5246440619347849,0.14986842105263157,256.0,0.0019859490287457877,2.4799591726783166,4.301512908201981,1.0,0.30644736842105263
snr,link.snr_db,10,,1001,Proposed,0.5084029513589217,0.06355036891986521,0.5246440619347849,0.14986842105263157,256.0,0.0019859490287457877,2.4799591726783166,4.301512908201981,1.0,0.30644736842105263
snr,link.snr_db,10,,1001,Baseline,0.5857942807022423,0.07322428508778028,0.2295001252164797,0.29638157894736844,256.0,0.002288258908993134,2.4025678433349955,4.226122581937035,1.0,0.5
snr,link.snr_db,10,,1001,prediction_only,0.04910107394385397,0.006137634242981746,0.7492178474273327,0.0,0.0,,2.939261050093384,4.873034445568958,1.0,0.0
snr,link.snr_db,10,,1001,importance_only,0.548346905602133,0.06854336320026662,0.31433389424413555,0.1349342105263158,256.0,0.002141980100008332,2.440015218435104,4.325772890671604,1.0,0.25
snr,link.snr_db,10,,1001,snr_threshold,0.44065966265568385,0.05508245783196048,0.42253141813046835,0.275,256.0,0.001721326807248765,2.547702461381554,4.454056290711688,1.0,0.5
snr,link.snr_db,10,,1001,full_feedback,0.6574257101080488,0.0821782137635061,0.1369553357750412,0.4736184210526316,1024.0,0.0006420172950273914,2.330936413929189,4.1122024724414,1.0,1.0
snr,link.snr_db,10,,1001,Proposed_no_confidence,0.4611139055011904,0.0576392381876488,0.6148787478619696,0.17848684210526317,256.0,0.001801226193364025,2.527248218536047,4.3652290483357925,1.0,0.3491447368421053
snr,link.snr_db,10,,1001,Proposed_no_importance,0.4446099597904089,0.05557624497380111,0.6226632030138177,0.14921052631578946,256.0,0.0017367576554312848,2.543752164246829,4.431949016780679,1.0,0.29348684210526316
snr,link.snr_db,10,,1002,Exact,0.6849645426431494,0.08562056783039368,0.04046796730133821,0.22506578947368422,96.25263157894737,0.007116320160881364,2.3160418444878466,4.117366099542078,1.0,0.22506578947368422
snr,link.snr_db,10,,1002,Optimised,0.4949508350675469,0.06186885438344336,0.5664591522227369,0.15414473684210525,256.0,0.001933401699482605,2.506055552063449,4.3872385721183145,1.0,0.30703947368421053
snr,link.snr_db,10,,1002,Proposed,0.4949433136135446,0.061867914201693075,0.5665076056302362,0.15414473684210525,256.0,0.0019333723188029086,2.506063073517452,4.3872385721183145,1.0,0.30703947368421053
snr,link.snr_db,10,,1002,Baseline,0.569812969076493,0.07122662113456163,0.23439105348366235,0.2932236842105263,256.0,0.002225831910455051,2.431193418054503,4.298433811267342,1.0,0.5
snr,link.snr_db,10,,1002,prediction_only,0.06610397620206356,0.008262997025257944,0.7455971710641429,0.0,0.0,,2.9349024109289323,4.985908835194237,1.0,0.0
snr,link.snr_db,10,,1002,importance_only,0.5286070907937642,0.06607588634922053,0.3048598510129758,0.13664473684210526,256.0,0.0020648714484131415,2.4723992963372323,4.421250414409903,1.0,0.25
snr,link.snr_db,10,,1002,snr_threshold,0.3536137614712394,0.044201720183904926,0.4215875377100437,0.27960526315789475,256.0,0.001381303755747029,2.647392625659757,4.630840841211869,1.0,0.5
snr,link.snr_db,10,,1002,full_feedback,0.6422916721571766,0.08028645901964708,0.13823405660824417,0.4741447368421053,1024.0,0.0006272379610909928,2.3587147149738192,4.200577373852307,1.0,1.0
snr,link.snr_db,10,,1002,Proposed_no_confidence,0.458353706880847,0.05729421336010587,0.6444445151931509,0.18019736842105263,256.0,0.0017904441675033085,2.542652680250149,4.443724945587355,1.0,0.3480263157894737
snr,link.snr_db,10,,1002,Proposed_no_importance,0.4332476544327113,0.05415595680408891,0.6087361090874818,0.1531578947368421,256.0,0.0016923736501277785,2.5677587326982847,4.4849119085674864,1.0,0.29598684210526316
snr,link.snr_db,10,,1003,Exact,0.7957723545985164,0.09947154432481455,0.03404164470814802,0.19631578947368422,84.88421052631578,0.009374798324263276,2.264260075188212,3.9201192976950923,0.9994736842105263,0.19631578947368422
snr,link.snr_db,10,,1003,Optimised,0.5962017239338725,0.07452521549173406,0.5300489344497616,0.14144736842105263,256.0,0.0023289129841166894,2.463830705852856,4.153860579308847,1.0,0.3086842105263158
snr,link.snr_db,10,,1003,Proposed,0.5770355074223475,0.07212943842779344,0.5498981531108288,0.14092105263157895,256.0,0.002254044950868545,2.4829969223643813,4.190224488682321,1.0,0.3076315789473684
snr,link.snr_db,10,,1003,Baseline,0.6949345776266618,0.08686682220333272,0.21544120700662878,0.2675657894736842,256.0,0.0027145881938541476,2.365097852160067,4.119027468157658,0.9994736842105263,0.5
snr,link.snr_db,10,,1003,prediction_only,0.37633646567434587,0.04704205820929323,0.5573427580772633,0.0,0.0,,2.6836959641123825,4.502958486060303,1.0,0.0
snr,link.snr_db,10,,1003,importance_only,0.6616341782729136,0.0827042722841142,0.27038136772460586,0.12407894736842105,256.0,0.0025845085088785687,2.398398251513815,4.161284785304348,0.9994736842105263,0.25
snr,link.snr_db,10,,1003,snr_threshold,0.6321033259954323,0.07901291574942904,0.3232713111877273,0.2531578947368421,256.0,0.0024691536171696574,2.4279291037912962,4.176941169298707,0.9994736842105263,0.5
snr,link.snr_db,10,,1003,full_feedback,0.7614625263931623,0.09518281579914528,0.12811260063139654,0.4259210526315789,1024.0,0.0007436157484308225,2.2985699033935663,3.988180158807064,0.9994736842105263,1.0
snr,link.snr_db,10,,1003,Proposed_no_confidence,0.5753659023162961,0.07192073778953702,0.5055064897656015,0.14875,256.0,0.002247523055923032,2.484666527470432,4.190178906062344,1.0,0.32263157894736844
snr,link.snr_db,10,,1003,Proposed_no_importance,0.4841588736863308,0.06051985921079135,0.6208545171229515,0.12802631578947368,256.0,0.0018912456003372297,2.575873556100398,4.344587209386346,1.0,0.28282894736842107
snr,link.snr_db,10,,1004,Exact,0.7278083174014457,0.09097603967518071,0.03957170547904733,0.2294736842105263,98.94736842105263,0.007355509590759292,2.3174332729457428,3.9900900015990746,1.0,0.2294736842105263
snr,link.snr_db,10,,1004,Optimised,0.5466674048776263,0.06833342560970329,0.583182147177837,0.14914473684210527,256.0,0.002135419550303228,2.498574185469562,4.261385804844031,1.0,0.3051315789473684
snr,link.snr_db,10,,1004,Proposed,0.5444371719327418,0.06805464649159272,0.5560687699504926,0.14835526315789474,256.0,0.0021267077028622725,2.5008044184144467,4.26693686049015,1.0,0.3044078947368421
snr,link.snr_db,10,,1004,Baseline,0.6166658319561413,0.07708322899451767,0.2338925160781778,0.29407894736842105,256.0,0.002408850906078677,2.4285757583910472,4.200031700419821,1.0,0.5
snr,link.snr_db,10,,1004,prediction_only,0.21358732625291416,0.02669841578161427,0.814252522006713,0.0,0.0,,2.831654264094275,4.7007389497942045,1.0,0.0
snr,link.snr_db,10,,1004,importance_only,0.5779573916829547,0.07224467396036933,0.30706204069859905,0.1363815789473684,256.0,0.0022576460612615417,2.467284198664234,4.224302065795087,1.0,0.25
snr,link.snr_db,10,,1004,snr_threshold,0.4925745297044185,0.06157181621305231,0.3704879760678236,0.2766447368421053,256.0,0.0019241192566578848,2.55266706064277,4.399138587829476,1.0,0.5
snr,link.snr_db,10,,1004,full_feedback,0.6869714350335648,0.0858714293791956,0.13393843209702957,0.4672368421052632,1024.0,0.0006708705420249657,2.3582701553136243,4.063157361186501,1.0,1.0
snr,link.snr_db,10,,1004,Proposed_no_confidence,0.520875986385714,0.06510949829821425,0.628668287429302,0.16875,256.0,0.002034671821819195,2.5243656039614746,4.3053212928640505,1.0,0.3457236842105263
snr,link.snr_db,10,,1004,Proposed_no_importance,0.4922722398056551,0.06153402997570689,0.5962578328097778,0.14098684210526316,256.0,0.0019229384367408402,2.5529693505415336,4.348461992377196,1.0,0.2945394736842105
snr,link.snr_db,10,,1005,Exact,0.6833945180768198,0.08542431475960248,0.042630780731346726,0.2286842105263158,98.9642105263158,0.006905471325869839,2.269314199098325,3.995849875109021,1.0,0.2286842105263158
snr,link.snr_db,10,,1005,Optimised,0.5174114989053693,0.06467643736317116,0.5405756146881762,0.1538157894736842,256.0,0.002021138667599099,2.435297218269775,4.229831657602561,1.0,0.30546052631578946
snr,link.snr_db,10,,1005,Proposed,0.5172603988651907,0.06465754985814884,0.540526991542833,0.15394736842105264,256.0,0.002020548433067151,2.435448318309954,4.229996861609108,1.0,0.30565789473684213
snr,link.snr_db,10,,1005,Baseline,0.5777462870065487,0.07221828587581859,0.23952303205385486,0.29848684210526316,256.0,0.002256821433619331,2.3749624301685963,4.155031343850094,1.0,0.5
snr,link.snr_db,10,,1005,prediction_only,0.24918802975523185,0.031148503719403982,0.7832244373080103,0.0,0.0,,2.7035206874199122,4.5607414792823135,1.0,0.0
snr,link.snr_db,10,,1005,importance_only,0.5330464189465706,0.06663080236832132,0.3183881396114727,0.1419078947368421,256.0,0.0020822125740100413,2.419662298228574,4.268306453757065,1.0,0.25
snr,link.snr_db,10,,1005,snr_threshold,0.3396062876898978,0.042450785961237227,0.4498585356041067,0.29125,256.0,0.0013265870612886633,2.613102429485247,4.477315494777274,1.0,0.5
snr,link.snr_db,10,,1005,full_feedback,0.6428424654774385,0.08035530818467981,0.14192306487125356,0.4818421052631579,1024.0,0.000627775845192811,2.309866251697706,4.058525071055054,1.0,1.0
snr,link.snr_db,10,,1005,Proposed_no_confidence,0.5053083656216097,0.06316354570270122,0.5604655716977358,0.1713815789473684,256.0,0.001973860803209413,2.4474003515535347,4.237254274181654,1.0,0.3441447368421053
snr,link.snr_db,10,,1005,Proposed_no_importance,0.46570257714236757,0.058212822142795946,0.5752490562932194,0.14289473684210527,256.0,0.0018191506919623733,2.487006140032777,4.238632093983874,1.0,0.29296052631578945
snr,link.snr_db,10,,1006,Exact,0.7208185059137823,0.09010231323922278,0.03574066668570267,0.2080263157894737,89.36421052631579,0.008066075911916853,2.2660892065107374,3.92070918769228,1.0,0.2080263157894737
snr,link.snr_db,10,,1006,Optimised,0.5108279225317774,0.06385349031647218,0.516504651823206,0.15460526315789475,256.0,0.0019954215723897556,2.4760797898927422,4.2431920709846755,1.0,0.31085526315789475
snr,link.snr_db,10,,1006,Proposed,0.5093106139660984,0.0636638267457623,0.5220489709418282,0.15611842105263157,256.0,0.001989494585805072,2.4775970984584217,4.248205571731024,1.0,0.3109868421052632
snr,link.snr_db,10,,1006,Baseline,0.6107091785851234,0.07633864732314043,0.2178455350101906,0.2788815789473684,256.0,0.0023855827288481383,2.376198533839397,4.093515963713749,1.0,0.5
snr,link.snr_db,10,,1006,prediction_only,0.2083089492141937,0.026038618651774214,0.5872918307729434,0.0,0.0,,2.778598763210326,4.614959290561229,1.0,0.0
snr,link.snr_db,10,,1006,importance_only,0.5740835740430661,0.07176044675538326,0.27924890865703145,0.12605263157894736,256.0,0.002242513961105727,2.4128241383814535,4.194623836652772,1.0,0.25
snr,link.snr_db,10,,1006,snr_threshold,0.502228061161899,0.06277850764523737,0.3385645923367978,0.2642763157894737,256.0,0.001961828363913668,2.484679651262621,4.2504304294302795,1.0,0.5
snr,link.snr_db,10,,1006,full_feedback,0.677068919037823,0.08463361487972787,0.12747916664169695,0.44105263157894736,1024.0,0.000661200116247874,2.309838793386697,3.99905454711597,1.0,1.0
snr,link.snr_db,10,,1006,Proposed_no_confidence,0.5163148694150679,0.06453935867688348,0.4974738622457781,0.17842105263157895,256.0,0.002016854958652609,2.4705928430094524,4.210049324304938,1.0,0.3500657894736842
snr,link.snr_db,10,,1006,Proposed_no_importance,0.4581270757453752,0.0572658844681719,0.5656352457239272,0.14875,256.0,0.0017895588896303719,2.5287806366791448,4.306472580639195,1.0,0.3
snr,link.snr_db,10,,1007,Exact,0.6728723079472191,0.08410903849340239,0.03759176236843065,0.2280921052631579,97.92,0.006871653471683201,2.228512528330361,3.989922326155791,1.0,0.2280921052631579
snr,link.snr_db,10,,1007,Optimised,0.4644020937913567,0.05805026172391959,0.5923561992799935,0.1493421052631579,256.0,0.0018140706788724872,2.4369827424862236,4.347099261307482,1.0,0.3011184210526316
snr,link.snr_db,10,,1007,Proposed,0.4641383340705535,0.05801729175881919,0.5923986847600484,0.14947368421052631,256.0,0.0018130403674630996,2.437246502207027,4.347099261307482,1.0,0.30125
snr,link.snr_db,10,,1007,Baseline,0.5695814956903138,0.07119768696128922,0.2248565804175039,0.2907236842105263,256.0,0.0022249277175402883,2.3318033405872667,4.16671582940323,1.0,0.5
snr,link.snr_db,10,,1007,prediction_only,0.12879881718409247,0.01609985214801156,0.7864355383917118,0.0,0.0,,2.7725860190934877,4.844126528296504,1.0,0.0
snr,link.snr_db,10,,1007,importance_only,0.5229717531291487,0.06537146914114358,0.3166345002688003,0.13421052631578947,256.0,0.002042858410660737,2.3784130831484314,4.193644785377042,1.0,0.25
snr,link.snr_db,10,,1007,snr_threshold,0.46024683203628813,0.05753085400453602,0.4552678198556419,0.2730263157894737,256.0,0.0017978391876417505,2.441138004241292,4.385907143440182,1.0,0.5
snr,link.snr_db,10,,1007,full_feedback,0.6322990914125773,0.07903738642657217,0.13068805311326095,0.4669736842105263,1024.0,0.0006174795814575951,2.269085744865003,4.06544333302089,1.0,1.0
snr,link.snr_db,10,,1007,Proposed_no_confidence,0.46696283859937754,0.05837035482492219,0.5461963171532171,0.17,256.0,0.0018240735882788185,2.4344219976782027,4.348951584511762,1.0,0.3410526315789474
snr,link.snr_db,10,,1007,Proposed_no_importance,0.4447544073232914,0.055594300915411426,0.5642462222607558,0.1419736842105263,256.0,0.001737321903606607,2.4566304289542886,4.346208227680257,1.0,0.2925657894736842
snr,link.snr_db,10,,1008,Exact,0.6876712833692146,0.08595891042115182,0.04089403951713775,0.2236842105263158,97.21263157894737,0.007073888158358821,2.3014215016439286,3.949014909575171,1.0,0.2236842105263158
snr,link.snr_db,10,,1008,Optimised,0.48916622233420015,0.06114577779177502,0.5414754391236494,0.15322368421052632,256.0,0.0019108055559929693,2.499926562678943,4.295634641281341,1.0,0.30657894736842106
snr,link.snr_db,10,,1008,Proposed,0.48916622233420015,0.06114577779177502,0.5414754391236494,0.15322368421052632,256.0,0.0019108055559929693,2.499926562678943,4.295634641281341,1.0,0.30657894736842106
snr,link.snr_db,10,,1008,Baseline,0.5781978025362213,0.07227472531702767,0.22867439557237923,0.2906578947368421,256.0,0.0022585851661571146,2.4108949824769215,4.14339700927311,1.0,0.5
snr,link.snr_db,10,,1008,prediction_only,0.1987098467572509,0.024838730844656362,0.7507884389993759,0.0,0.0,,2.7903829382558922,4.6609541905471845,1.0,0.0
snr,link.snr_db,10,,1008,importance_only,0.5352040432129546,0.06690050540161932,0.332643004620779,0.13815789473684212,256.0,0.0020906407938006038,2.453888741800189,4.225083724251876,1.0,0.25
snr,link.snr_db,10,,1008,snr_threshold,0.4067263350129794,0.050840791876622424,0.42462931139859467,0.2783552631578947,256.0,0.0015887747461444507,2.5823664500001637,4.365194187529933,1.0,0.5
snr,link.snr_db,10,,1008,full_feedback,0.6418040514669292,0.08022550643336615,0.14132197258099927,0.47138157894736843,1024.0,0.000626761769010673,2.347288733546214,4.039671832705589,1.0,1.0
snr,link.snr_db,10,,1008,Proposed_no_confidence,0.48115289986478177,0.06014411248309772,0.5252328031118558,0.15407894736842107,256.0,0.0018795035150968038,2.5079398851483616,4.2859779489542635,1.0,0.3115131578947368
snr,link.snr_db,10,,1008,Proposed_no_importance,0.43083849425550697,0.05385481178193837,0.6080477851786215,0.14309210526315788,256.0,0.001682962868185574,2.558254290757636,4.326926864646725,1.0,0.2906578947368421
snr,link.snr_db,10,,1009,Exact,0.7239081131375705,0.09048851414219632,0.03839549864327938,0.21953947368421053,95.51157894736842,0.007579270713726547,2.2630292845876503,3.902810206198675,0.9997368421052631,0.21953947368421053
snr,link.snr_db,10,,1009,Optimised,0.529476891974005,0.06618461149675063,0.49572915429226067,0.15532894736842107,256.0,0.0020682691092734572,2.4574605057512158,4.177064121838385,1.0,0.3074342105263158
snr,link.snr_db,10,,1009,Proposed,0.5366121143885634,0.06707651429857042,0.49184560678536826,0.15703947368421053,256.0,0.0020961410718303257,2.4503252833366576,4.150337632101739,1.0,0.30907894736842106
snr,link.snr_db,10,,1009,Baseline,0.6167153215462706,0.07708941519328383,0.22469061959540634,0.28230263157894736,256.0,0.0024090442247901196,2.3702220761789503,4.090712720309504,0.9997368421052631,0.5
snr,link.snr_db,10,,1009,prediction_only,0.07237621346275477,0.009047026682844347,0.7154239369257064,0.0,0.0,,2.914561184262466,4.72065811767277,0.9997368421052631,0.0
snr,link.snr_db,10,,1009,importance_only,0.5691213552645781,0.07114016940807226,0.30196226463724524,0.1293421052631579,256.0,0.002223130294002258,2.4178160424606423,4.183279631301492,0.9997368421052631,0.25
snr,link.snr_db,10,,1009,snr_threshold,0.4412182504678634,0.055152281308482924,0.3655959585190127,0.2680921052631579,256.0,0.0017235087908900914,2.545719147257357,4.257535658879217,0.9997368421052631,0.5
snr,link.snr_db,10,,1009,full_feedback,0.6835545898172103,0.08544432372715129,0.1312994792898203,0.45032894736842105,1024.0,0.0006675337791183694,2.3033828079080103,3.971139180187938,0.9997368421052631,1.0
snr,link.snr_db,10,,1009,Proposed_no_confidence,0.47188433427945675,0.058985541784932094,0.5190740632539109,0.1630921052631579,256.0,0.001843298180779128,2.515053063445764,4.2792087290510645,1.0,0.32585526315789476
snr,link.snr_db,10,,1009,Proposed_no_importance,0.49082709309969674,0.06135338663746209,0.47409818134932125,0.14638157894736842,256.0,0.0019172933324206904,2.496110304625524,4.2088873745812085,0.9997368421052631,0.29486842105263156
snr,link.snr_db,15,,1000,Exact,1.8053654422422754,0.22567068028028442,0.014349382607280881,0.23217105263157894,94.33263157894737,0.019138291935928423,1.1821696745678199,2.4708527819897004,0.9636842105263158,0.23217105263157894
snr,link.snr_db,15,,1000,Optimised,1.4663726067492362,0.18329657584365452,0.2991802019327406,0.15578947368421053,256.0,0.005728017995114204,1.5211625100608592,2.9746664591160235,0.9810526315789474,0.3655263157894737
snr,link.snr_db,15,,1000,Proposed,1.438556545963122,0.17981956824539025,0.2973011720184804,0.15296052631578946,256.0,0.005619361507668445,1.5489785708469732,3.034000164739782,0.9776315789473684,0.3646052631578947
snr,link.snr_db,15,,1000,Baseline,1.6590837803028435,0.20738547253785544,0.12008567123572814,0.22513157894736843,256.0,0.0064807960168079826,1.328451336507252,2.7671905953157125,0.966842105263158,0.5
snr,link.snr_db,15,,1000,prediction_only,0.5604923230584768,0.0700615403823096,0.7206056522589006,0.0,0.0,,2.4270427937516184,4.111369390210274,0.9981578947368421,0.0
snr,link.snr_db,15,,1000,importance_only,1.5855509662113003,0.19819387077641254,0.2214916340838084,0.10546052631578948,256.0,0.006193558461762892,1.401984150598795,2.882312622428202,0.966842105263158,0.25
snr,link.snr_db,15,,1000,snr_threshold,1.2851930576213395,0.16064913220266744,0.3164120842292631,0.20111842105263159,256.0,0.0050202853813333575,1.7023420591887555,3.257702189639551,0.983421052631579,0.5
snr,link.snr_db,15,,1000,full_feedback,1.7798132677326755,0.22247665846658443,0.03993362063267675,0.33631578947368423,1024.0,0.0017380988942701909,1.2077218490774195,2.523089830328595,0.9639473684210527,1.0
snr,link.snr_db,15,,1000,Proposed_no_confidence,1.1920536668895898,0.14900670836119873,0.3674680987403058,0.14519736842105263,256.0,0.00465645963628746,1.7954814499205052,3.429986945967094,0.9768421052631578,0.3678947368421053
snr,link.snr_db,15,,1000,Proposed_no_importance,1.1094113645169164,0.13867642056461454,0.42393539008727155,0.1367763157894737,256.0,0.0043336381426442045,1.878123752293179,3.5132322535988534,0.9839473684210527,0.3373684210526316
snr,link.snr_db,15,,1001,Exact,1.731231901264171,0.21640398765802138,0.016851685646996704,0.2513815789473684,101.79368421052632,0.01700726243176045,1.2571302227730667,2.620723678136309,0.9644736842105263,0.2513815789473684
snr,link.snr_db,15,,1001,Optimised,1.0730611013396074,0.13413263766745093,0.41579465895939083,0.14598684210526316,256.0,0.0041916449271078415,1.9153010226976301,3.563312736438105,0.9844736842105263,0.34098684210526314
snr,link.snr_db,15,,1001,Proposed,1.3426748091782386,0.16783435114727982,0.3074628833227006,0.17203947368421052,256.0,0.005244823473352494,1.645687314858999,3.270106274352275,0.9781578947368421,0.37282894736842104
snr,link.snr_db,15,,1001,Baseline,1.5755128510544714,0.19693910638180892,0.13216296570468095,0.24743421052631578,256.0,0.006154347074431529,1.4128492729827662,2.892890276624893,0.9678947368421053,0.5
snr,link.snr_db,15,,1001,prediction_only,0.28560402231742243,0.035700502789677804,0.7492178474273327,0.0,0.0,,2.702758101719815,4.6119984761858595,0.9928947368421053,0.0
snr,link.snr_db,15,,1001,importance_only,1.4689538651093048,0.1836192331386631,0.25717132593960335,0.11578947368421053,256.0,0.005738101035583222,1.519408258927933,3.0666937577505213,0.9723684210526315,0.25
snr,link.snr_db,15,,1001,snr_threshold,1.2047807583448966,0.15059759479311208,0.3522023054994815,0.21585526315789474,256.0,0.004706174837284752,1.7835813656923412,3.4171017085451347,0.9813157894736843,0.5
snr,link.snr_db,15,,1001,full_feedback,1.7021851489786748,0.21277314362233435,0.04700331991275771,0.36427631578947367,1024.0,0.001662290184549487,1.2861769750585628,2.676673491403858,0.965,1.0
snr,link.snr_db,15,,1001,Proposed_no_confidence,1.0500836893377243,0.13126046116721554,0.43330645531136197,0.17809210526315788,256.0,0.004101889411475486,1.9382784346995137,3.6016110750056582,0.9852631578947368,0.40651315789473685
snr,link.snr_db,15,,1001,Proposed_no_importance,1.0188425175334892,0.12735531469168615,0.44796408905029883,0.15236842105263157,256.0,0.003979853584115192,1.9695196065037486,3.715532231024674,0.9855263157894737,0.3468421052631579
snr,link.snr_db,15,,1002,Exact,1.7257682392179963,0.21572102990224953,0.01767883453958708,0.25026315789473685,102.73684210526316,0.01679794904976533,1.2752381479130002,2.620531050558402,0.9613157894736842,0.25026315789473685
snr,link.snr_db,15,,1002,Optimised,1.332336680226316,0.1665420850282895,0.3330254755188773,0.16565789473684212,256.0,0.0052044401571340465,1.6686697069046803,3.332207423024716,0.9821052631578947,0.3659210526315789
snr,link.snr_db,15,,1002,Proposed,1.349787708874194,0.16872346360927426,0.32043920866612563,0.17269736842105263,256.0,0.005272608237789821,1.6512186782568017,3.281983382075786,0.9815789473684211,0.3773684210526316
snr,link.snr_db,15,,1002,Baseline,1.5584610205570695,0.19480762756963368,0.13817176905045334,0.24769736842105264,256.0,0.006087738361551053,1.4425453665739267,2.9219802587006867,0.9639473684210527,0.5
snr,link.snr_db,15,,1002,prediction_only,0.3395303770377915,0.042441297129723936,0.7455971710641429,0.0,0.0,,2.6614760100932044,4.685946666565714,0.9939473684210526,0.0
snr,link.snr_db,15,,1002,importance_only,1.4694633134966046,0.18368291418707558,0.2486869691329156,0.11710526315789474,256.0,0.005740091068346112,1.5315430736343916,3.1200846326630143,0.9681578947368421,0.25
snr,link.snr_db,15,,1002,snr_threshold,1.0999149089682903,0.13748936362103628,0.38764821837489677,0.21947368421052632,256.0,0.004296542613157384,1.9010914781627062,3.5457871204323554,0.9863157894736843,0.5
snr,link.snr_db,15,,1002,full_feedback,1.6956414489557743,0.21195518111947179,0.04517818146306644,0.3624342105263158,1024.0,0.0016558998524958733,1.305364938175222,2.702766797591136,0.9613157894736842,1.0
snr,link.snr_db,15,,1002,Proposed_no_confidence,0.8907617900097787,0.11134522375122234,0.4894950035266008,0.1531578947368421,256.0,0.003479538242225698,2.110244597121217,4.059492166331276,0.9857894736842105,0.37144736842105264
snr,link.snr_db,15,,1002,Proposed_no_importance,1.1026967294033894,0.13783709117542367,0.41317588778207437,0.15052631578947367,256.0,0.00430740909923199,1.8983096577276068,3.6776442193889123,0.9955263157894737,0.34578947368421054
snr,link.snr_db,15,,1003,Exact,1.806907984887754,0.22586349811096926,0.014176476070255814,0.21921052631578947,89.07789473684211,0.020284583400020872,1.2531244448989742,2.5596620265526657,0.9460526315789474,0.21921052631578947
snr,link.snr_db,15,,1003,Optimised,1.447208403216085,0.18090105040201063,0.29516955473380346,0.14703947368421053,256.0,0.005653157825062832,1.612824026570643,3.1016916542418485,0.9765789473684211,0.35519736842105265
snr,link.snr_db,15,,1003,Proposed,1.4878305016484152,0.1859788127060519,0.2789653801883809,0.14638157894736842,256.0,0.005811837897064122,1.5722019281383133,3.0880275385699667,0.9742105263157895,0.3507236842105263
snr,link.snr_db,15,,1003,Baseline,1.6727796479947878,0.20909745599934848,0.11829664335683336,0.21572368421052632,256.0,0.00653429549997964,1.3872527817919407,2.8285981215410687,0.9476315789473684,0.5
snr,link.snr_db,15,,1003,prediction_only,0.8849159670533857,0.11061449588167321,0.5573427580772633,0.0,0.0,,2.1751164627333424,3.8075067696186378,0.9997368421052631,0.0
snr,link.snr_db,15,,1003,importance_only,1.6033413267647867,0.20041766584559834,0.21829621363776566,0.10269736842105263,256.0,0.006263052057674948,1.4566911030219418,2.929505296168186,0.9502631578947368,0.25
snr,link.snr_db,15,,1003,snr_threshold,1.4643770473390532,0.18304713091738165,0.2493142303825993,0.20144736842105262,256.0,0.005720222841168176,1.5956553824476756,3.1752689026472343,0.9563157894736842,0.5
snr,link.snr_db,15,,1003,full_feedback,1.7811337134035174,0.22264171417543968,0.04067995813968809,0.3180921052631579,1024.0,0.0017393883919956225,1.278898716383211,2.619191438520998,0.9465789473684211,1.0
snr,link.snr_db,15,,1003,Proposed_no_confidence,1.282701704676205,0.16033771308452563,0.3457008733979974,0.1505921052631579,256.0,0.005010553533891426,1.7773307251105235,3.335847675500552,0.9771052631578947,0.3948684210526316
snr,link.snr_db,15,,1003,Proposed_no_importance,1.3703577074910835,0.17129471343638544,0.30677761176067175,0.1405921052631579,256.0,0.005352959794887045,1.689674722295645,3.2182074087807595,0.9773684210526316,0.34592105263157896
snr,link.snr_db,15,,1004,Exact,1.7474676798833826,0.21843345998542282,0.018059737340948488,0.2534868421052632,103.17473684210526,0.016936972493156358,1.297773910463806,2.602018787100957,0.9757894736842105,0.2534868421052632
snr,link.snr_db,15,,1004,Optimised,1.2978631519161903,0.16223289398952379,0.33193241862897227,0.1655263157894737,256.0,0.005069777937172618,1.7473784384309985,3.3694561872385833,0.9878947368421053,0.35927631578947367
snr,link.snr_db,15,,1004,Proposed,1.2466835441864694,0.15583544302330868,0.34965997601996907,0.15828947368421054,256.0,0.004869857594478396,1.798558046160719,3.483665174549481,0.9863157894736843,0.3561184210526316
snr,link.snr_db,15,,1004,Baseline,1.595188579779158,0.19939857247239476,0.13727697660642776,0.24717105263157896,256.0,0.006231205389762336,1.4500530105680307,2.9004012849456573,0.9768421052631578,0.5
snr,link.snr_db,15,,1004,prediction_only,0.48934638578060435,0.061168298222575544,0.814252522006713,0.0,0.0,,2.5558952045665846,4.35293882336523,1.0,0.0
snr,link.snr_db,15,,1004,importance_only,1.4971398193883514,0.18714247742354392,0.2528590399915057,0.11342105263157895,256.0,0.005848202419485748,1.5481017709588372,3.077116323863757,0.9773684210526316,0.25
snr,link.snr_db,15,,1004,snr_threshold,1.1510523345572117,0.14388154181965146,0.3780091093893604,0.22131578947368422,256.0,0.004496298181864108,1.8941892557899769,3.556066683213005,0.9821052631578947,0.5
snr,link.snr_db,15,,1004,full_feedback,1.720293595081942,0.21503669938524275,0.044683813348000076,0.35986842105263156,1024.0,0.001679974213947209,1.3249479952652465,2.6478382196574066,0.9757894736842105,1.0
snr,link.snr_db,15,,1004,Proposed_no_confidence,0.7631600011276695,0.09539500014095868,0.5208224491471464,0.16046052631578947,256.0,0.002981093754404959,2.282081589219519,4.0717838079814594,0.9876315789473684,0.38710526315789473
snr,link.snr_db,15,,1004,Proposed_no_importance,1.189854136646331,0.1487317670807914,0.39798316985971005,0.14861842105263157,256.0,0.004647867721274731,1.8553874537008572,3.4200828890800663,0.9926315789473684,0.3460526315789474
snr,link.snr_db,15,,1005,Exact,1.6609612413744153,0.2076201551718019,0.01806534855383308,0.2530263157894737,102.50105263157894,0.016204333504207347,1.2917474758007295,2.677461007286255,0.983421052631579,0.2530263157894737
snr,link.snr_db,15,,1005,Optimised,1.2387494961659347,0.15484368702074183,0.3329061312893021,0.16105263157894736,256.0,0.004838865219398182,1.71395922100921,3.2966345972261486,0.99,0.3542105263157895
snr,link.snr_db,15,,1005,Proposed,1.3249720218250876,0.16562150272813594,0.31308474327472585,0.1688157894736842,256.0,0.005175671960254248,1.6277366953500572,3.219980892799607,0.9936842105263158,0.36447368421052634
snr,link.snr_db,15,,1005,Baseline,1.5095458317715877,0.18869322897144847,0.1343981387053042,0.24802631578947368,256.0,0.005896663405357765,1.4431628854035567,2.976404552728109,0.9836842105263158,0.5
snr,link.snr_db,15,,1005,prediction_only,0.5733629976063688,0.0716703747007961,0.7832244373080103,0.0,0.0,,2.379345719568776,4.158392469245509,1.0,0.0
snr,link.snr_db,15,,1005,importance_only,1.4132416487425221,0.17665520609281526,0.25746391805804497,0.11802631578947369,256.0,0.005520475190400477,1.5394670684326226,3.1524560114096687,0.9852631578947368,0.25
snr,link.snr_db,15,,1005,snr_threshold,0.9017093326614344,0.1127136665826793,0.4014156115646517,0.22723684210526315,256.0,0.003522302080708728,2.05099938451371,3.706204508790907,0.9842105263157894,0.5
snr,link.snr_db,15,,1005,full_feedback,1.6314723153716781,0.20393403942145977,0.04677746386834928,0.37414473684210525,1024.0,0.0015932346829801544,1.3212364018034666,2.738660156012136,0.983421052631579,1.0
snr,link.snr_db,15,,1005,Proposed_no_confidence,1.1709491978898223,0.1463686497362278,0.3796780162015429,0.17467105263157895,256.0,0.0045740203042571185,1.7817595192853224,3.3935103646528155,0.995,0.3948684210526316
snr,link.snr_db,15,,1005,Proposed_no_importance,1.106315928686723,0.13828949108584038,0.4017419387150056,0.15848684210526315,256.0,0.004321546596432512,1.8463927884884217,3.4776647679130686,0.9955263157894737,0.3474342105263158
snr,link.snr_db,15,,1006,Exact,1.802839922047982,0.22535499025599776,0.014827500656024313,0.23125,93.25473684210526,0.01933242195622159,1.1840677903765382,2.46455984181153,0.9507894736842105,0.23125
snr,link.snr_db,15,,1006,Optimised,1.385616317720893,0.17320203971511164,0.3545668590684956,0.1568421052631579,256.0,0.005412563741097239,1.6012913947036271,3.0297243729382095,0.9905263157894737,0.3625
snr,link.snr_db,15,,1006,Proposed,1.4410727489311863,0.1801340936163983,0.2785481607882808,0.15901315789473683,256.0,0.0056291904255124465,1.5458349634933337,3.025657421898788,0.9610526315789474,0.37335526315789475
snr,link.snr_db,15,,1006,Baseline,1.659760170863515,0.20747002135793938,0.12190334409554111,0.22855263157894737,256.0,0.0064834381674356055,1.3271475415610052,2.7184166363774604,0.953421052631579,0.5
snr,link.snr_db,15,,1006,prediction_only,0.6937941623659234,0.08672427029574042,0.5872918307729434,0.0,0.0,,2.2931135500585964,4.038054667579697,0.9771052631578947,0.0
snr,link.snr_db,15,,1006,importance_only,1.5672551979867062,0.19590689974833828,0.22923089370035554,0.10355263157894737,256.0,0.006122090617135571,1.4196525144378136,2.8729260757310384,0.9547368421052631,0.25
snr,link.snr_db,15,,1006,snr_threshold,1.252789655098296,0.156598706887287,0.3209889402135164,0.20460526315789473,256.0,0.004893709590227719,1.7341180573262238,3.348757480505524,0.9573684210526315,0.5
snr,link.snr_db,15,,1006,full_feedback,1.7772534166144163,0.22215667707680203,0.040302224275746305,0.3319736842105263,1024.0,0.0017355990396625159,1.2096542958101038,2.501231569518583,0.9510526315789474,1.0
snr,link.snr_db,15,,1006,Proposed_no_confidence,1.1685011870234625,0.1460626483779328,0.3919477090717933,0.1367763157894737,256.0,0.0045644577618104,1.8184065254010575,3.387948780447908,0.9773684210526316,0.3656578947368421
snr,link.snr_db,15,,1006,Proposed_no_importance,1.1275791820960057,0.14094739776200071,0.42357936709608746,0.13453947368421051,256.0,0.004404606180062522,1.8593285303285143,3.5022996973057285,0.9847368421052631,0.3355921052631579
snr,link.snr_db,15,,1007,Exact,1.7016309679582864,0.2127038709947858,0.017432356096278582,0.24736842105263157,101.37263157894736,0.01678590110026969,1.1997538683192939,2.511288325853709,0.9576315789473684,0.24736842105263157
snr,link.snr_db,15,,1007,Optimised,1.3152529935640838,0.16440662419551047,0.330146807455792,0.1725657894736842,256.0,0.005137707006109702,1.5861318427134963,3.1701083657602034,0.9828947368421053,0.3667105263157895
snr,link.snr_db,15,,1007,Proposed,1.3534742385134646,0.16918427981418308,0.293062458575521,0.1748684210526316,256.0,0.005287008744193221,1.5479105977641154,3.1196821502497514,0.9813157894736843,0.3746052631578947
snr,link.snr_db,15,,1007,Baseline,1.5525798686677856,0.1940724835834732,0.13133604656993497,0.24947368421052632,256.0,0.006064765111983538,1.3488049676097944,2.7789405243801433,0.9615789473684211,0.5
snr,link.snr_db,15,,1007,prediction_only,0.3607888812110129,0.04509861015137661,0.7864355383917118,0.0,0.0,,2.5405959550665678,4.561799722700276,0.9881578947368421,0.0
snr,link.snr_db,15,,1007,importance_only,1.4471489761543987,0.18089362201929984,0.25714326972723756,0.1125,256.0,0.00565292568810312,1.4542358601231813,2.967289561376591,0.9665789473684211,0.25
snr,link.snr_db,15,,1007,snr_threshold,1.1386897292376321,0.14233621615470402,0.34710040252734703,0.22210526315789475,256.0,0.0044480067548345005,1.762695107039948,3.3831182108373365,0.9739473684210527,0.5
snr,link.snr_db,15,,1007,full_feedback,1.6695069313544613,0.20868836641930766,0.04523335043571253,0.3568421052631579,1024.0,0.001630377862650841,1.231877904923119,2.5763659929768337,0.9578947368421052,1.0
snr,link.snr_db,15,,1007,Proposed_no_confidence,0.9628223102623468,0.12035278878279335,0.4531013595727443,0.16322368421052633,256.0,0.003761024649462292,1.9385625260152335,3.762448119062465,0.9797368421052631,0.3788157894736842
snr,link.snr_db,15,,1007,Proposed_no_importance,1.1556905412056915,0.14446131765071143,0.3794059453715383,0.15328947368421053,256.0,0.004514416176584732,1.7456942950718886,3.4444393978168626,0.9813157894736843,0.34901315789473686
snr,link.snr_db,15,,1008,Exact,1.7393097037035017,0.2174137129629377,0.01788784303503588,0.24717105263157896,99.73894736842105,0.017438621016108647,1.2497830813096416,2.4819245484134207,0.9552631578947368,0.24717105263157896
snr,link.snr_db,15,,1008,Optimised,1.2522756234392072,0.1565344529299009,0.34176312526817726,0.15677631578947368,256.0,0.004891701654059403,1.7368171615739356,3.332882916806513,0.9705263157894737,0.36223684210526313
snr,link.snr_db,15,,1008,Proposed,1.3268448520464138,0.16585560650580172,0.33665251537742674,0.16006578947368422,256.0,0.005182987703306304,1.6622479329667295,3.1479624484947206,0.9771052631578947,0.3620394736842105
snr,link.snr_db,15,,1008,Baseline,1.5919829311788347,0.19899786639735434,0.12922599285702466,0.23848684210526316,256.0,0.006218683324917323,1.3971098538343085,2.716872722618928,0.9568421052631579,0.5
snr,link.snr_db,15,,1008,prediction_only,0.5134793417663195,0.06418491772078994,0.7507884389993759,0.0,0.0,,2.4756134432468238,4.265794869577701,0.9878947368421053,0.0
snr,link.snr_db,15,,1008,importance_only,1.472249988668561,0.18403124858357012,0.2719091328121913,0.11519736842105263,256.0,0.005750976518236566,1.516842796344582,2.955305182554072,0.9576315789473684,0.25
snr,link.snr_db,15,,1008,snr_threshold,1.0183690967445038,0.12729613709306298,0.40199387011888216,0.21855263157894736,256.0,0.003978004284158218,1.9707236882686392,3.583426563953598,0.9757894736842105,0.5
snr,link.snr_db,15,,1008,full_feedback,1.711239104723674,0.21390488809045924,0.04716073871974619,0.35855263157894735,1024.0,0.0016711319382067128,1.2778536802894696,2.5264235509666912,0.9552631578947368,1.0
snr,link.snr_db,15,,1008,Proposed_no_confidence,0.9848872651252281,0.12311090814065351,0.4365126064561972,0.17407894736842106,256.0,0.003847215879395422,2.004205519887915,3.7074965324208167,0.9826315789473684,0.40019736842105263
snr,link.snr_db,15,,1008,Proposed_no_importance,1.22931285867759,0.15366410733469876,0.373473610666005,0.1575,256.0,0.004802003354209336,1.759779926335553,3.3057952443809655,0.9736842105263158,0.3631578947368421
snr,link.snr_db,15,,1009,Exact,1.788527786268095,0.22356597328351188,0.016963341307170237,0.24427631578947367,99.58736842105263,0.01795938395225235,1.198409611457126,2.4992770791119336,0.9139473684210526,0.24427631578947367
snr,link.snr_db,15,,1009,Optimised,1.3437752642216512,0.1679719080277064,0.3531955970631364,0.16592105263157894,256.0,0.005249122125865825,1.6431621335035695,3.1425944874283287,0.9807894736842105,0.36473684210526314
snr,link.snr_db,15,,1009,Proposed,1.3577067122216129,0.1697133390277016,0.3374605222120756,0.17105263157894737,256.0,0.005303541844615675,1.6292306855036076,3.165989058108714,0.9726315789473684,0.3725
snr,link.snr_db,15,,1009,Baseline,1.6358611016058635,0.20448263770073294,0.1283026566473793,0.23625,256.0,0.006390082428147904,1.3510762961193574,2.746103204447562,0.9205263157894736,0.5
snr,link.snr_db,15,,1009,prediction_only,0.3600400610350058,0.045005007629375725,0.7154239369257064,0.0,0.0,,2.6268973366902153,4.38438043588281,0.9278947368421052,0.0
snr,link.snr_db,15,,1009,importance_only,1.5394881414169945,0.19243601767712432,0.24215285456662364,0.10526315789473684,256.0,0.006013625552410135,1.4474492563082266,2.9448745762667947,0.9244736842105263,0.25
snr,link.snr_db,15,,1009,snr_threshold,1.2478692392895057,0.1559836549111882,0.32103055466657404,0.20782894736842106,256.0,0.0048744892159746315,1.739068158435715,3.2750234694811526,0.9271052631578948,0.5
snr,link.snr_db,15,,1009,full_feedback,1.761759556988904,0.220219944623613,0.04288974856607558,0.3458552631578947,1024.0,0.0017204683173719765,1.2251778407363167,2.5451753544505857,0.9142105263157895,1.0
snr,link.snr_db,15,,1009,Proposed_no_confidence,0.9914563411428398,0.12393204264285497,0.43532940395550407,0.16125,256.0,0.003872876332589218,1.995481056582381,3.6346915036090586,0.9697368421052631,0.38651315789473684
snr,link.snr_db,15,,1009,Proposed_no_importance,1.2598820446917953,0.15748525558647442,0.3655273629817797,0.16835526315789473,256.0,0.0049214142370773255,1.7270553530334254,3.2831470132534317,0.9742105263157895,0.36467105263157895
snr,link.snr_db,20,,1000,Exact,2.6434891615714955,0.33043614519643694,0.008847538132485625,0.23842105263157895,96.55578947368421,0.02737784213645692,0.34404595523859993,1.1383381384699516,0.47868421052631577,0.23842105263157895
snr,link.snr_db,20,,1000,Optimised,2.1483199484913182,0.2685399935614148,0.3146979770062244,0.12855263157894736,256.0,0.008391874798794212,0.8392151683187772,2.121497402047985,0.5107894736842106,0.32973684210526316
snr,link.snr_db,20,,1000,Proposed,2.117190529578379,0.26464881619729735,0.31767941304765124,0.1306578947368421,256.0,0.008270275506165542,0.8703445872317164,2.209471149870612,0.5060526315789474,0.3332894736842105
snr,link.snr_db,20,,1000,Baseline,2.524235643339185,0.31552945541739813,0.1001504784878431,0.21282894736842106,256.0,0.009860295481793692,0.4632994734709102,1.4410114306715875,0.5357894736842105,0.5
snr,link.snr_db,20,,1000,prediction_only,0.9201335038336815,0.11501668797921019,0.7206056522589006,0.0,0.0,,2.067401612976414,3.6820662520706757,0.9265789473684211,0.0
snr,link.snr_db,20,,1000,importance_only,2.4449558856721527,0.3056194857090191,0.2124710229080185,0.09960526315789474,256.0,0.009550608928406847,0.5425792311379423,1.53512229609294,0.5805263157894737,0.25
snr,link.snr_db,20,,1000,snr_threshold,2.0763475347316596,0.25954344184145745,0.2942358611678285,0.18986842105263158,256.0,0.008110732557545545,0.911187582078436,2.198792817325318,0.725,0.5
snr,link.snr_db,20,,1000,full_feedback,2.6329838108868824,0.3291229763608603,0.018315254618235292,0.3055263157894737,1024.0,0.002571273252819221,0.3545513059232129,1.1654877319644221,0.4842105263157895,1.0
snr,link.snr_db,20,,1000,Proposed_no_confidence,2.02774057993214,0.2534675724915175,0.3579475533319723,0.13078947368421054,256.0,0.007920861640359923,0.9597945368779551,2.385971488482536,0.49973684210526315,0.3491447368421053
snr,link.snr_db,20,,1000,Proposed_no_importance,2.2559833348749563,0.28199791685936954,0.278707264281658,0.12756578947368422,256.0,0.008812434901855298,0.7315517819351387,1.9976770357402385,0.5013157894736842,0.32375
snr,link.snr_db,20,,1001,Exact,2.5922266299310297,0.3240283287413787,0.010175670573370271,0.26282894736842105,107.30105263157894,0.024158445479854795,0.39613549410620796,1.2882947901990323,0.49526315789473685,0.26282894736842105
snr,link.snr_db,20,,1001,Optimised,1.8572122642196758,0.23215153302745947,0.38406346581709,0.13828947368421052,256.0,0.0072547354071081085,1.1311498598175622,2.7267804765663866,0.5231578947368422,0.32763157894736844
snr,link.snr_db,20,,1001,Proposed,1.9296011176932044,0.24120013971165055,0.3610378556643954,0.14717105263157895,256.0,0.00753750436598908,1.0587610063440336,2.461704696540284,0.5226315789473684,0.3424342105263158
snr,link.snr_db,20,,1001,Baseline,2.4562831436716155,0.30703539295895194,0.1108338901973598,0.23414473684210527,256.0,0.009594856029967248,0.5320789803656221,1.6367936198764608,0.5578947368421052,0.5
snr,link.snr_db,20,,1001,prediction_only,0.7647463301821524,0.09559329127276905,0.7492178474273327,0.0,0.0,,2.2236157938550853,4.1403771828822515,0.8531578947368421,0.0
snr,link.snr_db,20,,1001,importance_only,2.3483977562059977,0.2935497195257497,0.24730065821101185,0.10855263157894737,256.0,0.009173428735179678,0.6399643678312398,1.7684272242479442,0.6189473684210526,0.25
snr,link.snr_db,20,,1001,snr_threshold,1.8678138581040884,0.23347673226301105,0.33429621151732236,0.20171052631578948,256.0,0.007296147883219095,1.1205482659331492,2.520462011685016,0.7921052631578948,0.5
snr,link.snr_db,20,,1001,full_feedback,2.5808436742220624,0.3226054592777578,0.02071061854114636,0.3263157894736842,1024.0,0.002520355150607483,0.40751844981517515,1.3171889795538543,0.5007894736842106,1.0
snr,link.snr_db,20,,1001,Proposed_no_confidence,1.5471750965344133,0.19339688706680166,0.4752656378272125,0.14309210526315788,256.0,0.006043652720837552,1.4411870275028242,3.0891837631930574,0.5168421052631579,0.3555921052631579
snr,link.snr_db,20,,1001,Proposed_no_importance,1.8012979165982166,0.22516223957477707,0.3952757522819429,0.1336842105263158,256.0,0.0070363199867117835,1.187064207439021,2.786406949730044,0.5252631578947369,0.32460526315789473
snr,link.snr_db,20,,1002,Exact,2.593159258107342,0.32414490726341777,0.01016981813964565,0.25861842105263155,105.21263157894737,0.02464684343686945,0.40784712902365394,1.328019838248366,0.5071052631578947,0.25861842105263155
snr,link.snr_db,20,,1002,Optimised,1.7788083030851378,0.22235103788564223,0.4098788731816906,0.1394736842105263,256.0,0.00694846993392632,1.222198084045858,2.8714139164802357,0.5271052631578947,0.3268421052631579
snr,link.snr_db,20,,1002,Proposed,2.1389254681909486,0.2673656835238686,0.3098991441760658,0.1469736842105263,256.0,0.008355177610120893,0.8620809189400476,2.3794407930166592,0.5410526315789473,0.33651315789473685
snr,link.snr_db,20,,1002,Baseline,2.459227833821339,0.30740347922766736,0.11272376081879268,0.23519736842105263,256.0,0.009606358725864605,0.541778553309657,1.6060234091368106,0.5636842105263158,0.5
snr,link.snr_db,20,,1002,prediction_only,0.7868181871367369,0.09835227339209211,0.7455971710641429,0.0,0.0,,2.214188199994259,4.172308070389114,0.9010526315789473,0.0
snr,link.snr_db,20,,1002,importance_only,2.3629098566355187,0.29536373207943983,0.23799636807104926,0.11111842105263157,256.0,0.009230116627482495,0.6380965304954779,1.7594328101415113,0.6126315789473684,0.25
snr,link.snr_db,20,,1002,snr_threshold,1.8376219407653631,0.2297027425956704,0.35896708492815654,0.20467105263157895,256.0,0.0071782107061147,1.163384446365633,2.453590754100845,0.7742105263157895,0.5
snr,link.snr_db,20,,1002,full_feedback,2.581640360842024,0.322705045105253,0.02027303214772555,0.32914473684210527,1024.0,0.002521133164884789,0.4193660262889725,1.3692574472357866,0.5118421052631579,1.0
snr,link.snr_db,20,,1002,Proposed_no_confidence,1.7301291594670012,0.21626614493337515,0.42962971259796706,0.15723684210526315,256.0,0.006758317029167973,1.2708772276639944,2.917182269877424,0.5347368421052632,0.3781578947368421
snr,link.snr_db,20,,1002,Proposed_no_importance,1.6906789544520842,0.21133486930651052,0.4157448807358882,0.14098684210526316,256.0,0.006604214665828454,1.3103274326789118,2.8859410435985624,0.5547368421052632,0.3298684210526316
snr,link.snr_db,20,,1003,Exact,2.659463234834531,0.3324329043543164,0.008229653125689561,0.22782894736842105,91.84,0.028957570065707,0.4005691949521978,1.2629864801313986,0.48157894736842105,0.22782894736842105
snr,link.snr_db,20,,1003,Optimised,2.007046966846475,0.2508808708558094,0.35972193784439277,0.10828947368421053,256.0,0.007840027214244044,1.0529854629402533,2.4960888464267557,0.4968421052631579,0.3024342105263158
snr,link.snr_db,20,,1003,Proposed,2.081033948949636,0.2601292436187045,0.3290782957207963,0.11138157894736841,256.0,0.008129038863084515,0.9789984808370924,2.462093098645559,0.4942105263157895,0.30717105263157896
snr,link.snr_db,20,,1003,Baseline,2.5476097882043263,0.3184512235255408,0.09549415305903235,0.20203947368421052,256.0,0.00995160073517315,0.5124226415824025,1.5239714633157797,0.5376315789473685,0.5
snr,link.snr_db,20,,1003,prediction_only,1.3656669276006348,0.17070836595007935,0.5573427580772633,0.0,0.0,,1.6943655021860935,3.199325843175245,0.9823684210526316,0.0
snr,link.snr_db,20,,1003,importance_only,2.4710666689904017,0.3088833336238002,0.20536105476983554,0.09644736842105263,256.0,0.009652604175743757,0.5889657607963267,1.6492113667177433,0.5681578947368421,0.25
snr,link.snr_db,20,,1003,snr_threshold,2.182387436968553,0.27279842962106915,0.23332167942828339,0.18723684210526315,256.0,0.008524950925658411,0.8776449928181759,2.168368520475618,0.7310526315789474,0.5
snr,link.snr_db,20,,1003,full_feedback,2.649091545930685,0.3311364432413356,0.01870805770165917,0.28625,1024.0,0.0025870034628229345,0.41094088385604355,1.2857910102084509,0.48526315789473684,1.0
snr,link.snr_db,20,,1003,Proposed_no_confidence,2.0520846862930853,0.25651058578663566,0.3517422908897459,0.11013157894736843,256.0,0.008015955805832364,1.007947743493643,2.510616289246664,0.4936842105263158,0.3169078947368421
snr,link.snr_db,20,,1003,Proposed_no_importance,2.1985670749820776,0.2748208843727597,0.28561445679881753,0.12013157894736842,256.0,0.00858815263664874,0.8614653548046504,2.2498804885490764,0.5005263157894737,0.3157236842105263
snr,link.snr_db,20,,1004,Exact,2.648725140872188,0.3310906426090235,0.011207863888853739,0.25973684210526315,106.52631578947368,0.02486451466233773,0.396516449475001,1.2768262084251643,0.48526315789473684,0.25973684210526315
snr,link.snr_db,20,,1004,Optimised,2.0884630602928285,0.26105788253660356,0.33666237243554,0.14203947368421052,256.0,0.008158058829268861,0.9567785300543602,2.4215936312559423,0.5142105263157895,0.3394736842105263
snr,link.snr_db,20,,1004,Proposed,1.9041290375449142,0.23801612969311428,0.3795137233718188,0.1382236842105263,256.0,0.007438004052909821,1.1411125528022743,2.670434660311921,0.5384210526315789,0.33401315789473685
snr,link.snr_db,20,,1004,Baseline,2.517034696066799,0.3146293370083499,0.11209838123544902,0.23098684210526316,256.0,0.009832166781510934,0.5282068942803895,1.5986859562419422,0.5528947368421052,0.5
snr,link.snr_db,20,,1004,prediction_only,0.7476513256866713,0.0934564157108339,0.814252522006713,0.0,0.0,,2.2975902646605175,4.035633559285808,0.996578947368421,0.0
snr,link.snr_db,20,,1004,importance_only,2.4081149465048206,0.3010143683131026,0.24646699573505162,0.10888157894736843,256.0,0.009406699009784456,0.6371266438423683,1.7749326270682007,0.5868421052631579,0.25
snr,link.snr_db,20,,1004,snr_threshold,1.8775280686600582,0.23469100858250727,0.36552409234036315,0.19940789473684212,256.0,0.007334094018203352,1.1677135216871304,2.655984672966997,0.6463157894736842,0.5
snr,link.snr_db,20,,1004,full_feedback,2.637656195849732,0.3297070244812165,0.02028887811748477,0.32493421052631577,1024.0,0.002575836128759504,0.40758539449745657,1.3050684099233167,0.49,1.0
snr,link.snr_db,20,,1004,Proposed_no_confidence,1.7357773966640724,0.21697217458300905,0.4303282221094994,0.1318421052631579,256.0,0.006780380455719033,1.3094641936831164,2.8261446664760363,0.5052631578947369,0.34098684210526314
snr,link.snr_db,20,,1004,Proposed_no_importance,2.057898178582215,0.2572372723227769,0.32093655868903004,0.14098684210526316,256.0,0.008038664760086777,0.9873434117649739,2.4451531259958137,0.5128947368421053,0.33980263157894736
snr,link.snr_db,20,,1005,Exact,2.5391534141169374,0.3173941767646172,0.009964907380829488,0.2626973684210526,108.14315789473685,0.023479556761126483,0.41355530305820687,1.3004893608591055,0.55,0.2626973684210526
snr,link.snr_db,20,,1005,Optimised,2.036319752805782,0.25453996910072274,0.32841844565762873,0.14664473684210527,256.0,0.007954374034397586,0.9163889643693629,2.319029835421685,0.5826315789473684,0.33480263157894735
snr,link.snr_db,20,,1005,Proposed,2.1580824240939323,0.26976030301174153,0.29439726374844166,0.14855263157894738,256.0,0.008430009469116923,0.7946262930812126,2.0992734414830747,0.5839473684210527,0.3393421052631579
snr,link.snr_db,20,,1005,Baseline,2.3993101747648486,0.2999137718456061,0.11226718130067205,0.23598684210526316,256.0,0.00937230537017519,0.553398542410296,1.6169088327253864,0.6089473684210527,0.5
snr,link.snr_db,20,,1005,prediction_only,0.856834538510597,0.10710431731382462,0.7832244373080103,0.0,0.0,,2.0958741786645474,3.766089084783034,1.0,0.0
snr,link.snr_db,20,,1005,importance_only,2.3117660798470947,0.28897075998088684,0.23974941290262028,0.11144736842105263,256.0,0.009030336249402714,0.6409426373280499,1.7683178093280476,0.6552631578947369,0.25
snr,link.snr_db,20,,1005,snr_threshold,1.758431269511241,0.21980390868890512,0.36973442086051295,0.21289473684210528,256.0,0.006868872146528285,1.1942774476639035,2.6333979660162163,0.6918421052631579,0.5
snr,link.snr_db,20,,1005,full_feedback,2.5283199275121575,0.3160399909390197,0.019983903580228127,0.33171052631578946,1024.0,0.0024690624292110913,0.42438878966298726,1.3260710517588046,0.5555263157894736,1.0
snr,link.snr_db,20,,1005,Proposed_no_confidence,1.6539394044745332,0.20674242555931666,0.4393286883459318,0.14473684210526316,256.0,0.0064607007987286455,1.2987693127006112,2.791480194671977,0.5686842105263158,0.35368421052631577
snr,link.snr_db,20,,1005,Proposed_no_importance,2.0581785902694945,0.2572723237836868,0.3142497532599185,0.1436184210526316,256.0,0.008039760118240213,0.8945301269056501,2.2563862297091086,0.5771052631578948,0.33144736842105266
snr,link.snr_db,20,,1006,Exact,2.6450635796224717,0.33063294745280897,0.009738058910499576,0.24118421052631578,97.70105263157895,0.02707303051889058,0.3418441328020484,1.1567626054560536,0.44894736842105265,0.24118421052631578
snr,link.snr_db,20,,1006,Optimised,2.18305173363364,0.272881466704205,0.3017430101862459,0.11644736842105263,256.0,0.008527545834506406,0.8038559787908799,2.2077910641902094,0.46473684210526317,0.32164473684210526
snr,link.snr_db,20,,1006,Proposed,2.2261775710676743,0.2782721963834593,0.29128449331497275,0.11980263157894737,256.0,0.008696006136983103,0.7607301413568456,2.112550531909446,0.4652631578947368,0.32473684210526316
snr,link.snr_db,20,,1006,Baseline,2.528129416745401,0.31601617709317514,0.10165956901297399,0.21769736842105264,256.0,0.009875505534161723,0.4587782956791192,1.4312195314898584,0.4934210526315789,0.5
snr,link.snr_db,20,,1006,prediction_only,1.325551601191449,0.16569395014893112,0.5872918307729434,0.0,0.0,,1.661356111233071,3.254580434655801,0.741578947368421,0.0
snr,link.snr_db,20,,1006,importance_only,2.4381871712253624,0.3047733964031703,0.22016602949838301,0.09842105263157895,256.0,0.009524168637599072,0.5487205411991576,1.5491085708286114,0.5410526315789473,0.25
snr,link.snr_db,20,,1006,snr_threshold,2.0788950803275728,0.2598618850409466,0.27899459190364617,0.19197368421052632,256.0,0.008120683907529581,0.9080126320969473,2.179928259598211,0.6013157894736842,0.5
snr,link.snr_db,20,,1006,full_feedback,2.6362649708322787,0.32953312135403484,0.018829125063822786,0.30375,1024.0,0.002574477510578397,0.3506427415922415,1.1666296405530032,0.4531578947368421,1.0
snr,link.snr_db,20,,1006,Proposed_no_confidence,1.9671643428516765,0.24589554285645956,0.38338684422822417,0.11861842105263158,256.0,0.007684235714264361,1.0197433695728437,2.4876393667860355,0.4639473684210526,0.34559210526315787
snr,link.snr_db,20,,1006,Proposed_no_importance,2.108117336109615,0.26351466701370185,0.315683507535584,0.12085526315789474,256.0,0.008234833344178183,0.8787903763149053,2.375625476101408,0.46289473684210525,0.32493421052631577
snr,link.snr_db,20,,1007,Exact,2.5601297190938817,0.3200162148867352,0.01056805223876523,0.2532236842105263,104.30315789473684,0.024545083492846637,0.34125511718369833,1.166722344189299,0.46421052631578946,0.2532236842105263
snr,link.snr_db,20,,1007,Optimised,2.0349089112050374,0.25436361390062967,0.3395060936693494,0.13861842105263159,256.0,0.007948862934394677,0.8664759250725428,2.3010419739262318,0.5097368421052632,0.33532894736842106
snr,link.snr_db,20,,1007,Proposed,1.8988843519221654,0.23736054399027068,0.3735413586422467,0.1411184210526316,256.0,0.007417516999695959,1.0025004843554146,2.4947072819436995,0.5063157894736842,0.33828947368421053
snr,link.snr_db,20,,1007,Baseline,2.439084100132979,0.3048855125166224,0.10929581122897293,0.235,256.0,0.00952767226614445,0.4623007361446008,1.502295427914061,0.5205263157894737,0.5
snr,link.snr_db,20,,1007,prediction_only,0.7087104486085587,0.08858880607606984,0.7864355383917118,0.0,0.0,,2.192674387669021,4.073977498135428,0.8365789473684211,0.0
snr,link.snr_db,20,,1007,importance_only,2.330712269818526,0.29133903372731573,0.24570532168572354,0.10888157894736843,256.0,0.009104344803978617,0.5706725664590538,1.6672600598755531,0.5663157894736842,0.25
snr,link.snr_db,20,,1007,snr_threshold,1.8912386252886941,0.23640482816108677,0.33205742802949473,0.20282894736842105,256.0,0.0073876508800339614,1.0101462109888861,2.4322564964659676,0.641578947368421,0.5
snr,link.snr_db,20,,1007,full_feedback,2.5490779713990803,0.31863474642488504,0.02041809476396846,0.3225,1024.0,0.0024893339564444144,0.35230686487849994,1.193391506397088,0.4702631578947368,1.0
snr,link.snr_db,20,,1007,Proposed_no_confidence,1.7427077821336967,0.2178384727667121,0.4241925593099281,0.15644736842105264,256.0,0.006807452273959753,1.1586770541438838,2.7262929998040697,0.5505263157894736,0.3813157894736842
snr,link.snr_db,20,,1007,Proposed_no_importance,2.0236364005269443,0.25295455006586803,0.32971240069395896,0.14019736842105263,256.0,0.007904829689558376,0.8777484357506361,2.336278996566622,0.5763157894736842,0.3386842105263158
snr,link.snr_db,20,,1008,Exact,2.5975186963038004,0.32468983703797505,0.01014539565739373,0.2555921052631579,103.39368421052632,0.025122605081126917,0.39157408870934324,1.1875813290722923,0.4978947368421053,0.2555921052631579
snr,link.snr_db,20,,1008,Optimised,1.9139962521403309,0.23924953151754136,0.35837987000508076,0.1375,256.0,0.0074765478599231674,1.0750965328728124,2.5460107165137917,0.545,0.33322368421052634
snr,link.snr_db,20,,1008,Proposed,2.152113587928153,0.26901419849101915,0.30027472459235693,0.1482236842105263,256.0,0.008406693702844348,0.8369791970849898,2.0964311627799077,0.5755263157894737,0.3439473684210526
snr,link.snr_db,20,,1008,Baseline,2.4768530779698366,0.30960663474622957,0.10740173282853098,0.22671052631578947,256.0,0.009675207335819674,0.5122397070433065,1.5076206355491657,0.55,0.5
snr,link.snr_db,20,,1008,prediction_only,0.8378201949306013,0.10472752436632517,0.7507884389993759,0.0,0.0,,2.1512725900825416,3.884339516903851,0.9189473684210526,0.0
snr,link.snr_db,20,,1008,importance_only,2.3412510243054507,0.29265637803818134,0.2574550262161466,0.11006578947368421,256.0,0.009145511813693167,0.6478417607076924,1.7365353396858636,0.6060526315789474,0.25
snr,link.snr_db,20,,1008,snr_threshold,1.7543533878145336,0.2192941734768167,0.3765865681321666,0.20098684210526316,256.0,0.006852942921150522,1.2347393971986094,2.655226916247039,0.6607894736842105,0.5
snr,link.snr_db,20,,1008,full_feedback,2.5868823928568063,0.3233602991071008,0.020962317013003322,0.3225,1024.0,0.002526252336774225,0.40221039215633697,1.2137732932923695,0.5044736842105263,1.0
snr,link.snr_db,20,,1008,Proposed_no_confidence,1.7403574993108968,0.2175446874138621,0.42258842611052433,0.15138157894736842,256.0,0.0067982714816831906,1.2487352857022462,2.786690712155228,0.5263157894736842,0.3753947368421053
snr,link.snr_db,20,,1008,Proposed_no_importance,1.7580875979561779,0.21976094974452223,0.4188802613892266,0.12789473684210526,256.0,0.00686752967951632,1.2310051870569652,2.7264487978316176,0.5273684210526316,0.31835526315789475
snr,link.snr_db,20,,1009,Exact,2.6310841364587136,0.3288855170573392,0.010479071016048135,0.2550657894736842,104.55578947368421,0.025164404091855046,0.3558532612665072,1.2105769180800472,0.41657894736842105,0.2550657894736842
snr,link.snr_db,20,,1009,Optimised,2.059484750508464,0.257435593813558,0.33572321412887524,0.12980263157894736,256.0,0.008044862306673688,0.9274526472167567,2.236648452266541,0.44842105263157894,0.34
snr,link.snr_db,20,,1009,Proposed,2.2506649672148447,0.2813331209018556,0.27870989147487185,0.13440789473684212,256.0,0.008791660028182987,0.7362724305103763,2.1050766558226037,0.4463157894736842,0.3469736842105263
snr,link.snr_db,20,,1009,Baseline,2.5116405132772717,0.31395506415965896,0.10509379227383443,0.22421052631578947,256.0,0.009811095754989342,0.4752968844479497,1.4988906561951083,0.46210526315789474,0.5
snr,link.snr_db,20,,1009,prediction_only,0.8485434572703556,0.10606793215879445,0.7154239369257064,0.0,0.0,,2.1383939404548653,3.8461338748792366,0.5686842105263158,0.0
snr,link.snr_db,20,,1009,importance_only,2.4111592907879342,0.3013949113484918,0.23312295979527778,0.09993421052631579,256.0,0.009418590979640368,0.5757781069372867,1.6674289341464696,0.5018421052631579,0.25
snr,link.snr_db,20,,1009,snr_threshold,2.0343435926097504,0.2542929490762188,0.29749597558575175,0.1919078947368421,256.0,0.007946654658631837,0.9525938051154705,2.350263297193186,0.5389473684210526,0.5
snr,link.snr_db,20,,1009,full_feedback,2.6227455022177604,0.32784318777722005,0.01947105863881917,0.3115131578947368,1024.0,0.0025612749045095316,0.36419189550746045,1.2345970478331239,0.4192105263157895,1.0
snr,link.snr_db,20,,1009,Proposed_no_confidence,1.7478459944762206,0.21848074930952757,0.4238603044437246,0.12263157894736842,256.0,0.006827523415922737,1.2390914032490004,2.778273568380599,0.44894736842105265,0.35986842105263156
snr,link.snr_db,20,,1009,Proposed_no_importance,1.9424815997244458,0.24281019996555572,0.35732466931566403,0.12664473684210525,256.0,0.007587818748923616,1.044455798000775,2.4312475088420142,0.4478947368421053,0.3360526315789474
snr,link.snr_db,25,,1000,Exact,2.939326898417277,0.3674158623021596,0.007194732241521781,0.2417105263157895,98.84631578947368,0.029736332355346028,0.048208218392818296,0.3997070945523424,0.060263157894736845,0.2417105263157895
snr,link.snr_db,25,,1000,Optimised,2.705914306852856,0.338239288356607,0.29139113457180427,0.12480263157894737,256.0,0.010569977761143969,0.28162080995723904,1.238100667187259,0.06605263157894736,0.3207236842105263
snr,link.snr_db,25,,1000,Proposed,2.6734554467345957,0.33418193084182446,0.30456646391771985,0.12427631578947368,256.0,0.010443185338807014,0.31407967007549986,1.248946446792146,0.06657894736842106,0.32467105263157897
snr,link.snr_db,25,,1000,Baseline,2.8849386923428892,0.36061733654286116,0.09649527423912406,0.21092105263157895,256.0,0.011269291766964411,0.1025964244672059,0.7761213350405177,0.1118421052631579,0.5
snr,link.snr_db,25,,1000,prediction_only,1.1937274048448052,0.14921592560560065,0.7206056522589006,0.0,0.0,,1.7938077119652902,3.262526872217313,0.7605263157894737,0.0
snr,link.snr_db,25,,1000,importance_only,2.832877461531517,0.3541096826914396,0.20904667912981192,0.09868421052631579,256.0,0.011065927584107488,0.1546576552785784,0.7924393095386799,0.17842105263157895,0.25
snr,link.snr_db,25,,1000,snr_threshold,2.595232186908763,0.32440402336359536,0.3092160763928564,0.1844078947368421,256.0,0.010137625730112355,0.3923029299013324,1.3944267304744298,0.22,0.5
snr,link.snr_db,25,,1000,full_feedback,2.9377585776160777,0.3672198222020097,0.011483217222408302,0.29328947368421054,1024.0,0.002868904860953201,0.04977653919401728,0.41099523804377547,0.06263157894736843,1.0
snr,link.snr_db,25,,1000,Proposed_no_confidence,2.48728162651139,0.31091020331392377,0.38810532787206037,0.11973684210526316,256.0,0.009715943853560118,0.5002534902987054,1.5897642348734218,0.06631578947368422,0.3319736842105263
snr,link.snr_db,25,,1000,Proposed_no_importance,2.614188881815002,0.32677361022687523,0.3275757937330668,0.11342105263157895,256.0,0.010211675319589851,0.37334623499509306,1.4173905243790264,0.07578947368421053,0.30407894736842106
snr,link.snr_db,25,,1001,Exact,2.9281743934289377,0.3660217991786172,0.007031572896431274,0.2654605263157895,110.68631578947368,0.02645471007453487,0.06018773060830054,0.48441993278532774,0.06921052631578947,0.2654605263157895
snr,link.snr_db,25,,1001,Optimised,2.4581555886893662,0.3072694485861708,0.3769988977216521,0.1319078947368421,256.0,0.009602170268317837,0.5302065353478714,1.669575546241816,0.08131578947368422,0.3211842105263158
snr,link.snr_db,25,,1001,Proposed,2.3697310250291066,0.2962163781286383,0.38603786761369613,0.1363815789473684,256.0,0.009256761816519948,0.6186310990081307,1.796185219606068,0.08342105263157895,0.3250657894736842
snr,link.snr_db,25,,1001,Baseline,2.862081765832002,0.35776022072900027,0.10434680099156632,0.2294736842105263,256.0,0.011180006897781258,0.12628035820523562,0.8592801170053597,0.13052631578947368,0.5
snr,link.snr_db,25,,1001,prediction_only,1.2496979279936435,0.15621224099920544,0.7492178474273327,0.0,0.0,,1.7386641960435942,3.6067148819623815,0.6042105263157894,0.0
snr,link.snr_db,25,,1001,importance_only,2.785426857384103,0.3481783571730129,0.24587693765434002,0.10684210526315789,256.0,0.010880573661656652,0.2029352666531347,0.9669659820461483,0.20842105263157895,0.25
snr,link.snr_db,25,,1001,snr_threshold,2.3325890678824073,0.2915736334853009,0.33300905877004866,0.19447368421052633,256.0,0.009111676046415653,0.6557730561548303,1.9353683101587777,0.4513157894736842,0.5
snr,link.snr_db,25,,1001,full_feedback,2.9256052648470874,0.3657006581058859,0.012320719566567481,0.3156578947368421,1024.0,0.0028570363914522338,0.06275685919015049,0.4977000339774485,0.07263157894736842,1.0
snr,link.snr_db,25,,1001,Proposed_no_confidence,2.0659752412043306,0.25824690515054133,0.481402019885212,0.1351315789473684,256.0,0.008070215785954417,0.922386882832907,2.4399230603234874,0.07973684210526316,0.3450657894736842
snr,link.snr_db,25,,1001,Proposed_no_importance,2.531488633872695,0.3164360792340869,0.3528360698950254,0.12552631578947368,256.0,0.009888627476065216,0.4568734901645427,1.5630114802911173,0.07973684210526316,0.31723684210526315
snr,link.snr_db,25,,1002,Exact,2.933461076460812,0.3666826345576015,0.00772890971271516,0.26013157894736844,107.03157894736842,0.027407435313117342,0.06754531067018424,0.5257138221823048,0.0886842105263158,0.26013157894736844
snr,link.snr_db,25,,1002,Optimised,2.42358435146966,0.3029480439337075,0.3730462466121772,0.13453947368421051,256.0,0.00946712637292836,0.5774220356613358,2.0147948305682477,0.09815789473684211,0.3244078947368421
snr,link.snr_db,25,,1002,Proposed,2.56319137495186,0.3203989218689825,0.3420321527903495,0.1430263157894737,256.0,0.010012466308405703,0.4378150121791361,1.5554768427647714,0.09868421052631579,0.33151315789473684
snr,link.snr_db,25,,1002,Baseline,2.8700419009621134,0.3587552376202642,0.10656949129407545,0.23282894736842105,256.0,0.011211101175633256,0.1309644861688824,0.8389206488390784,0.1455263157894737,0.5
snr,link.snr_db,25,,1002,prediction_only,1.208317289999015,0.1510396612498769,0.7455971710641429,0.0,0.0,,1.7926890971319809,3.5627237258163595,0.7476315789473684,0.0
snr,link.snr_db,25,,1002,importance_only,2.805841581954202,0.3507301977442753,0.23551511082692606,0.10789473684210527,256.0,0.010960318679508602,0.19516480517679435,0.8932360239109775,0.20421052631578948,0.25
snr,link.snr_db,25,,1002,snr_threshold,2.2810711125999372,0.28513388907499215,0.3451165740722264,0.19940789473684212,256.0,0.008910434033593505,0.7199352745310583,1.9944002528641027,0.5357894736842105,0.5
snr,link.snr_db,25,,1002,full_feedback,2.9311423979800337,0.3663927997475042,0.012411843376877922,0.3173684210526316,1024.0,0.0028624437480273767,0.06986398915096198,0.5393713601816787,0.09131578947368421,1.0
snr,link.snr_db,25,,1002,Proposed_no_confidence,2.193970225731909,0.2742462782164886,0.4435759669495075,0.1405921052631579,256.0,0.00857019619426527,0.8070361613990872,2.1600598379525087,0.09763157894736842,0.3451315789473684
snr,link.snr_db,25,,1002,Proposed_no_importance,2.4689016168179316,0.30861270210224145,0.3602213707153232,0.13203947368421054,256.0,0.009644146940695045,0.5321047703130648,1.8976231438940176,0.09447368421052632,0.31934210526315787
snr,link.snr_db,25,,1003,Exact,2.995485603099189,0.37443570038739865,0.006491184713070937,0.23098684210526316,93.94526315789474,0.03188543522481433,0.06454682668753903,0.5366159815858107,0.07052631578947369,0.23098684210526316
snr,link.snr_db,25,,1003,Optimised,2.816726155635431,0.35209076945442885,0.26077306227769603,0.11921052631578948,256.0,0.011002836545450902,0.24330627415129763,1.1559428106192144,0.08210526315789474,0.3142763157894737
snr,link.snr_db,25,,1003,Proposed,2.7481381705427395,0.34351727131784243,0.27525841607551527,0.1169078947368421,256.0,0.010734914728682576,0.31189425924398895,1.2038031917999907,0.07894736842105263,0.31453947368421054
snr,link.snr_db,25,,1003,Baseline,2.936124912844745,0.36701561410559314,0.09025880742206699,0.19921052631578948,256.0,0.011469237940799785,0.1239075169419834,0.8523052419054606,0.12894736842105264,0.5
snr,link.snr_db,25,,1003,prediction_only,1.6915442904824713,0.21144303631030892,0.5573427580772633,0.0,0.0,,1.3684881393042572,2.7670855454795413,0.9152631578947369,0.0
snr,link.snr_db,25,,1003,importance_only,2.8842859848769464,0.3605357481096183,0.20201428595119547,0.09394736842105263,256.0,0.011266742128425572,0.175746444909782,0.8760874562918183,0.19473684210526315,0.25
snr,link.snr_db,25,,1003,snr_threshold,2.5813450177775454,0.3226681272221932,0.2249476487689915,0.18151315789473685,256.0,0.010083378975693537,0.4786874120091826,1.4514860761280692,0.445,0.5
snr,link.snr_db,25,,1003,full_feedback,2.9942102721620043,0.37427628402025054,0.011328617428895729,0.2750657894736842,1024.0,0.0029240334689082073,0.0658221576247242,0.5430616448378203,0.07263157894736842,1.0
snr,link.snr_db,25,,1003,Proposed_no_confidence,2.329779954021177,0.2912224942526471,0.4082290565616343,0.11467105263157895,256.0,0.009100702945395223,0.7302524757655516,2.070202720346713,0.07605263157894737,0.3261842105263158
snr,link.snr_db,25,,1003,Proposed_no_importance,2.549965493232156,0.3187456866540195,0.34206886753693244,0.10328947368421053,256.0,0.009960802707938109,0.5100669365545725,1.6193327466680731,0.07552631578947368,0.2926315789473684
snr,link.snr_db,25,,1004,Exact,2.986299122351638,0.37328739029395475,0.0085517931931715,0.26210526315789473,108.3621052631579,0.02755851886689905,0.0589424679955508,0.46767822301814893,0.06947368421052631,0.26210526315789473
snr,link.snr_db,25,,1004,Optimised,2.744101541742024,0.343012692717753,0.27801547462224196,0.13236842105263158,256.0,0.01071914664742978,0.30114004860516475,1.3344051868791034,0.14605263157894738,0.32730263157894735
snr,link.snr_db,25,,1004,Proposed,2.7075677791999384,0.3384459723999923,0.2914235586498909,0.12651315789473686,256.0,0.01057643663749976,0.3376738111472501,1.3536144528698166,0.07921052631578947,0.3223026315789474
snr,link.snr_db,25,,1004,Baseline,2.927435114789129,0.3659293893486411,0.10396662716094629,0.22638157894736843,256.0,0.011435293417145035,0.11780647555805994,0.804243158532726,0.1231578947368421,0.5
snr,link.snr_db,25,,1004,prediction_only,1.0144330294483934,0.12680412868104918,0.814252522006713,0.0,0.0,,2.030808560898795,3.6886137577822615,0.9478947368421052,0.0
snr,link.snr_db,25,,1004,importance_only,2.8506110691426496,0.3563263836428312,0.24148100534557812,0.10631578947368421,256.0,0.011135199488838475,0.19463052120453875,0.914266713145487,0.1976315789473684,0.25
snr,link.snr_db,25,,1004,snr_threshold,2.2594673122127844,0.28243341402659805,0.37738680705252986,0.19736842105263158,256.0,0.008826044188331189,0.7857742781344039,2.273389612467022,0.3181578947368421,0.5
snr,link.snr_db,25,,1004,full_feedback,2.9838653788911493,0.37298317236139367,0.012810379416945563,0.3130921052631579,1024.0,0.002913931034073388,0.06137621145603942,0.4901512468429774,0.0718421052631579,1.0
snr,link.snr_db,25,,1004,Proposed_no_confidence,2.3396180120639283,0.29245225150799103,0.4212823747980317,0.14032894736842105,256.0,0.00913913285962472,0.7056235782832602,2.133013891894621,0.10552631578947369,0.35328947368421054
snr,link.snr_db,25,,1004,Proposed_no_importance,2.481835588161966,0.31022944852024575,0.3551766732925293,0.12532894736842104,256.0,0.00969467026625768,0.5634060021852225,1.6992593411129873,0.08052631578947368,0.3194078947368421
snr,link.snr_db,25,,1005,Exact,2.884752076683995,0.36059400958549936,0.007508228654893919,0.2650657894736842,110.66947368421053,0.02606637567388711,0.0679566404911498,0.5673179522807406,0.08368421052631579,0.2650657894736842
snr,link.snr_db,25,,1005,Optimised,2.4094946430730193,0.3011868303841274,0.3780049100833849,0.12921052631578947,256.0,0.009412088449503982,0.5432140741021252,1.8312080776529738,0.09236842105263159,0.3094078947368421
snr,link.snr_db,25,,1005,Proposed,2.625465056221116,0.3281831320276395,0.31670166691236024,0.13894736842105262,256.0,0.010255722875863734,0.32724366095402874,1.3081467318830937,0.09473684210526316,0.3251973684210526
snr,link.snr_db,25,,1005,Baseline,2.819797110730815,0.3524746388413519,0.10516363286225325,0.23151315789473684,256.0,0.011014832463792246,0.1329116064443295,0.8805468762657439,0.15342105263157896,0.5
snr,link.snr_db,25,,1005,prediction_only,1.0446483383672438,0.13058104229590548,0.7832244373080103,0.0,0.0,,1.9080603788079007,3.44495894449636,0.9994736842105263,0.0
snr,link.snr_db,25,,1005,importance_only,2.7571769150311636,0.34464711437889545,0.23534843037661007,0.10868421052631579,256.0,0.010770222324340483,0.19553180214398094,0.9569605247002633,0.22342105263157894,0.25
snr,link.snr_db,25,,1005,snr_threshold,2.210495470692223,0.27631193383652786,0.36727140969205746,0.2056578947368421,256.0,0.008634747932391496,0.7422132464829223,1.9979897131081514,0.38473684210526315,0.5
snr,link.snr_db,25,,1005,full_feedback,2.882484515627092,0.3603105644533865,0.01226908448663368,0.31796052631578947,1024.0,0.002814926284792082,0.07022420154805217,0.5796954525393656,0.08605263157894737,1.0
snr,link.snr_db,25,,1005,Proposed_no_confidence,2.2957005156300205,0.28696256445375257,0.4205605054708484,0.13322368421052633,256.0,0.008967580139179768,0.6570082015451242,1.821100197213632,0.09131578947368421,0.3357894736842105
snr,link.snr_db,25,,1005,Proposed_no_importance,2.3925130256225176,0.2990641282028147,0.3883039488686068,0.13131578947368422,256.0,0.00934575400633796,0.5601956915526276,1.7328471818195752,0.09157894736842105,0.3142105263157895
snr,link.snr_db,25,,1006,Exact,2.9399920944916693,0.36749901181145866,0.007185875690935459,0.24394736842105263,100.37894736842105,0.029288931310476992,0.04691561793285077,0.38297375211330004,0.05473684210526316,0.24394736842105263
snr,link.snr_db,25,,1006,Optimised,2.5628071041946967,0.3203508880243371,0.3574417745216465,0.10421052631578948,256.0,0.010010965250760534,0.4241006082298235,1.4480861623970727,0.05973684210526316,0.3031578947368421
snr,link.snr_db,25,,1006,Proposed,2.643928850124296,0.330491106265537,0.3148476261588495,0.11467105263157895,256.0,0.010327847070798032,0.3429788623002241,1.3312358271983968,0.06368421052631579,0.31855263157894737
snr,link.snr_db,25,,1006,Baseline,2.882680354881952,0.360335044360244,0.09749574646506291,0.21572368421052632,256.0,0.011260470136257625,0.10422735754256825,0.7686617656044276,0.10578947368421053,0.5
snr,link.snr_db,25,,1006,prediction_only,1.8445386227818326,0.23056732784772907,0.5872918307729434,0.0,0.0,,1.1423690896426877,2.5026313582248334,0.4023684210526316,0.0
snr,link.snr_db,25,,1006,importance_only,2.833687167741234,0.35421089596765426,0.21942992268420275,0.09730263157894736,256.0,0.011069090498989196,0.1532205446832862,0.7744657250606451,0.16921052631578948,0.25
snr,link.snr_db,25,,1006,snr_threshold,2.430052448947428,0.3037565561184285,0.2884082675490588,0.18703947368421053,256.0,0.00949239237870089,0.5568552634770922,1.6497326531130503,0.40578947368421053,0.5
snr,link.snr_db,25,,1006,full_feedback,2.9384772322538035,0.36730965403172544,0.012198610736562504,0.2949342105263158,1024.0,0.002869606672122855,0.0484304801707169,0.39188763612786676,0.056578947368421055,1.0
snr,link.snr_db,25,,1006,Proposed_no_confidence,2.3752110395125317,0.29690137993906646,0.40186167087340735,0.11763157894736842,256.0,0.009278168123095827,0.6116966729119886,1.800189495547121,0.060263157894736845,0.34460526315789475
snr,link.snr_db,25,,1006,Proposed_no_importance,2.5075854400573534,0.3134481800071692,0.37315463535861165,0.10677631578947368,256.0,0.009795255625224037,0.47932227236716674,1.5759704735368896,0.05947368421052632,0.3088815789473684
snr,link.snr_db,25,,1007,Exact,2.8575124882055714,0.3571890610256964,0.008554583639887463,0.2561842105263158,106.72842105263157,0.026773679025912232,0.04387234807200858,0.35147948140239493,0.05236842105263158,0.2561842105263158
snr,link.snr_db,25,,1007,Optimised,2.3835508840801003,0.29794386051001254,0.3772088180551398,0.12578947368421053,256.0,0.009310745640937892,0.5178339521974797,1.7809304853368186,0.06552631578947368,0.3181578947368421
snr,link.snr_db,25,,1007,Proposed,2.3592292261474457,0.2949036532684307,0.38999533669191777,0.12980263157894736,256.0,0.00921573916463846,0.5421556101301341,1.6538945233492786,0.06236842105263158,0.32651315789473684
snr,link.snr_db,25,,1007,Baseline,2.809972177589966,0.35124652219874575,0.10296207593242424,0.23151315789473684,256.0,0.010976453818710805,0.09141265868761472,0.6656603173795026,0.09736842105263158,0.5
snr,link.snr_db,25,,1007,prediction_only,1.0970421780259905,0.1371302722532488,0.7864355383917118,0.0,0.0,,1.8043426582515893,3.5302368485389364,0.5760526315789474,0.0
snr,link.snr_db,25,,1007,importance_only,2.736111709929966,0.34201396374124576,0.24088225839039906,0.10710526315789473,256.0,0.01068793636691393,0.16527312634761374,0.7874700458663239,0.1694736842105263,0.25
snr,link.snr_db,25,,1007,snr_threshold,2.2154976479589314,0.27693720599486643,0.3695224499064454,0.19427631578947369,256.0,0.008654287687339576,0.6858871883186487,2.0416145056584245,0.20710526315789474,0.5
snr,link.snr_db,25,,1007,full_feedback,2.8560069985594474,0.3570008748199309,0.013016601684381755,0.3098026315789474,1024.0,0.0027890693345307103,0.045377837718133,0.3638302044817086,0.05578947368421053,1.0
snr,link.snr_db,25,,1007,Proposed_no_confidence,2.1820641727872476,0.27275802159840595,0.4345725857504884,0.13664473684210526,256.0,0.008523688174950186,0.7193206634903324,2.103770849437229,0.061052631578947365,0.35486842105263156
snr,link.snr_db,25,,1007,Proposed_no_importance,2.378093460510144,0.297261682563768,0.36953662830522765,0.13078947368421054,256.0,0.00928942758011775,0.5232913757674359,1.6941528905524943,0.060263157894736845,0.32585526315789476
snr,link.snr_db,25,,1008,Exact,2.9284454897866197,0.36605568622332746,0.007834413931690199,0.2598684210526316,106.79578947368421,0.02742098264565219,0.060647295226523554,0.47623658719959416,0.0718421052631579,0.2598684210526316
snr,link.snr_db,25,,1008,Optimised,2.469934538973497,0.3087418173716871,0.36539847346459353,0.12144736842105264,256.0,0.009648181792865222,0.5191582460396463,1.6786613353086657,0.08315789473684211,0.3101315789473684
snr,link.snr_db,25,,1008,Proposed,2.5243782183549075,0.31554727729436344,0.3374708269541835,0.13631578947368422,256.0,0.009860852415448857,0.4647145666582354,1.5290834524999015,0.08710526315789474,0.33032894736842106
snr,link.snr_db,25,,1008,Baseline,2.867556084027753,0.35844451050346915,0.10195201999675609,0.22578947368421054,256.0,0.011201390953233411,0.12153670098538953,0.8218501332451791,0.13236842105263158,0.5
snr,link.snr_db,25,,1008,prediction_only,1.1472276690445884,0.14340345863057355,0.7507884389993759,0.0,0.0,,1.8418651159685546,3.47215122635993,0.7889473684210526,0.0
snr,link.snr_db,25,,1008,importance_only,2.779516794806906,0.34743959935086327,0.2541715203790428,0.10664473684210526,256.0,0.010857487479714477,0.209575990206237,0.940206616452362,0.2131578947368421,0.25
snr,link.snr_db,25,,1008,snr_threshold,2.1303588411423355,0.26629485514279194,0.391407438754218,0.1931578947368421,256.0,0.008321714223212248,0.8587339438708075,2.217248285920633,0.31973684210526315,0.5
snr,link.snr_db,25,,1008,full_feedback,2.9265173203611887,0.3658146650451486,0.012853118355717822,0.3101315789473684,1024.0,0.0028579270706652234,0.06257546465195404,0.48706058861407703,0.07421052631578948,1.0
snr,link.snr_db,25,,1008,Proposed_no_confidence,2.1706027300093966,0.2713253412511746,0.4586457568219447,0.12861842105263158,256.0,0.008478916914099206,0.8184900550037467,2.2514897286767033,0.07763157894736843,0.34269736842105264
snr,link.snr_db,25,,1008,Proposed_no_importance,2.3994659701170358,0.29993324626462947,0.3671379563498456,0.12296052631578948,256.0,0.009372913945769671,0.5896268148961071,1.9495975121402829,0.07973684210526316,0.31453947368421054
snr,link.snr_db,25,,1009,Exact,2.9295292617270228,0.36619115771587785,0.007886988110217208,0.25605263157894737,105.22947368421053,0.027839436606120673,0.05740813599819808,0.498752158758312,0.06184210526315789,0.25605263157894737
snr,link.snr_db,25,,1009,Optimised,2.4948730106770842,0.31185912633463553,0.3468145218878038,0.11664473684210526,256.0,0.00974559769795736,0.492064387048137,1.5337029316712494,0.06921052631578947,0.31953947368421054
snr,link.snr_db,25,,1009,Proposed,2.7032621787584157,0.33790777234480196,0.27804140114008297,0.1305921052631579,256.0,0.010559617885775061,0.28367521896680514,1.2948503660286208,0.06973684210526315,0.33710526315789474
snr,link.snr_db,25,,1009,Baseline,2.876045315823146,0.3595056644778932,0.09902569169012237,0.21888157894736843,256.0,0.011234552014934163,0.11089208190207502,0.809630417554019,0.10684210526315789,0.5
snr,link.snr_db,25,,1009,prediction_only,1.2683366834218723,0.15854208542773404,0.7154239369257064,0.0,0.0,,1.7186007143033486,3.319929037346088,0.22473684210526315,0.0
snr,link.snr_db,25,,1009,importance_only,2.8180868990785464,0.3522608623848183,0.23312006338220229,0.09875,256.0,0.011008151949525572,0.16885049864667454,0.8751247645280569,0.15710526315789475,0.25
snr,link.snr_db,25,,1009,snr_threshold,2.445150402625746,0.30564380032821825,0.29993561931365154,0.18901315789473686,256.0,0.00955136876025682,0.5417869950994745,1.7738385420371505,0.1718421052631579,0.5
snr,link.snr_db,25,,1009,full_feedback,2.9281076826824717,0.36601346033530896,0.01194787426707396,0.3025,1024.0,0.0028594801588696012,0.058829715042749475,0.5102890371367742,0.06394736842105263,1.0
snr,link.snr_db,25,,1009,Proposed_no_confidence,2.3710026582568666,0.29637533228210833,0.39826357227074277,0.12072368421052632,256.0,0.009261729133815885,0.615934739468354,1.8330496391755786,0.06973684210526315,0.3517105263157895
snr,link.snr_db,25,,1009,Proposed_no_importance,2.165649523176281,0.27070619039703514,0.42696721007190347,0.12309210526315789,256.0,0.008459568449907348,0.82128787454894,2.157918195650981,0.07263157894736842,0.32361842105263156
